"date","p_cases","p_cases_recent","p_cases_fatalities","p_cases_stillsick","p_cases_smooth","p_cases_smooth_low","p_cases_smooth_high","p_cases_fatalities_smooth","p_cases_fatalities_smooth_low","p_cases_fatalities_smooth_high","p_cases_recent_smooth","p_cases_recent_smooth_low","p_cases_recent_smooth_high","p_cases_stillsick_smooth","p_cases_stillsick_smooth_low","p_cases_stillsick_smooth_high"
"2020-03-19",0.0205116386264116,0,0,0,0.0703856796655344,0.0688273350872723,0.0719440242437965,2.22044604925031e-16,-4.05101522379456e-13,4.05545611589306e-13,0.978377834237944,-1.27806326047834,3.23481892895423,0.0114597049114124,-0.157848396079607,0.180767805902432
"2020-03-20",0.0257131378063479,0,0,0,0.0703856796765661,0.0688273351191121,0.07194402423402,2.22044604925031e-16,-4.03151200165993e-13,4.03595289375843e-13,0.90920145041295,-1.14589915329874,2.96430205412464,0.0111858671884929,-0.150838697209841,0.173210431586827
"2020-03-21",0.0243111831442464,0,0,0,0.0703856796875978,0.0688273351508173,0.0719440242243783,2.22044604925031e-16,-4.01201217021103e-13,4.01645306230953e-13,0.844916195466433,-1.02603544233138,2.71586783326425,0.0109185730108979,-0.144073918685029,0.165911064706824
"2020-03-22",0.0285423037716616,0,0,0,0.0703856796986295,0.0688273351823878,0.0719440242148713,2.22044604925031e-16,-3.99251577910155e-13,3.99695667120005e-13,0.7851762412359,-0.917393437880804,2.48774592035261,0.0106576660160016,-0.137546359808493,0.158861691840497
"2020-03-23",0.0285423037716616,0,0,0,0.0703856797096613,0.0688273352138236,0.0719440242054989,2.22044604925031e-16,-3.97302287895043e-13,3.97746377104893e-13,0.729660211402388,-0.818985496215928,2.2783059190207,0.0104029935775732,-0.13124854819348,0.152054535348627
"2020-03-24",0.0381156316916488,0,0,0,0.070385679720693,0.0688273352451247,0.0719440241962612,2.22044604925031e-16,-3.95353352136521e-13,3.95797441346371e-13,0.678069452618371,-0.729907537341586,2.08604644257833,0.0101544067164934,-0.125173233262004,0.145482046694991
"2020-03-25",0.0358727810650888,0,0,0,0.0703856797317247,0.0688273352762912,0.0719440241871582,2.22044604925031e-16,-3.93404775896603e-13,3.93848865106453e-13,0.630126427875924,-0.649332165678299,1.90958502143015,0.00991176001360367,-0.119313379925653,0.13913689995286
"2020-03-26",0.0345080763582966,0,0,0,0.0703856797427564,0.0688273353073229,0.0719440241781899,2.22044604925031e-16,-3.91456564541036e-13,3.91900653750886e-13,0.585573223472055,-0.576502345798319,1.74764879274243,0.0096749115246389,-0.113662162443585,0.133011985492863
"2020-03-27",0.037771129394166,0,0,0,0.0703856797537881,0.06882733533822,0.0719440241693562,2.22044604925031e-16,-3.89508723541842e-13,3.89952812751692e-13,0.544170161539346,-0.510725589118805,1.5990659121975,0.00944372269719218,-0.108212958453151,0.127100403847536
"2020-03-28",0.0425603217158177,0,0,0,0.0703856797648199,0.0688273353689825,0.0719440241606573,2.22044604925031e-16,-3.87561258479938e-13,3.88005347689788e-13,0.505694510677862,-0.451368610914274,1.46275763227,0.00921805828966393,-0.102959343168741,0.121395459748069
"2020-03-29",0.0421545667447307,0,0,0,0.0703856797758516,0.0688273353996102,0.071944024152093,2.22044604925031e-16,-3.85614175047826e-13,3.86058264257676e-13,0.469939287752055,-0.397852420202731,1.33773099570684,0.00899778629214787,-0.0978950837446199,0.115890656328916
"2020-03-30",0.0498533724340176,0,0,0,0.0703856797868833,0.0688273354301032,0.0719440241436634,2.22044604925031e-16,-3.83667479052375e-13,3.84111568262225e-13,0.436712144406865,-0.349647808004013,1.22307209681774,0.00878277784920756,-0.0930141337977088,0.110579689496124
"2020-03-31",0.0643870498363041,0,0,0,0.070385679797915,0.0688273354604616,0.0719440241353685,2.22044604925031e-16,-3.81721176417668e-13,3.82165265627518e-13,0.405834332312874,-0.306271202183704,1.11793986680945,0.00857290718449788,-0.0883106280864567,0.105456442455453
"2020-04-01",0.070223752151463,0,0,0,0.0703856798089467,0.0688273354906853,0.0719440241272082,2.22044604925031e-16,-3.79775273187952e-13,3.80219362397802e-13,0.377139741574008,-0.267280859599639,1.02156034274765,0.00836805152718809,-0.0837788773421618,0.100514980396538
"2020-04-02",0.0601709401709402,0,0,0,0.0703856798199785,0.0688273355207743,0.0719440241191827,2.22044604925031e-16,-3.77829775530663e-13,3.78273864740513e-13,0.350474007124797,-0.232273368576353,0.933221382825947,0.00816809104014307,-0.0794133632493259,0.095749545329612
"2020-04-03",0.0658499234303216,0,0,0,0.0703856798310102,0.0688273355507286,0.0719440241112918,2.22044604925031e-16,-3.75884689739547e-13,3.76328778949397e-13,0.325693678309975,-0.200880436861335,0.852267793481286,0.0079729087498203,-0.075208733571877,0.0911545510715176
"2020-04-04",0.0690625,0,0,0,0.0703856798420419,0.0688273355805483,0.0719440241035356,2.22044604925031e-16,-3.73940022237878e-13,3.74384111447728e-13,0.302665447179112,-0.17276594217925,0.778096836537473,0.00778239047784266,-0.0711597974223952,0.0867245783780805
"2020-04-05",0.0748756946475578,0,0,0,0.0703856798530736,0.0688273356102332,0.0719440240959141,2.22044604925031e-16,-3.71995779581768e-13,3.72439868791618e-13,0.281265431344806,-0.147623224309449,0.710154086999061,0.00759642477420567,-0.0672615206717917,0.0824543702202031
"2020-04-06",0.0725294650951949,0,0,0,0.0703856798641053,0.0688273356397835,0.0719440240884272,2.22044604925031e-16,-3.70051968463581e-13,3.70496057673431e-13,0.261378507546531,-0.125172599279872,0.647929614372934,0.00741490285208128,-0.063509021497303,0.0783388272014655
"2020-04-07",0.06550362080316,0,0,0,0.0703856798751371,0.0688273356691991,0.071944024081075,2.22044604925031e-16,-3.68108595715451e-13,3.68552684925301e-13,0.242897692334965,-0.105159077807811,0.590954462477741,0.00723771852417933,-0.0598975660671217,0.0743730031154803
"2020-04-08",0.0574823378291586,0,0,0,0.0703856798861688,0.06882733569848,0.0719440240738576,2.22044604925031e-16,-3.66165668312912e-13,3.66609757522762e-13,0.225723566545151,-0.0873502715351871,0.538797404625489,0.00706476814062972,-0.0564225643605668,0.0705521006418263
"2020-04-09",0.0497597803706246,0,0,0,0.0703856798972005,0.0688273357276263,0.0719440240667748,2.22044604925031e-16,-3.64223193378632e-13,3.64667282588482e-13,0.209763740462381,-0.0715344719122603,0.491061952837023,0.00689595052834917,-0.0530795661234191,0.0668714671801175
"2020-04-10",0.0503448275862069,0,0,0,0.0703856799082322,0.0688273357566378,0.0719440240598266,2.22044604925031e-16,-3.62281178186268e-13,3.62725267396118e-13,0.194932356803639,-0.0575188877876938,0.447383601394973,0.00673116693185636,-0.0498642569589454,0.0633265908226582
"2020-04-11",0.0589980224126566,0,0,0,0.070385679919264,0.0688273357855148,0.0719440240530132,2.22044604925031e-16,-3.60339630164447e-13,3.60783719374297e-13,0.181149628840814,-0.0451280288727549,0.407427286554384,0.00657032095550184,-0.0467724545563213,0.059913096467325
"2020-04-12",0.0731859233883525,0,0,0,0.0703856799302957,0.068827335814257,0.0719440240463344,2.22044604925031e-16,-3.58398556900858e-13,3.58842646110708e-13,0.16834141118101,-0.0342022232704325,0.370885045632453,0.00641331850707812,-0.0438001050596688,0.056626742073825
"2020-04-13",0.0664389941012108,0,0,0,0.0703856799413274,0.0688273358428645,0.0719440240397903,2.22044604925031e-16,-3.56457966146487e-13,3.56902055356337e-13,0.156438800894904,-0.0245962582033765,0.337473859993184,0.00626006774277728,-0.0409432795829537,0.0534634150685083
"2020-04-14",0.0727981800454989,0,0,0,0.0703856799523592,0.0688273358713373,0.071944024033381,2.22044604925031e-16,-3.54517865819977e-13,3.54961955029827e-13,0.145377766847401,-0.0161781339442106,0.306933667639013,0.00611047901346393,-0.0381981708786883,0.0504191289056161
"2020-04-15",0.0579470198675497,0,0,0,0.0703856799633909,0.0688273358996755,0.0719440240271063,2.22044604925031e-16,-3.52578264012131e-13,3.53022353221982e-13,0.135098805236533,-0.00882792175396049,0.279025532227026,0.00596446481223192,-0.0355610901720621,0.047490019796526
"2020-04-16",0.0719063545150502,0,0,0,0.0703856799744226,0.068827335927879,0.0719440240209662,2.22044604925031e-16,-3.50639168990559e-13,3.51083258200409e-13,0.125546619487537,-0.00243671737478601,0.253529956349861,0.00582193972321424,-0.0330284641772031,0.0446723436236316
"2020-04-17",0.0773462783171521,0,0,0,0.0703856799854543,0.0688273359559478,0.0719440240149608,2.22044604925031e-16,-3.48700589204468e-13,3.49144678414318e-13,0.116669822780092,0.00309431769258925,0.230245327867596,0.00568282037161628,-0.0305968323193636,0.0419624730625962
"2020-04-18",0.0782467532467532,0,0,0,0.0703856799964861,0.0688273359838819,0.0719440240090902,2.22044604925031e-16,-3.46762533289618e-13,3.47206622499468e-13,0.108420661608411,0.00785483426297885,0.208986488953843,0.00554702537494282,-0.0282628441969019,0.0393568949467875
"2020-04-19",0.0896,0,0,0,0.0703856800075177,0.0688273360116813,0.0719440240033542,2.22044604925031e-16,-3.44825010073429e-13,3.45269099283279e-13,0.100754758887071,0.0119260994404277,0.189583418333714,0.00541447529539073,-0.0260232573314603,0.0368522079222417
"2020-04-20",0.0925190839694656,0,0,0,0.0703856800185495,0.0688273360393461,0.0719440239977528,2.22044604925031e-16,-3.42888028580259e-13,3.43332117790109e-13,0.0936308752205981,0.0153817324905068,0.171880017950689,0.00528509259337916,-0.0238749352760221,0.0344451204627805
"2020-04-21",0.0880484114977307,0,0,0,0.0703856800295812,0.0688273360668762,0.0719440239922862,2.22044604925031e-16,-3.40951598036854e-13,3.41395687246704e-13,0.0870106870525215,0.0182883780930034,0.15573299601204,0.00515880158219014,-0.0218148461822986,0.0321324493466789
"2020-04-22",0.0880575539568345,0,0,0,0.0703856800406129,0.0688273360942716,0.0719440239869543,2.22044604925031e-16,-3.39015727877977e-13,3.39459817087827e-13,0.080858580500445,0.0207063219619595,0.141010839038931,0.00503552838369323,-0.0198400619771855,0.029911118744572
"2020-04-23",0.0862914862914863,0,0,0,0.0703856800516446,0.0688273361215323,0.071944023981757,2.22044604925031e-16,-3.37080427752222e-13,3.37524516962072e-13,0.0751414597680442,0.0226900533338796,0.127592866202209,0.0049152008851279,-0.0179477583730191,0.0277781601432749
"2020-04-24",0.0905866302864939,0,0,0,0.0703856800626764,0.0688273361486583,0.0719440239766944,2.22044604925031e-16,-3.35145707528028e-13,3.35589796737878e-13,0.0698285691033314,0.0242887783259073,0.115368359880756,0.00479774869691884,-0.0161352160554956,0.0257307134493332
"2020-04-25",0.0879150066401062,0,0,0,0.0703856800737081,0.0688273361756497,0.0719440239717665,2.22044604925031e-16,-3.33211577299882e-13,3.33655666509732e-13,0.0648913273453917,0.0255468876169971,0.104235767073786,0.00468310311149927,-0.0143998235872406,0.0237660298102392
"2020-04-26",0.096248382923674,0,0,0,0.0703856800847398,0.0688273362025064,0.0719440239669732,2.22044604925031e-16,-3.31278047394743e-13,3.31722136604593e-13,0.0603031741695233,0.0265043812393823,0.0941019670996644,0.00457119706311809,-0.012739082890401,0.0218814770166371
"2020-04-27",0.0914431673052363,0,0,0,0.0703856800957715,0.0688273362292284,0.0719440239623147,2.22044604925031e-16,-3.29345128378674e-13,3.29789217588524e-13,0.0560394272036431,0.027197252355221,0.0848816020520652,0.00446196508860765,-0.011150618734539,0.0200745489117543
"2020-04-28",0.0900388098318241,0,0,0,0.0703856801068033,0.0688273362558157,0.0719440239577908,2.22044604925031e-16,-3.27412831063703e-13,3.27856920273553e-13,0.0520771492473037,0.0276578304695283,0.076496468025079,0.00435534328908871,-0.00963219466538283,0.0183428812435603
"2020-04-29",0.0860025220680958,0,0,0,0.070385680117835,0.0688273362822684,0.0719440239534016,2.22044604925031e-16,-3.25481166514915e-13,3.25925255724765e-13,0.048395024879013,0.0279150820235347,0.0688749677344913,0.00425126929259085,-0.00818173969467933,0.016684278279861
"2020-04-30",0.0840543881334982,0,0,0,0.0703856801288667,0.0688273363085863,0.0719440239491471,2.22044604925031e-16,-3.23550146057794e-13,3.23994235267644e-13,0.0449732457880564,0.0279948614064341,0.0619516301696788,0.00414968221756578,-0.00679739375926255,0.0150967581943941
"2020-05-01",0.0836320191158901,0,0,0,0.0703856801398984,0.0688273363347696,0.0719440239450272,2.22044604925031e-16,-3.21619781285806e-13,3.22063870495656e-13,0.0417934042139537,0.0279200948612029,0.0556667135667045,0.00405052263727273,-0.0054775875757593,0.0135786328503048
"2020-05-02",0.0819830713422007,0,0,0,0.0703856801509302,0.0688273363608182,0.0719440239410421,2.22044604925031e-16,-3.19690084068255e-13,3.20134173278105e-13,0.038838393920298,0.0277108547596916,0.0499659330809044,0.00395373254501474,-0.00422118928851598,0.0121286543785455
"2020-05-03",0.0769411764705882,0,0,0,0.0703856801619619,0.0688273363867321,0.0719440239371916,2.22044604925031e-16,-3.1776106655841e-13,3.1820515576826e-13,0.0360923181702587,0.0273842160118196,0.0448004203286977,0.0038592553202058,-0.00302779012225733,0.0107463007626689
"2020-05-04",0.0754022988505747,0,0,0,0.0703856801729936,0.0688273364125113,0.0719440239334758,2.22044604925031e-16,-3.1583274120191e-13,3.1627683041176e-13,0.0335404042086915,0.0269535905823457,0.0401272178350374,0.00376703569524864,-0.00189830471789416,0.00943237610839143
"2020-05-05",0.0754022988505747,0,0,0,0.0703856801840253,0.0688273364381559,0.0719440239298947,2.22044604925031e-16,-3.13905120745475e-13,3.14349209955326e-13,0.0311689237908086,0.0264265525633302,0.035911295018287,0.00367701972320418,-0.000836361717522892,0.00819040116393125
"2020-05-06",0.0754022988505747,0,0,0,0.070385680195057,0.0688273364636658,0.0719440239264483,2.22044604925031e-16,-3.11978218245915e-13,3.12422307455765e-13,0.0289651193298824,0.0257972365621552,0.0321330020976095,0.00358915474623346,0.000148050458076928,0.00703025903439
"2020-05-07",0.0809411764705882,0.025,0,0.004,0.0703856802060888,0.068827336489041,0.0719440239231366,2.22044604925031e-16,-3.10052047079463e-13,3.10496136289313e-13,0.0269105988622437,0.0250003308957607,0.0288208668287266,0.00350661724846198,0.00102311785849721,0.00599011663842676
"2020-05-08",0.0809411764705882,0.025,0,0.004,0.0703856802171205,0.0688273365142815,0.0719440239199595,2.22044604925031e-16,-3.08126620951444e-13,3.08570710161294e-13,0.0248842776465348,0.0236814103331828,0.0260871449598869,0.00349074159335669,0.00167645858262664,0.00530502460408673
"2020-05-09",0.0809411764705882,0.025,0,0.004,0.0703856802281522,0.0688273365393873,0.0719440239169171,2.22044604925031e-16,-3.06201953906283e-13,3.06646043116133e-13,0.0228948062727448,0.0218890478563952,0.0239005646890945,0.00355553104075325,0.00212022801160505,0.00499083406990145
"2020-05-10",0.0809411764705882,0.025,0,0.004,0.0703856802391839,0.0688273365643585,0.0719440239140094,2.22044604925031e-16,-3.04278060337886e-13,3.04722149547736e-13,0.0209957641545362,0.0199884625341283,0.0220030657749441,0.0036925649170172,0.00241345430281672,0.00497167553121767
"2020-05-11",0.0847337278106509,0.018018018018018,0,0.00305343511450382,0.0703856802502156,0.0688273365891949,0.0719440239112363,2.22044604925031e-16,-3.02354955000384e-13,3.02799044210234e-13,0.0192256793740701,0.0182288363624762,0.0202225223856641,0.00389644139072983,0.00263873920653793,0.00515414357492172
"2020-05-12",0.0859504132231405,0.016260162601626,0,0.0027972027972028,0.0703856802612474,0.0688273366138968,0.071944023908598,2.22044604925031e-16,-3.00432653019281e-13,3.00876742229131e-13,0.0176100066904864,0.0166730097442392,0.0185470036367335,0.00416297645510932,0.00287737571764686,0.00544857719257178
"2020-05-13",0.0859504132231405,0.016260162601626,0,0.0027972027972028,0.0703856802722791,0.0688273366384639,0.0719440239060943,2.22044604925031e-16,-2.98511169902997e-13,2.98955259112847e-13,0.0161635846370711,0.0153128857722753,0.0170142835018669,0.00448760901827147,0.00317970368290676,0.00579551435363617
"2020-05-14",0.0849640822392866,0.0130378096479791,0,0.00230680507497117,0.0703856802833108,0.0688273366628963,0.0719440239037253,2.22044604925031e-16,-2.96590521554852e-13,2.97034610764703e-13,0.0148932231391211,0.0141225809929739,0.0156638652852682,0.0048638567302615,0.00356354520747626,0.00616416825304674
"2020-05-15",0.0835272821308508,0.0116686114352392,0,0.00731452455590387,0.0703856802943425,0.0688273366871941,0.071944023901491,2.22044604925031e-16,-2.94670724285482e-13,2.95114813495332e-13,0.0138001905878848,0.0130787247242487,0.0145216564515208,0.00528178468863398,0.00401953683222341,0.00654403254504455
"2020-05-16",0.0835272821308508,0.0116686114352392,0,0.00731452455590387,0.0703856803053743,0.0688273367113571,0.0719440238993914,2.22044604925031e-16,-2.92751794825718e-13,2.93195884035568e-13,0.0128824766595213,0.0121723668673163,0.0135925864517262,0.00572656538261097,0.00451290793303209,0.00694022283218984
"2020-05-17",0.0835272821308508,0.0116686114352392,0,0.00731452455590387,0.070385680316406,0.0688273367353855,0.0719440238974264,2.22044604925031e-16,-2.90833750339955e-13,2.91277839549805e-13,0.0121367960904363,0.011411350716259,0.0128622414646137,0.00617733022433638,0.00498901135430155,0.00736564909437122
"2020-05-18",0.0835272821308508,0.0116686114352392,0,0.00731452455590387,0.0703856803274377,0.0688273367592792,0.0719440238955962,2.22044604925031e-16,-2.88916608440015e-13,2.89360697649865e-13,0.0115603684700261,0.0108121161240768,0.0123086208159754,0.00660662916903143,0.00539551455522431,0.00781774378283856
"2020-05-19",0.0835272821308508,0.0116686114352392,0,0.00731452455590387,0.0703856803384694,0.0688273367830382,0.0719440238939006,2.22044604925031e-16,-2.87000387199541e-13,2.87444476409391e-13,0.0111522148964288,0.0103913630654355,0.0119130667274221,0.00698119433999846,0.0057137895904011,0.00824859908959581
"2020-05-20",0.0817925415230335,0.0116144018583043,0,0.0072840790842872,0.0703856803495011,0.0688273368066626,0.0719440238923397,2.22044604925031e-16,-2.85085105168933e-13,2.85529194378783e-13,0.0108995636118798,0.010144392074165,0.0116547351495947,0.00727785549577499,0.00596400542351404,0.00859170556803593
"2020-05-21",0.0817925415230335,0.0116144018583043,0,0.0072840790842872,0.0703856803605329,0.0688273368301523,0.0719440238909135,2.22044604925031e-16,-2.83170781390858e-13,2.83614870600708e-13,0.0107742201538276,0.0100399596956212,0.011508480612034,0.00749453994193566,0.00616973411302543,0.00881934577084589
"2020-05-22",0.0817925415230335,0.0116144018583043,0,0.0072840790842872,0.0703856803715646,0.0688273368535073,0.0719440238896219,2.22044604925031e-16,-2.81257435416359e-13,2.8170152462621e-13,0.0107522017147751,0.0100482722806584,0.0114561311488918,0.00763460358769458,0.00633906441442782,0.00893014276096133
"2020-05-23",0.0817925415230335,0.0116144018583043,0,0.0072840790842872,0.0703856803825963,0.0688273368767276,0.071944023888465,2.22044604925031e-16,-2.7934508732158e-13,2.7978917653143e-13,0.0108130908698854,0.010141654727797,0.0114845270119739,0.0077047771596391,0.00646861350434679,0.00894094081493142
"2020-05-24",0.0817925415230335,0.0116144018583043,0,0.0072840790842872,0.070385680393628,0.0688273368998132,0.0719440238874429,2.22044604925031e-16,-2.77433757725142e-13,2.77877846934992e-13,0.0109382856907005,0.0102931014390002,0.0115834699424008,0.00771432378395167,0.00654812167741913,0.00888052589048421
"2020-05-25",0.0817925415230335,0.0116144018583043,0,0.0072840790842872,0.0703856804046598,0.0688273369227642,0.0719440238865554,2.22044604925031e-16,-2.75523467806206e-13,2.75967557016056e-13,0.0111096838605045,0.0104761811307935,0.0117431865902154,0.0076741793973042,0.00656557678635626,0.00878278200825214
"2020-05-26",0.0817925415230335,0.0116144018583043,0,0.0072840790842872,0.0703856804156915,0.0688273369455804,0.0719440238858026,2.22044604925031e-16,-2.73614239323234e-13,2.74058328533084e-13,0.0113087144161602,0.0106668564469188,0.0119505723854015,0.00759616603578221,0.00651445835106202,0.0086778737205024
"2020-05-27",0.0817925415230335,0.0116144018583043,0,0.0072840790842872,0.0703856804267232,0.068827336968262,0.0719440238851844,2.22044604925031e-16,-2.71706094633501e-13,2.72150183843351e-13,0.0115156893061552,0.0108459316157469,0.0121854469965634,0.00749234006575054,0.00640133944368127,0.00858334068781981
"2020-05-28",0.0817925415230335,0.0116144018583043,0,0.0072840790842872,0.0703856804377549,0.0688273369908089,0.0719440238847009,2.22044604925031e-16,-2.69799056713369e-13,2.70243145923219e-13,0.0117094872033706,0.0109994899015043,0.012419484505237,0.00737450980576602,0.00624762117698145,0.00850139843455058
"2020-05-29",0.0817925415230335,0.0116144018583043,0,0.0072840790842872,0.0703856804487867,0.0688273370132212,0.0719440238843522,2.22044604925031e-16,-2.67893149179385e-13,2.68337238389235e-13,0.0118676059374921,0.0111167308205059,0.0126184810544784,0.00725393385843403,0.00608318282539589,0.00842468489147216
"2020-05-30",0.0817925415230335,0.0116144018583043,0,0.0072840790842872,0.0703856804598184,0.0688273370354987,0.0719440238841381,2.22044604925031e-16,-2.65988396310218e-13,2.66432485520068e-13,0.01196662634135,0.0111872282698318,0.0127460244128682,0.00714119506740166,0.00593822002846986,0.00834417010633345
"2020-05-31",0.0817925415230335,0.0116144018583043,0,0.0072840790842872,0.0703856804708501,0.0688273370576415,0.0719440238840587,2.22044604925031e-16,-2.64084823069477e-13,2.64528912279327e-13,0.0119837803989916,0.0111994639884727,0.0127680968095104,0.0070459985924427,0.00583808307222098,0.00825391411266443
"2020-06-01",0.0817925415230335,0.0116144018583043,0,0.0072840790842872,0.0703856804818818,0.0688273370796497,0.0719440238841139,2.22044604925031e-16,-2.62182455129465e-13,2.62626544339315e-13,0.011913798988965,0.0111496964789922,0.0126779014989377,0.00697182908563148,0.00578966794906504,0.00815399022219791
"2020-06-02",0.0817925415230335,0.0116144018583043,0,0.0072840790842872,0.0703856804929135,0.0688273371015232,0.0719440238843038,2.22044604925031e-16,-2.60281318895894e-13,2.60725408105744e-13,0.0117699346811351,0.011042269895624,0.0124975994666461,0.00691622640468612,0.00578174412187029,0.00805070868750194
"2020-06-03",0.0817925415230335,0.0116144018583043,0,0.0072840790842872,0.0703856805039453,0.0688273371232621,0.0719440238846285,2.22044604925031e-16,-2.58381441533616e-13,2.58825530743466e-13,0.0115671563283783,0.0108804211738265,0.01225389148293,0.00687667456985777,0.0057994213875787,0.00795392775213685
"2020-06-04",0.0817925415230335,0.0116144018583043,0,0.0072840790842872,0.070385680514977,0.0688273371448662,0.0719440238850878,2.22044604925031e-16,-2.56482850993418e-13,2.56926940203268e-13,0.0113205971363202,0.0106674233864647,0.0119737708861757,0.00685082786083219,0.00582623841593918,0.00787541730572521
"2020-06-05",0.0844386929796182,0.0104058272632674,0,0.00659754948162111,0.0703856805260087,0.0688273371663356,0.0719440238856817,2.22044604925031e-16,-2.54585576039921e-13,2.55029665249771e-13,0.0110449474562287,0.0104090374049441,0.0116808575075132,0.0068364628983449,0.00584624778887424,0.00782667800781556
"2020-06-06",0.0844386929796182,0.0104058272632674,0,0.00659754948162111,0.0703856805370404,0.0688273371876704,0.0719440238864104,2.22044604925031e-16,-2.52689646280653e-13,2.53133735490503e-13,0.0107540232479055,0.010116051715436,0.0113919947803751,0.00683143910387025,0.00584759978647658,0.00781527842126392
"2020-06-07",0.0844386929796182,0.0104058272632674,0,0.00659754948162111,0.0703856805480722,0.0688273372088706,0.0719440238872738,2.22044604925031e-16,-2.50795092196328e-13,2.51239181406178e-13,0.0104605060763459,0.00980470962341522,0.0111163025292766,0.00683366659976821,0.00582636935325361,0.00784096384628282
"2020-06-08",0.0844386929796182,0.0104058272632674,0,0.00659754948162111,0.0703856805591039,0.068827337229936,0.0719440238882718,2.22044604925031e-16,-2.48901945172411e-13,2.49346034382261e-13,0.0101758392913785,0.00949419829444654,0.0108574802883104,0.00684108093088616,0.00578755391337084,0.00789460794840149
"2020-06-09",0.0792502466293982,0.00942507068803016,0,0.00689061154177433,0.0703856805701356,0.0688273372508667,0.0719440238894045,2.22044604925031e-16,-2.47010237532017e-13,2.47454326741867e-13,0.00991025914845835,0.0092033368725135,0.0106171814244032,0.00685162423798333,0.00574224873446878,0.00796099974149788
"2020-06-10",0.0792502466293982,0.00942507068803016,0,0.00689061154177433,0.0703856805811673,0.0688273372716628,0.0719440238906719,2.22044604925031e-16,-2.45120002570207e-13,2.45564091780057e-13,0.00967293838436541,0.00894861330573097,0.0103972634629998,0.00686323270218522,0.00570356556863391,0.00802289983573653
"2020-06-11",0.0792502466293982,0.00942507068803016,0,0.00689061154177433,0.070385680592199,0.0688273372923241,0.0719440238920739,2.22044604925031e-16,-2.43231274589765e-13,2.43675363799615e-13,0.00947222226024647,0.00874371700093303,0.0102007275195599,0.00687383021294372,0.00568367539467084,0.0080639850312166
"2020-06-12",0.0792502466293982,0.00942507068803016,0,0.00689061154177433,0.0703856806032308,0.0688273373128509,0.0719440238936107,2.22044604925031e-16,-2.41344088938503e-13,2.41788178148353e-13,0.0093153808430044,0.00859891440288468,0.0100318472831241,0.00688138675759654,0.00569155671868901,0.00807121679650407
"2020-06-13",0.0792502466293982,0.00942507068803016,0,0.00689061154177433,0.0703856806142625,0.0688273373332429,0.0719440238952821,2.22044604925031e-16,-2.39458482048187e-13,2.39902571258037e-13,0.00920124076504431,0.00851027163475187,0.00989220989533674,0.00688474526325931,0.00572523845389037,0.00804425207262825
"2020-06-14",0.0792502466293982,0.00942507068803016,0,0.00689061154177433,0.0703856806252942,0.0688273373535002,0.0719440238970882,2.22044604925031e-16,-2.37574491475161e-13,2.38018580685011e-13,0.00912278062836542,0.00846377616173456,0.00978178509499629,0.00688343136720973,0.00577332029106683,0.00799354244335264
"2020-06-15",0.0792502466293982,0.00942507068803016,0,0.00689061154177433,0.0703856806363259,0.0688273373736229,0.071944023899029,2.22044604925031e-16,-2.35692155942742e-13,2.36136245152592e-13,0.0090734671957126,0.00844504912791053,0.00970188526351466,0.0068769975211921,0.00582136658833278,0.00793262845405141
"2020-06-16",0.0792502466293982,0.00942507068803016,0,0.00689061154177433,0.0703856806473577,0.0688273373936109,0.0719440239011045,2.22044604925031e-16,-2.33811515385484e-13,2.34255604595334e-13,0.0090472099343998,0.0084401861423919,0.00965423372640771,0.00686500864164283,0.00585384304310439,0.00787617424018127
"2020-06-17",0.0792502466293982,0.00942507068803016,0,0.00689061154177433,0.0703856806583894,0.0688273374134642,0.0719440239033146,2.22044604925031e-16,-2.31932610995402e-13,2.32376700205252e-13,0.00903819200670804,0.00843723918149607,0.00963914483192001,0.00684704554151799,0.00585731836961853,0.00783677271341745
"2020-06-18",0.0792502466293982,0.00942507068803016,0,0.00689061154177433,0.0703856806694211,0.0688273374331828,0.0719440239056594,2.22044604925031e-16,-2.30055485270248e-13,2.30499574480098e-13,0.00904074265377251,0.00842821692314273,0.00965326838440228,0.00682270857189229,0.00582486055172667,0.00782055659205791
"2020-06-19",0.0792502466293982,0.00942507068803016,0,0.00689061154177433,0.0703856806804528,0.0688273374527667,0.0719440239081389,2.22044604925031e-16,-2.28180182063946e-13,2.28624271273796e-13,0.00904924710869329,0.00841010249729027,0.0096883917200963,0.00679162143717376,0.00575889437206218,0.00782434850228534
"2020-06-20",0.0792502466293982,0.00942507068803016,0,0.00689061154177433,0.0703856806914846,0.068827337472216,0.0719440239107532,2.22044604925031e-16,-2.26306746639297e-13,2.26750835849147e-13,0.00905809211302895,0.00838386081915004,0.00973232340690786,0.00675343514169491,0.0056698489863227,0.00783702129706712
"2020-06-21",0.0802448146888813,0.00861326442721792,0,0.0063441712926249,0.0703856807025163,0.0688273374915305,0.071944023913502,2.22044604925031e-16,-2.24435225723058e-13,2.24879314932908e-13,0.00906164637918539,0.00835230645845796,0.00977098629991283,0.00670783201940077,0.00557189117262707,0.00784377286617447
"2020-06-22",0.0802448146888813,0.00861326442721792,0,0.0063441712926249,0.070385680713548,0.0688273375107104,0.0719440239163856,2.22044604925031e-16,-2.22565667563532e-13,2.23009756773382e-13,0.00905427598641276,0.00831826800230946,0.00979028397051605,0.00665452979251895,0.00547904083706324,0.00783001874797467
"2020-06-23",0.0802448146888813,0.00861326442721792,0,0.0063441712926249,0.0703856807245797,0.0688273375297556,0.0719440239194038,2.22044604925031e-16,-2.20698121990777e-13,2.21142211200627e-13,0.00903039473409072,0.00828345815679799,0.00977733131138346,0.00659328559963416,0.00540294025931308,0.00778363093995523
"2020-06-24",0.0802448146888813,0.00861326442721792,0,0.0063441712926249,0.0703856807356114,0.0688273375486662,0.0719440239225567,2.22044604925031e-16,-2.18832640479582e-13,2.19276729689432e-13,0.00898511475438039,0.00824766798484843,0.00972256152391234,0.00652407434958663,0.00535088435988447,0.00769726433928879
"2020-06-25",0.0802448146888813,0.00861326442721792,0,0.0063441712926249,0.0703856807466432,0.068827337567442,0.0719440239258443,2.22044604925031e-16,-2.16969276215348e-13,2.17413365425198e-13,0.0089193490433228,0.00820845425463389,0.00963024383201171,0.00644861937793991,0.00531929003457092,0.0075779487213089
"2020-06-26",0.0802448146888813,0.00861326442721792,0,0.0063441712926249,0.0703856807576749,0.0688273375860832,0.0719440239292666,2.22044604925031e-16,-2.1510808416302e-13,2.1555217337287e-13,0.00883729161851847,0.00816147900759035,0.00951310422944658,0.00636956231650166,0.00529758030576546,0.00744154432723786
"2020-06-27",0.0802448146888813,0.00861326442721792,0,0.0063441712926249,0.0703856807687066,0.0688273376045897,0.0719440239328235,2.22044604925031e-16,-2.13249121139227e-13,2.13693210349077e-13,0.00874313909972106,0.00810136766195644,0.00938491053748569,0.00628944598438944,0.00527356911725265,0.00730532285152624
"2020-06-28",0.0802448146888813,0.00861326442721792,0,0.0063441712926249,0.0703856807797383,0.0688273376229615,0.0719440239365151,2.22044604925031e-16,-2.11392445887804e-13,2.11836535097654e-13,0.00864098883139741,0.0080231979221256,0.00925877974066923,0.00621069347506249,0.0052356671662493,0.00718571978387568
"2020-06-29",0.0802448146888813,0.00861326442721792,0,0.0063441712926249,0.0703856807907701,0.0688273376411986,0.0719440239403415,2.22044604925031e-16,-2.0953811915886e-13,2.0998220836871e-13,0.0085347938121632,0.00792470795365411,0.00914487967067229,0.00613560865703522,0.00517609853892549,0.00709511877514495
"2020-06-30",0.0802448146888813,0.00861326442721792,0,0.0063441712926249,0.0703856808018018,0.0688273376593011,0.0719440239443025,2.22044604925031e-16,-2.07686203791585e-13,2.08130293001435e-13,0.00842833593043106,0.00780837234199387,0.00904829951886825,0.00606638555923968,0.0050941701391865,0.00703860097929286
"2020-07-01",0.0802448146888813,0.00861326442721792,0,0.0063441712926249,0.0703856808128335,0.0688273376772689,0.0719440239483982,2.22044604925031e-16,-2.05836764800988e-13,2.06280854010838e-13,0.00832521644782907,0.0076816537877316,0.00896877910792653,0.00600512590715771,0.00499709412252301,0.00701315769179241
"2020-07-02",0.0802448146888813,0.00861326442721792,0,0.0063441712926249,0.0703856808238652,0.068827337695102,0.0719440239526285,2.22044604925031e-16,-2.0398986946877e-13,2.0443395867862e-13,0.00822886244706674,0.00755509809891558,0.00890262679521789,0.00595386421530759,0.00489747411967006,0.00701025431094513
"2020-07-03",0.0802448146888813,0.00861326442721792,0,0.0063441712926249,0.0703856808348969,0.0688273377128003,0.0719440239569935,2.22044604925031e-16,-2.02145587438554e-13,2.02589676648404e-13,0.00814254793999777,0.00743990555690817,0.00884519032308737,0.00591460005999122,0.00480965277218001,0.00701954734780244
"2020-07-04",0.0816048962937776,0.00793021411578113,0,0.00587803085966201,0.0703856808459287,0.0688273377303641,0.0719440239614933,2.22044604925031e-16,-2.00303990815691e-13,2.00748080025541e-13,0.0080694284930131,0.00734637825847514,0.00879247872755106,0.00588933744768014,0.00474720367175126,0.00703147122360901
"2020-07-05",0.0816048962937776,0.00793021411578113,0,0.00587803085966201,0.0703856808569604,0.0688273377477931,0.0719440239661276,2.22044604925031e-16,-1.98465154271897e-13,1.98909243481747e-13,0.00801258855053785,0.00728327817552096,0.00874189892555475,0.00588013155846808,0.00472183403930213,0.00703842907763404
"2020-07-06",0.0816048962937776,0.00793021411578113,0,0.00587803085966201,0.0703856808679921,0.0688273377650875,0.0719440239708968,2.22044604925031e-16,-1.96629155154965e-13,1.97073244364815e-13,0.00797451619268049,0.00725622225864532,0.00869281012671566,0.00588856847642089,0.00474117277028486,0.00703596418255692
"2020-07-07",0.0816048962937776,0.00793021411578113,0,0.00587803085966201,0.0703856808790238,0.0688273377822472,0.0719440239758005,2.22044604925031e-16,-1.94796073603822e-13,1.95240162813672e-13,0.00795377218093378,0.00726016732798118,0.00864737703388639,0.00591244092935445,0.00479871916765618,0.00702616269105272
"2020-07-08",0.0816048962937776,0.00793021411578113,0,0.00587803085966201,0.0703856808900555,0.0688273377992722,0.0719440239808389,2.22044604925031e-16,-1.92965992669219e-13,1.93410081879069e-13,0.00794737780226416,0.00728498013855822,0.00860977546597009,0.00594797457978287,0.00488056351911312,0.00701538564045263
"2020-07-09",0.0816048962937776,0.00793021411578113,0,0.00587803085966201,0.0703856809010873,0.0688273378161625,0.0719440239860121,2.22044604925031e-16,-1.91138998440345e-13,1.91583087650195e-13,0.0079524468886315,0.00731961804983563,0.00858527572742737,0.0059913817297986,0.00497058948528817,0.00701217397430904
"2020-07-10",0.0816048962937776,0.00793021411578113,0,0.00587803085966201,0.070385680912119,0.0688273378329181,0.0719440239913198,2.22044604925031e-16,-1.89315180177686e-13,1.89759269387536e-13,0.00796614487807612,0.00735313843824043,0.00857915131791181,0.00603880310457728,0.00505173241395383,0.00702587379520073
"2020-07-11",0.0816048962937776,0.00793021411578113,0,0.00587803085966201,0.0703856809231507,0.0688273378495391,0.0719440239967623,2.22044604925031e-16,-1.87494630452452e-13,1.87938719662302e-13,0.00798565285333915,0.00737661161142947,0.00859469409524882,0.00608626887648126,0.00510889959624314,0.00706363815671939
"2020-07-12",0.0816048962937776,0.00793021411578113,0,0.00587803085966201,0.0703856809341824,0.0688273378660254,0.0719440240023395,2.22044604925031e-16,-1.85677445292929e-13,1.86121534502779e-13,0.00800814180190767,0.00738536456486937,0.00863091903894596,0.00612968531505821,0.00513311983573962,0.00712625079437679
"2020-07-13",0.0816048962937776,0.00793021411578113,0,0.00587803085966201,0.0703856809452142,0.068827337882377,0.0719440240080513,2.22044604925031e-16,-1.83863724338115e-13,1.84307813547965e-13,0.00803075694658425,0.00737987124593556,0.00868164264723295,0.00616484835485344,0.00512414732672754,0.00720554938297934
"2020-07-14",0.0816048962937776,0.00793021411578113,0,0.00587803085966201,0.0703856809562459,0.0688273378985939,0.0719440240138978,2.22044604925031e-16,-1.8205357099903e-13,1.8249766020888e-13,0.0080506122028423,0.00736444717478406,0.00873677723090054,0.00618748536742662,0.00508916898823246,0.00728580174662077
"2020-07-15",0.0816048962937776,0.00793021411578113,0,0.00587803085966201,0.0703856809672776,0.0688273379146762,0.0719440240198791,2.22044604925031e-16,-1.80247092628103e-13,1.80691181837953e-13,0.00806479492521209,0.00734494090191542,0.00878464894850875,0.00619332589917682,0.00503895519169927,0.00734769660665438
"2020-07-16",0.0816048962937776,0.00793021411578113,0,0.00587803085966201,0.0703856809783093,0.0688273379306237,0.0719440240259949,2.22044604925031e-16,-1.78444400697065e-13,1.78888489906915e-13,0.00807038110869777,0.00732688407114859,0.00881387814624695,0.00617820107016448,0.00498429372841924,0.00737210841190973
"2020-07-17",0.0816048962937776,0.00793021411578113,0,0.00587803085966201,0.0703856809893411,0.0688273379464366,0.0719440240322455,2.22044604925031e-16,-1.76645610983787e-13,1.77089700193637e-13,0.00806446111063483,0.00731434792487057,0.0088145742963991,0.00613816972820866,0.00493367317101471,0.00734266628540261
"2020-07-18",0.0816048962937776,0.00793021411578113,0,0.00587803085966201,0.0703856810003728,0.0688273379621148,0.0719440240386307,2.22044604925031e-16,-1.7485084376854e-13,1.7529493297839e-13,0.00804467043305626,0.00730827711975662,0.0087810637463559,0.00607079387452476,0.00489068851509451,0.007250899233955
"2020-07-19",0.0816048962937776,0.00793021411578113,0,0.00587803085966201,0.0703856810114045,0.0688273379776583,0.0719440240451507,2.22044604925031e-16,-1.7306022404017e-13,1.7350431325002e-13,0.00801111451817484,0.00730327692891016,0.00871895210743952,0.00597946934765746,0.00484994449568097,0.00710899419963395
"2020-07-20",0.0816048962937776,0.00793021411578113,0,0.00587803085966201,0.0703856810224362,0.0688273379930672,0.0719440240518053,2.22044604925031e-16,-1.71273881712689e-13,1.71717970922539e-13,0.00796468465463276,0.00729083176023497,0.00863853754903055,0.00586933493277969,0.00480151038248005,0.00693715948307934
"2020-07-21",0.0816048962937776,0.00793021411578113,0,0.00587803085966201,0.070385681033468,0.0688273380083413,0.0719440240585946,2.22044604925031e-16,-1.69491951852835e-13,1.69936041062685e-13,0.00790631996931222,0.00726167703038,0.00855096290824444,0.00574543333510755,0.00473443074679707,0.00675643592341804
"2020-07-22",0.0816048962937776,0.00793021411578113,0,0.00587803085966201,0.0703856810444996,0.0688273380234808,0.0719440240655185,2.22044604925031e-16,-1.67714574919154e-13,1.68158664129004e-13,0.00783699437795072,0.00720790879952554,0.00846607995637591,0.00561258445101548,0.00463964924891169,0.00658551965311927
"2020-07-23",0.0816048962937776,0.00793021411578113,0,0.00587803085966201,0.0703856810555314,0.0688273380384856,0.0719440240725772,2.22044604925031e-16,-1.6594189701319e-13,1.6638598622304e-13,0.007757704361707,0.00712581246635822,0.00838959625705578,0.00547529779318085,0.00451366190678807,0.00643693367957363
"2020-07-24",0.0816048962937776,0.00793021411578113,0,0.00587803085966201,0.0703856810665631,0.0688273380533557,0.0719440240797705,2.22044604925031e-16,-1.64174070143399e-13,1.64618159353249e-13,0.00766945756069536,0.00701771982277988,0.00832119529861085,0.0053377215285733,0.00436099727344114,0.00631444578370546
"2020-07-25",0.0816048962937776,0.00793021411578113,0,0.00587803085966201,0.0703856810775948,0.0688273380680912,0.0719440240870985,2.22044604925031e-16,-1.62411252502409e-13,1.62855341712259e-13,0.00757326229602366,0.00689113438660365,0.00825539020544367,0.0052036244709219,0.00419322999209832,0.00621401894974548
"2020-07-26",0.0816048962937776,0.00793021411578113,0,0.00587803085966201,0.0703856810886265,0.0688273380826919,0.0719440240945612,2.22044604925031e-16,-1.60653608758296e-13,1.61097697968146e-13,0.0074701181014653,0.00675590206708424,0.00818433413584635,0.00507640664131844,0.00402522859789976,0.00612758468473711
"2020-07-27",0.0816048962937776,0.00793021411578113,0,0.00587803085966201,0.0703856810996583,0.068827338097158,0.0719440241021586,2.22044604925031e-16,-1.58901310360543e-13,1.59345399570393e-13,0.00736100731735892,0.00662161061586246,0.00810040401885539,0.00495913391801318,0.00387159020977336,0.00604667762625301
"2020-07-28",0.0816048962937776,0.00793021411578113,0,0.00587803085966201,0.07038568111069,0.0688273381114894,0.0719440241098906,2.22044604925031e-16,-1.57154535861396e-13,1.57598625071246e-13,0.00724688777319334,0.00649611670382138,0.00799765884256529,0.00485459271884468,0.00374486418533031,0.00596432125235905
"2020-07-29",0.0816048962937776,0.00793021411578113,0,0.00587803085966201,0.0703856811217217,0.0688273381256861,0.0719440241177573,2.22044604925031e-16,-1.55413471253315e-13,1.55857560463166e-13,0.00712868649676546,0.00638472960684239,0.00787264338668853,0.00476536154728393,0.00365519430549615,0.00587552878907171
"2020-07-30",0.0727567924855037,0.00596797471891127,0.00105080654794599,0.00440753332059621,0.0703856811327535,0.0688273381397482,0.0719440241257588,2.22044604925031e-16,-1.53678310323293e-13,1.54122399533143e-13,0.00700668247553299,0.00628723160221052,0.00772613334885546,0.00469450817660122,0.00360889205871192,0.00578012429449051
"2020-07-31",0.0751341747978879,0.00598081011459884,0.001061420755501,0.00442036871628378,0.0703856811437852,0.0688273381536755,0.0719440241338948,2.22044604925031e-16,-1.5194936610806e-13,1.5239345531791e-13,0.00687908466947561,0.00619300187354948,0.00756516746540175,0.00464713899305056,0.00360507055226316,0.00568920743383797
"2020-08-01",0.0751341747978879,0.00598081011459884,0.001061420755501,0.00442036871628378,0.0703856811548169,0.0688273381674682,0.0719440241421656,2.22044604925031e-16,-1.50226882475313e-13,1.50670971685163e-13,0.00674382545266611,0.00608887173371588,0.00739877917161634,0.00462886698143867,0.00364111915234661,0.00561661481053073
"2020-08-02",0.0751341747978879,0.00598081011459884,0.001061420755501,0.00442036871628378,0.0703856811658486,0.0688273381811262,0.0719440241505711,2.22044604925031e-16,-1.4851095383085e-13,1.489550430407e-13,0.00659905254887985,0.00596298702309515,0.00723511807466454,0.00464568087222516,0.00371472627037644,0.00557663547407388
"2020-08-03",0.0751341747978879,0.00598081011459884,0.001061420755501,0.00442036871628378,0.0703856811768804,0.0688273381946495,0.0719440241591112,2.22044604925031e-16,-1.46801657405607e-13,1.47245746615457e-13,0.00644315535173681,0.00580784038134538,0.00707847032212825,0.00470437396146514,0.0038244271226901,0.00558432080024018
"2020-08-04",0.0751341747978879,0.00598081011459884,0.001061420755501,0.00442036871628378,0.0703856811879121,0.0688273382080381,0.071944024167786,2.22044604925031e-16,-1.45099040129756e-13,1.45543129339606e-13,0.00627479469303341,0.00562258109539555,0.00692700829067127,0.00481309297446042,0.00397033443648791,0.00565585151243292
"2020-08-05",0.0753178521798744,0.00591532630498394,0.00103201851850651,0.004483442078919,0.0703856811989438,0.0688273382212921,0.0719440241765955,2.22044604925031e-16,-1.43403112613173e-13,1.43847201823023e-13,0.00609293424389775,0.00541245570985032,0.00677341277794518,0.00498205791226322,0.0041555172145015,0.00580859861002495
"2020-08-06",0.0759120217334804,0.0059186016469521,0.00116134253485302,0.00455590901996445,0.0703856812099755,0.0688273382344113,0.0719440241855397,2.22044604925031e-16,-1.41713850837608e-13,1.42157940047458e-13,0.00589687152254515,0.00518581820754181,0.00660792483754848,0.00522453396322392,0.00438825409680972,0.00606081382963812
"2020-08-07",0.0753330501470102,0.00589396133795461,0.00123764445495764,0.00453713298559892,0.0703856812210072,0.0688273382473959,0.0719440241946185,2.22044604925031e-16,-1.40031206214266e-13,1.40475295424116e-13,0.00568626630893101,0.00495114508608682,0.00642138753177521,0.00555818201139759,0.00468477900554795,0.00643158501724723
"2020-08-08",0.0766996234579678,0.00579707182346323,0.00131398024859759,0.00573760871292085,0.070385681232039,0.0688273382602458,0.0719440242038321,2.22044604925031e-16,-1.3835514519986e-13,1.3879923440971e-13,0.00546116416056714,0.00471532925678206,0.00620699906435223,0.00600698506207592,0.00507186168943444,0.0069421084347174
"2020-08-09",0.0781384613524626,0.00569166073730237,0.00134921187954618,0.00576727094788138,0.0703856812430707,0.0688273382729611,0.0719440242131803,2.22044604925031e-16,-1.36685741593914e-13,1.37129830803764e-13,0.00522201271478584,0.00448293603895583,0.00596108939061584,0.00660406101915414,0.00558945706437491,0.00761866497393338
"2020-08-10",0.0782221862107251,0.00537261153559947,0.00154150792985963,0.00575148492206041,0.0703856812541024,0.0688273382855416,0.0719440242226632,2.22044604925031e-16,-1.35023099474829e-13,1.35467188684679e-13,0.00496967532168964,0.00425574578413222,0.00568360485924706,0.00739581118250277,0.00629480698405145,0.00849681538095409
"2020-08-11",0.0760761679134404,0.0053015480832459,0.00166401969353902,0.00581160344451467,0.0703856812651341,0.0688273382979875,0.0719440242322808,2.22044604925031e-16,-1.33367305093864e-13,1.33811394303714e-13,0.00470774658656067,0.00403269808345691,0.00538279508966442,0.0084293134737202,0.00724872929803728,0.00960989764940312
"2020-08-12",0.0737377067757605,0.00500162668182673,0.0017281110116803,0.00578328747030983,0.0703856812761658,0.0688273383102986,0.071944024242033,2.22044604925031e-16,-1.31718412006338e-13,1.32162501216188e-13,0.00444512731959908,0.00381158319379372,0.00507867144540444,0.00971432807892565,0.00847241925192263,0.0109562369059287
"2020-08-13",0.0757305867284713,0.0046977740208154,0.00454351733399974,0.00608548009812735,0.0703856812871976,0.0688273383224752,0.07194402425192,2.22044604925031e-16,-1.30076433940122e-13,1.30520523149972e-13,0.00418999893146629,0.00359058555731417,0.00478941230561841,0.0112372325721689,0.00995965132061614,0.0125148138237217
"2020-08-14",0.0748777411119229,0.00481041868215189,0.00525446246472583,0.0173887226253281,0.0703856812982293,0.068827338334517,0.0719440242619416,2.22044604925031e-16,-1.28441346104436e-13,1.28885435314286e-13,0.00394888705609122,0.0033700137970359,0.00452776031514654,0.0129522101453171,0.0116631614091154,0.0142412588815187
"2020-08-15",0.0743551892471684,0.00479311691530648,0.00539794053848105,0.017797345042946,0.070385681309261,0.0688273383464241,0.0719440242720979,2.22044604925031e-16,-1.26813095704462e-13,1.27257184914312e-13,0.0037268260157165,0.00315343109722878,0.00430022093420422,0.0147665205444145,0.013473867865854,0.0160591732229749
"2020-08-16",0.068787042912863,0.00129951832639633,0.00717491502042155,0.0216221276878384,0.0703856813202928,0.0688273383581966,0.0719440242823889,2.22044604925031e-16,-1.25191642087106e-13,1.25635731296956e-13,0.00352760251272439,0.00294726010214499,0.0041079449233038,0.0165300479777908,0.015212055787064,0.0178480401685175
"2020-08-17",0.060596537599835,0.0019133903871059,0.00732703129892338,0.0188726699807283,0.0703856813313244,0.0688273383698344,0.0719440242928145,2.22044604925031e-16,-1.2357706185081e-13,1.2402115106066e-13,0.00335404434144833,0.00275909246323964,0.00394899621965701,0.0180361389153888,0.0166490799071405,0.019423197923637
"2020-08-18",0.0604261702257369,0.0025282110289298,0.00700393581754819,0.0180249372960822,0.0703856813423562,0.0688273383813375,0.0719440243033748,2.22044604925031e-16,-1.21969470364778e-13,1.22413559574628e-13,0.00320833050830021,0.00259601781679371,0.0038206431998067,0.0190413798018076,0.0175560438962415,0.0205267157073738
"2020-08-19",0.0604261702257369,0.0025282110289298,0.00700393581754819,0.0180249372960822,0.0703856813533879,0.0688273383927059,0.0719440243140699,2.22044604925031e-16,-1.20368964511989e-13,1.20813053721839e-13,0.00309231024999764,0.00246388759970204,0.00372073290029323,0.0193085879735723,0.0177449396449906,0.0208722363021541
"2020-08-20",0.0571516699688589,0.00301809302198061,0.00723670877281206,0.019546216267183,0.0703856813644196,0.0688273384039396,0.0719440243248996,2.22044604925031e-16,-1.18775605733276e-13,1.19219694943126e-13,0.00300782932777944,0.00236745627496906,0.00364820238058981,0.0186685995312961,0.0170918146368714,0.0202453844257208
"2020-08-21",0.0573870724625752,0.00337211165813983,0.00752078095770115,0.0201975063301752,0.0703856813754513,0.0688273384150387,0.071944024335864,2.22044604925031e-16,-1.1718941155081e-13,1.1763350076066e-13,0.00295707270690411,0.00231096034750486,0.00360318506630336,0.0170841728871028,0.0155603922346748,0.0186079535395309
"2020-08-22",0.0561677285199191,0.00328219770026851,0.00821814391345424,0.0183831095656391,0.0703856813864831,0.0688273384260031,0.071944024346963,2.22044604925031e-16,-1.15610356381046e-13,1.16054445590896e-13,0.00294290557239254,0.00229873585523362,0.00358707528955147,0.0146905912985405,0.0132362301085472,0.0161449524885338
"2020-08-23",0.056399438025404,0.00320460718479088,0.00809922565547211,0.00442065100198582,0.0703856813975148,0.0688273384368328,0.0719440243581968,2.22044604925031e-16,-1.14038382543073e-13,1.14482471752923e-13,0.00296563558238504,0.00233098511051325,0.00360028605425683,0.0118628617602221,0.0104425909230392,0.013283132597405
"2020-08-24",0.0629122147992647,0.00322034521839005,0.00736214209125901,0.00317351854146748,0.0703856814085465,0.0688273384475278,0.0719440243695652,2.22044604925031e-16,-1.12473441182818e-13,1.12917530392668e-13,0.00302007919666714,0.00239993756773283,0.00364022082560146,0.00910017609012054,0.00770085587568087,0.0104994963045602
"2020-08-25",0.0641559784777912,0.00321884834589345,0.00736214209125901,0.00317252930898777,0.0703856814195782,0.0688273384580882,0.0719440243810683,2.22044604925031e-16,-1.10915611656248e-13,1.11359700866098e-13,0.0031010254003189,0.00249692281964495,0.00370512798099285,0.00671710079865856,0.00538170483893497,0.00805249675838214
"2020-08-26",0.0666393189537151,0.00324371680075015,0.00675951857294608,0.00304909402961032,0.0703856814306099,0.0688273384685138,0.0719440243927061,2.22044604925031e-16,-1.09365022639217e-13,1.09809111849067e-13,0.00320336267863974,0.00261244588992213,0.00379427946735735,0.00483222654822131,0.00361892444021457,0.00604552865622804
"2020-08-27",0.0666393189537151,0.00324371680075015,0.00675951857294608,0.00304909402961032,0.0703856814416417,0.0688273384788048,0.0719440244044786,2.22044604925031e-16,-1.07821783688696e-13,1.08265872898546e-13,0.00332160547632672,0.0027359413829415,0.00390726956971195,0.00343168700350974,0.00237794112221791,0.00448543288480158
"2020-08-28",0.066671870505281,0.00310310028361687,0.00672318578054179,0.00290858531207698,0.0703856814526734,0.0688273384889611,0.0719440244163857,2.22044604925031e-16,-1.06285965743198e-13,1.06730054953049e-13,0.00344951855296868,0.00285655227876983,0.00404248482716752,0.00243682658233152,0.00155081524959369,0.00332283791506936
"2020-08-29",0.0674870828359197,0.00318045307258077,0.00648098884527605,0.00299084992726366,0.0703856814637051,0.0688273384989827,0.0719440244284275,2.22044604925031e-16,-1.04757590998406e-13,1.05201680208256e-13,0.00357984955478041,0.00296485020233343,0.00419484890722738,0.00175250698290251,0.0010202967084164,0.00248471725738862
"2020-08-30",0.0704282553593443,0.00341499604057139,0.00676812771740747,0.00301132537218212,0.0703856814747369,0.0688273385088697,0.071944024440604,2.22044604925031e-16,-1.03236633071217e-13,1.03680722281067e-13,0.00370419867059107,0.00305444121041148,0.00435395613077065,0.00129292900951572,0.000689098100437296,0.00189675991859415
"2020-08-31",0.0707668231587727,0.00407846189353498,0.00721966289521226,0.00376954159220917,0.0703856814857686,0.0688273385186219,0.0719440244529152,2.22044604925031e-16,-1.01723028537297e-13,1.02167117747147e-13,0.00381306602550719,0.00312222278677007,0.0045039092642443,0.000991130865666021,0.000486950963834791,0.00149531076749725
"2020-09-01",0.0707668231587727,0.00407846189353498,0.00721966289521226,0.00376954159220917,0.0703856814968003,0.0688273385282395,0.0719440244653611,2.22044604925031e-16,-1.00216718937425e-13,1.00660808147275e-13,0.00389611968491681,0.00316727485122432,0.0046249645186093,0.000799632302905623,0.000367542140658039,0.00123172246515321
"2020-09-02",0.0707668231587727,0.00407846189353498,0.00721966289521226,0.00376954159220917,0.070385681507832,0.0688273385377224,0.0719440244779416,2.22044604925031e-16,-9.871778630856e-14,9.91618755184101e-14,0.00394271618967884,0.00318931074145915,0.00469612163789853,0.000687724151395965,0.000302793544289986,0.00107265475850194
"2020-09-03",0.0705475208982421,0.00410574617301747,0.00721966289521226,0.00369973435527468,0.0703856815188637,0.0688273385470706,0.0719440244906569,2.22044604925031e-16,-9.72263751864665e-14,9.76704643963165e-14,0.00394286206426195,0.00318735733891642,0.00469836678960747,0.000638502497298417,0.000277961096525676,0.000999043898071159
"2020-09-04",0.0720212810757626,0.00409582279155769,0.00708397347733177,0.00369009817823922,0.0703856815298954,0.0688273385562841,0.0719440245035068,2.22044604925031e-16,-9.57426104352587e-14,9.61866996451087e-14,0.00389561845891831,0.0031617661208688,0.00462947079696782,0.000641687083730732,0.000285400179224278,0.000997973988237185
"2020-09-05",0.0732056167732248,0.00399085606394512,0.00707569695915386,0.00358765817373324,0.0703856815409272,0.068827338565363,0.0719440245164914,2.22044604925031e-16,-9.42665745910763e-14,9.47106638009263e-14,0.00381175745475117,0.0031151156728305,0.00450839923667184,0.000690792106022892,0.000321824001367169,0.00105976021067861
"2020-09-06",0.0732056167732248,0.00399085606394512,0.00707569695915386,0.00358765817373324,0.0703856815519589,0.0688273385743071,0.0719440245296106,2.22044604925031e-16,-9.27982956886063e-14,9.32423848984563e-14,0.00370316768620929,0.00304912310511888,0.00435721226729971,0.000787558631786559,0.000390366655270686,0.00118475060830243
"2020-09-07",0.07388886436322,0.00384300660708042,0.00698494719085416,0.00362661308393797,0.0703856815629906,0.0688273385831167,0.0719440245428646,2.22044604925031e-16,-9.13377465635587e-14,9.17818357734087e-14,0.00358126153814288,0.00296558429698626,0.0041969387792995,0.00094010849539651,0.000499227702666655,0.00138098928812636
"2020-09-08",0.0739255266311468,0.00384300660708042,0.00698494719085416,0.00362661308393797,0.0703856815740223,0.0688273385917914,0.0719440245562532,2.22044604925031e-16,-8.98848569487983e-14,9.03289461586483e-14,0.00345643587060684,0.00286774907676517,0.0040451226644485,0.00116166445459164,0.000660762140773233,0.00166256676841005
"2020-09-09",0.0709217302799307,0.00323434592534806,0.00623053566642088,0.00548715454730357,0.0703856815850541,0.0688273386003316,0.0719440245697766,2.22044604925031e-16,-8.84395569380443e-14,8.88836461478944e-14,0.00333784401543892,0.00276151043079221,0.00391417760008563,0.0014690587239307,0.000890062972330959,0.00204805447553043
"2020-09-10",0.0739279485940124,0.00274787360321738,0.00591418837390079,0.00492687465756411,0.0703856815960858,0.068827338608737,0.0719440245834345,2.22044604925031e-16,-8.70019311125844e-14,8.74460203224344e-14,0.00323343327921875,0.00265563482169397,0.00381123173674354,0.00187975580691836,0.00120194621143616,0.00255756540240055
"2020-09-11",0.0741484614075277,0.00280801346144883,0.00591418837390079,0.00493689796726935,0.0703856816071175,0.0688273386170078,0.0719440245972272,2.22044604925031e-16,-8.55721431641774e-14,8.60162323740275e-14,0.0031501944880536,0.00256073904274412,0.00373964993336308,0.00240611082363305,0.00160575945096569,0.00320646219630042
"2020-09-12",0.0738740586931843,0.00316338691979808,0.00617596006987609,0.00531791895711902,0.0703856816181492,0.0688273386251439,0.0719440246111546,2.22044604925031e-16,-8.41503367271673e-14,8.45944259370173e-14,0.00309457983777561,0.0024878670333182,0.00370129264223301,0.00304599945831183,0.00209861486429971,0.00399338405232396
"2020-09-13",0.0845919119134719,0.00312768022707137,0.00661602976083636,0.0052283666894844,0.070385681629181,0.0688273386331453,0.0719440246252166,2.22044604925031e-16,-8.27366087289275e-14,8.31806979387775e-14,0.00307306779270208,0.00244777474097718,0.00369836084442697,0.00377044066339084,0.00265891798744191,0.00488196333933976
"2020-09-14",0.0853907239593786,0.00347567842985446,0.00734663956956276,0.00576376415198322,0.0703856816402127,0.068827338641012,0.0719440246394133,2.22044604925031e-16,-8.13309946237581e-14,8.17750838336082e-14,0.00309288647538347,0.00245127196651482,0.00373450098425212,0.00451180772432735,0.0032421054643119,0.00578150998434281
"2020-09-15",0.0840639732947706,0.00384570794879631,0.00718898470614349,0.00584051930786713,0.0703856816512444,0.0688273386487441,0.0719440246537447,2.22044604925031e-16,-7.99334665308651e-14,8.03775557407151e-14,0.00316257302072742,0.00250993108726148,0.00381521495419335,0.00516189231930758,0.00378058337043098,0.00654320126818417
"2020-09-16",0.0817208465541571,0.00257927801964408,0.00670589406476235,0.00525829769707558,0.0703856816622761,0.0688273386563415,0.0719440246682108,2.22044604925031e-16,-7.85439459025622e-14,7.89880351124123e-14,0.00328451558197902,0.00262758130350231,0.00394144986045574,0.00563053819778643,0.00421370191906394,0.00704737447650891
"2020-09-17",0.080925346130614,0.00230216986434193,0.00660940127348593,0.00519056803217242,0.0703856816733079,0.0688273386638042,0.0719440246828116,2.22044604925031e-16,-7.71623489148073e-14,7.76064381246574e-14,0.00345407526523698,0.00279913954610373,0.00410901098437023,0.00588755859787494,0.00450652659990252,0.00726859059584736
"2020-09-18",0.0855673975836045,0.00264518924185528,0.00692939624949927,0.00437335437308361,0.0703856816843396,0.0688273386711322,0.071944024697547,2.22044604925031e-16,-7.57887624526192e-14,7.62328516624692e-14,0.00366644847162873,0.00301828254830311,0.00431461439495434,0.0059358416232623,0.00463565060681147,0.00723603263971313
"2020-09-19",0.0786450800105116,0.00219054108852018,0.00607945038988754,0.00348329776805278,0.0703856816953713,0.0688273386783255,0.0719440247124171,2.22044604925031e-16,-7.44233737137589e-14,7.4867462923609e-14,0.00391594250888552,0.00327617661148684,0.0045557084062842,0.00580374682842389,0.00459278126757565,0.00701471238927214
"2020-09-20",0.0618948251530152,0.00414908531177141,0.00396808667722063,0.00273058030038203,0.070385681706403,0.0688273386853841,0.0719440247274219,2.22044604925031e-16,-7.30663497645208e-14,7.35104389743709e-14,0.00419495758777601,0.00356005827193913,0.00482985690361288,0.00553517135125511,0.00439058375931808,0.00667975894319214
"2020-09-21",0.0575008456816791,0.00498564319015813,0.00385483214021764,0.00340175551172665,0.0703856817174347,0.0688273386923081,0.0719440247425614,2.22044604925031e-16,-7.17178057333376e-14,7.21618949431877e-14,0.00449306809654079,0.00385293739230303,0.00513319880077855,0.00517925745457681,0.00406623052176445,0.00629228438738917
"2020-09-22",0.0567873568181833,0.00608013825431316,0.0039052001004206,0.00425614853774982,0.0703856817284664,0.0688273386990974,0.0719440247578355,2.22044604925031e-16,-7.03777866963063e-14,7.08218759061564e-14,0.00479629845709595,0.00413534328474031,0.0054572536294516,0.00478228124164526,0.0036746075606184,0.00588995492267212
"2020-09-23",0.0562495879829675,0.00601515904945621,0.00402361130231973,0.00419116933289287,0.0703856817394982,0.068827338705752,0.0719440247732444,2.22044604925031e-16,-6.90462642064852e-14,6.94903534163353e-14,0.00508675458527296,0.00438871295807463,0.00578479621247129,0.00438279616537734,0.00327171543288613,0.00549387689786855
"2020-09-24",0.0562174823081715,0.00595874001728613,0.00402658288385363,0.00429422370714371,0.0703856817505299,0.0688273387122719,0.0719440247887879,2.22044604925031e-16,-6.77231495120141e-14,6.81672387218642e-14,0.00534281787399037,0.00459798770764069,0.00608764804034006,0.00400989816485429,0.00290100538463579,0.0051187909450728
"2020-09-25",0.0562272437844548,0.0059583165207743,0.00402658288385363,0.004295886358306,0.0703856817615616,0.0688273387186571,0.0719440248044661,2.22044604925031e-16,-6.64083414682394e-14,6.68524306780895e-14,0.00554011230200346,0.00475150581862031,0.0063287187853866,0.00368382243051411,0.00258985796869899,0.00477778689232924
"2020-09-26",0.0562386299854932,0.0059578361956757,0.00402658288385363,0.00429787241485199,0.0703856817725933,0.0688273387249077,0.071944024820279,2.22044604925031e-16,-6.51019288401368e-14,6.55460180499869e-14,0.00565339060596843,0.00483903824311531,0.00646774296882154,0.0034179418532422,0.00235297799649668,0.00448290570998773
"2020-09-27",0.0506443320048628,0.00486216682421919,0.00316262569839244,0.00372954500026082,0.0703856817836251,0.0688273387310236,0.0719440248362266,2.22044604925031e-16,-6.38041282232665e-14,6.42482174331165e-14,0.00566054472726682,0.00485028102797091,0.00647080842656273,0.00322064207746676,0.00219694569096983,0.00424433846396369
"2020-09-28",0.0514646512428518,0.00479196047159099,0.00356957467334557,0.00386643743263111,0.0703856817946568,0.0688273387370048,0.0719440248523088,2.22044604925031e-16,-6.25151365667352e-14,6.29592257765852e-14,0.00556168814047124,0.00478229224721676,0.00634108403372572,0.00308838322392019,0.00211380897274213,0.00406295747509826
"2020-09-29",0.0508888604391165,0.00482661626131528,0.00355751388672307,0.00384973502166149,0.0703856818056885,0.0688273387428513,0.0719440248685257,2.22044604925031e-16,-6.1235092552138e-14,6.16791817619881e-14,0.00537502223704823,0.00463817549630906,0.0061118689777874,0.00301234064108801,0.00208970953316218,0.00393497174901384
"2020-09-30",0.0498944546023073,0.00520756466394474,0.00360246584859146,0.00415358151113754,0.0703856818167203,0.0688273387485632,0.0719440248848773,2.22044604925031e-16,-5.9964054046818e-14,6.0408143256668e-14,0.00512187147249551,0.00442309453362462,0.00582064841136641,0.00298680970301497,0.0021147226796706,0.00385889672635935
"2020-10-01",0.0500250541406568,0.00530887401094769,0.00360246584859146,0.00430999274768666,0.070385681827752,0.0688273387541403,0.0719440249013636,2.22044604925031e-16,-5.87019923500381e-14,5.91460815598882e-14,0.00482393468275334,0.00414759837584173,0.00550027098966495,0.00300876316398015,0.00218188787033059,0.00383563845762971
"2020-10-02",0.0506069166374551,0.00535185935103202,0.00363059671368208,0.00433997286565216,0.0703856818387837,0.0688273387595828,0.0719440249179846,2.22044604925031e-16,-5.74488058624661e-14,5.78928950723161e-14,0.00450140455600957,0.00382968571349481,0.00517312339852434,0.00307745585892752,0.00228629494984552,0.00386861676800952
"2020-10-03",0.0509156256468234,0.00530040784947063,0.00373349971680486,0.00439142436721355,0.0703856818498154,0.0688273387648906,0.0719440249347402,2.22044604925031e-16,-5.62043712813483e-14,5.66484604911984e-14,0.00417174843418116,0.00349261508742942,0.00485088178093291,0.00319422454120452,0.00242465359426374,0.0039637954881453
"2020-10-04",0.0503949675084094,0.00278010719086533,0.00338038098124759,0.00486173447765644,0.0703856818608471,0.0688273387700637,0.0719440249516306,2.22044604925031e-16,-5.49687784952768e-14,5.54128677051269e-14,0.00384911749475396,0.00315946397663294,0.00453877101287498,0.00336244534563174,0.00259558656568822,0.00412930412557526
"2020-10-05",0.0506310731583967,0.00273792102646069,0.00339412603299703,0.00485901955537415,0.0703856818718789,0.0688273387751022,0.0719440249686556,2.22044604925031e-16,-5.37422817286387e-14,5.41863709384887e-14,0.00354426975760912,0.0028486665256756,0.00423987298954265,0.00358762969080477,0.00280080493058402,0.00437445445102552
"2020-10-06",0.0513654015083435,0.00299916220232093,0.00340219595698379,0.00523874709103948,0.0703856818829106,0.0688273387800059,0.0719440249858152,2.22044604925031e-16,-5.252511704263e-14,5.296920625248e-14,0.00326485927950835,0.00257256394656671,0.00395715461244999,0.0038776532481577,0.00304689350140439,0.00470841299491101
"2020-10-07",0.0521983829256163,0.00283606326527503,0.0034152477584807,0.00515481876322492,0.0703856818939423,0.068827338784775,0.0719440250031096,2.22044604925031e-16,-5.13174544669794e-14,5.17615436768295e-14,0.00301594776874219,0.0023380734045048,0.00369382213297957,0.0042431239486648,0.00334701816185275,0.00513922973547685
"2020-10-08",0.0500487927248172,0.00250275648631431,0.00300649861828643,0.00594454779705167,0.070385681904974,0.0688273387894094,0.0719440250205387,2.22044604925031e-16,-5.01193694072485e-14,5.05634586170986e-14,0.00280062117680913,0.00214808979006416,0.00345315256355411,0.0046979052646866,0.00372217139671377,0.00567363913265943
"2020-10-09",0.049603917661303,0.00235658058420285,0.00297227267270903,0.00585642650903434,0.0703856819160058,0.0688273387939091,0.0719440250381024,2.22044604925031e-16,-4.89308335394478e-14,4.93749227492979e-14,0.00262032276322288,0.00200224305010226,0.00323840247634349,0.00525877171055448,0.00420080919201007,0.0063167342290989
"2020-10-10",0.0496599010027091,0.00235517514735743,0.00297227267270903,0.00586945858184123,0.0703856819270375,0.0688273387982741,0.0719440250558008,2.22044604925031e-16,-4.77517286684511e-14,4.81958178783012e-14,0.00247310358671839,0.0018936993694401,0.00305250780399668,0.00593561532255463,0.00480416824504531,0.00706706240006396
"2020-10-11",0.0498735458387391,0.00238873804715188,0.00297227267270903,0.00596282080150155,0.0703856819380692,0.0688273388025045,0.0719440250736339,2.22044604925031e-16,-4.65819021856276e-14,4.70259913954776e-14,0.00235596548467354,0.00181395972067368,0.00289797124867339,0.00673033524803929,0.00554296483767958,0.007917705658399
"2020-10-12",0.0489599382529285,0.00244758704984778,0.00299532316396508,0.00590704957852129,0.0703856819491009,0.0688273388066001,0.0719440250916017,2.22044604925031e-16,-4.54214437177374e-14,4.58655329275874e-14,0.00226664692437398,0.0017563007046872,0.00277699314406076,0.00763801688016447,0.00641891651897529,0.00885711724135366
"2020-10-13",0.0474242960716452,0.00229768566409075,0.00264146117340341,0.00582418151008546,0.0703856819601326,0.0688273388105611,0.0719440251097041,2.22044604925031e-16,-4.42706570586077e-14,4.47147462684578e-14,0.00220361844494037,0.00171578348039644,0.0026914534094843,0.0086433269386469,0.00741878117517359,0.00986787270212022
"2020-10-14",0.0469989958029216,0.00223270275418447,0.00343411120013042,0.0062417166310429,0.0703856819711644,0.0688273388143875,0.0719440251279413,2.22044604925031e-16,-4.3129831140077e-14,4.35739203499271e-14,0.00216608617708841,0.00168939944176035,0.00264277291241647,0.00971675210600327,0.00850701785800045,0.0109264863540061
"2020-10-15",0.0453975586482806,0.00203656613572778,0.00306041812284452,0.00612121508987779,0.0703856819821961,0.0688273388180791,0.0719440251463131,2.22044604925031e-16,-4.19991792142623e-14,4.24432684241123e-14,0.00215402682760715,0.00167629797404319,0.00263175568117111,0.0108114664721799,0.00961973428907158,0.0120031986552881
"2020-10-16",0.0445386603486924,0.002608607587508,0.00324034845727944,0.0062899846527424,0.0703856819932278,0.068827338821636,0.0719440251648196,2.22044604925031e-16,-4.08788016998426e-14,4.13228909096927e-14,0.00216826204014357,0.00167788737047058,0.00265863670981656,0.0118619157109312,0.0106661094849255,0.0130577219369369
"2020-10-17",0.0452192215629972,0.00266678494227424,0.00340427991473991,0.0200639351916643,0.0703856820042595,0.0688273388250583,0.0719440251834608,2.22044604925031e-16,-3.97686719411633e-14,4.02127611510134e-14,0.00221058359913443,0.00169771319811693,0.00272345400015193,0.0127854274274705,0.0115445549924024,0.0140262998625385
"2020-10-18",0.0447066728464909,0.0026577679938813,0.0032105538935604,0.0176519590884763,0.0703856820152912,0.0688273388283459,0.0719440252022366,2.22044604925031e-16,-3.86686496305619e-14,3.91127388404119e-14,0.00228394622982288,0.00174127993752737,0.0028266125221184,0.0134880542462384,0.0121679268623208,0.014808181630156
"2020-10-19",0.04491720255817,0.00273701221005338,0.00255818987909586,0.018632966159502,0.070385682026323,0.0688273388314988,0.0719440252211471,2.22044604925031e-16,-3.75785417724587e-14,3.80226309823088e-14,0.0023927526081863,0.00181609819234249,0.00296940702403012,0.0138752378316361,0.0124767201703795,0.0152737554928927
"2020-10-20",0.0452194133190341,0.00275464964481017,0.0024222018181226,0.0180009355936389,0.0703856820373547,0.068827338834517,0.0719440252401923,2.22044604925031e-16,-3.64984350890777e-14,3.69425242989278e-14,0.0025432669599411,0.00193213556168273,0.00315439835819946,0.0138666671931793,0.0124350650388946,0.0152982693474639
"2020-10-21",0.0445837516340445,0.00209825733796211,0.00229547208005564,0.0177891664960812,0.0703856820483864,0.0688273388374006,0.0719440252593722,2.22044604925031e-16,-3.54287010990687e-14,3.58727903089187e-14,0.00274309562212419,0.00210125056940696,0.00338494067484142,0.0134248718487183,0.0120321210277635,0.0148176226696731
"2020-10-22",0.0483593179222739,0.00377162240500835,0.00204973038267711,0.00598085969056592,0.0703856820594181,0.0688273388401494,0.0719440252786868,2.22044604925031e-16,-3.43697032117282e-14,3.48137924215782e-14,0.00299474611693059,0.00232881784038071,0.00366067439348046,0.0126277681449002,0.0113236239640026,0.0139319123257979
"2020-10-23",0.0484865773075631,0.00423869200115257,0.00233530233983291,0.006592186141784,0.0703856820704499,0.0688273388427637,0.0719440252981361,2.22044604925031e-16,-3.33217170609178e-14,3.37658062707679e-14,0.0032976026051254,0.00261591633792302,0.00397928887232778,0.0116011904910583,0.0103924114635948,0.0128099695185217
"2020-10-24",0.0500902938286465,0.00425476914228218,0.00246353336977538,0.00703479842833762,0.0703856820814816,0.0688273388452432,0.07194402531772,2.22044604925031e-16,-3.22848806392669e-14,3.27289698491169e-14,0.00364925126772055,0.00296069523993211,0.00433780729550898,0.0104645825116563,0.00932535205100902,0.0116038129723035
"2020-10-25",0.0503052533520356,0.00442020148572423,0.00307396829966187,0.00719351157347753,0.0703856820925133,0.068827338847588,0.0719440253374386,2.22044604925031e-16,-3.12591717376848e-14,3.17032609475348e-14,0.00404412210560809,0.00335596472957752,0.00473227948163865,0.00931683764726997,0.00821231479085833,0.0104213605036816
"2020-10-26",0.0483323602226291,0.00436018440477804,0.00327524230975434,0.00711655541270735,0.070385682103545,0.0688273388497981,0.0719440253572919,2.22044604925031e-16,-3.02444194561682e-14,3.06885086660182e-14,0.00447206074417785,0.00378666645286652,0.00515745503548919,0.00823050158688519,0.00713694733259617,0.00932405584117421
"2020-10-27",0.0481091832265276,0.00421884354014412,0.00314601949694778,0.00702537363866382,0.0703856821145768,0.0688273388518736,0.0719440253772799,2.22044604925031e-16,-2.92403721512919e-14,2.9684461361142e-14,0.00491701993466762,0.00422849751704917,0.00560554235228607,0.00725235600707437,0.00616291459000804,0.0083417974241407
"2020-10-28",0.0479377027653166,0.00366889655373406,0.00323858567686051,0.00678234430097082,0.0703856821256085,0.0688273388538144,0.0719440253974026,2.22044604925031e-16,-2.82471082958135e-14,2.86911975056635e-14,0.00535617779180689,0.00464976651380542,0.00606258906980836,0.006407827991001,0.00532754042574275,0.00748811555625925
"2020-10-29",0.0468935517517498,0.00319118674567971,0.00316557816266662,0.0067703210936412,0.0703856821366402,0.0688273388556205,0.0719440254176599,2.22044604925031e-16,-2.7265096459512e-14,2.7709185669362e-14,0.00575989596949153,0.00501729442006875,0.0065024975189143,0.00570696719806727,0.00464549104242165,0.00676844335371289
"2020-10-30",0.0438895992691379,0.00281345716534387,0.00315267364531355,0.00650758480823937,0.0703856821476719,0.0688273388572919,0.0719440254380519,2.22044604925031e-16,-2.62948108601347e-14,2.67389000699847e-14,0.0060929671110476,0.00530280863930721,0.00688312558278798,0.00515046677996085,0.00411693932612345,0.00618399423379825
"2020-10-31",0.0553004536042445,0.00239851233813668,0.00474706752569186,0.00538705622298038,0.0703856821587037,0.0688273388588287,0.0719440254585787,2.22044604925031e-16,-2.5336622888313e-14,2.5780712098163e-14,0.00631750314148718,0.00548491352647188,0.00715009275650248,0.00473498240284141,0.00373560050296194,0.00573436430272089
"2020-11-01",0.0656440388064042,0.0122590570845525,0.00570212149006085,0.00504056217207672,0.0703856821697354,0.0688273388602307,0.07194402547924,2.22044604925031e-16,-2.43907311578118e-14,2.48348203676618e-14,0.0063975315601538,0.00554696270953135,0.00724810041077626,0.00445763593074744,0.00349510581118294,0.00542016605031194
"2020-11-02",0.065756841886974,0.0129097542871529,0.00575660299074415,0.00498445973688627,0.0703856821807671,0.0688273388614981,0.0719440255000361,2.22044604925031e-16,-2.34571244260704e-14,2.39012136359205e-14,0.00631129770625686,0.00547832525305536,0.00714427015945836,0.00431424561101601,0.00338795338546689,0.00524053783656513
"2020-11-03",0.0657039656242075,0.0120166114141311,0.00562513882124764,0.00498216704402693,0.0703856821917988,0.0688273388626308,0.0719440255209668,2.22044604925031e-16,-2.25355875362354e-14,2.29796767460854e-14,0.00607854634072684,0.00528784482516525,0.00686924785628842,0.00428259771625824,0.00338859955123579,0.00517659588128069
"2020-11-04",0.0654151073589791,0.00272471813476916,0.00551707806379156,0.00560320607761161,0.0703856822028305,0.0688273388636288,0.0719440255420322,2.22044604925031e-16,-2.16257776120769e-14,2.20698668219269e-14,0.00573567424580738,0.00499197996935392,0.00647936852226084,0.00434224130859266,0.00347322925740277,0.00521125335978255
"2020-11-05",0.0648998739343253,0.00267805581112115,0.00577162412951018,0.00574616755980742,0.0703856822138623,0.0688273388644922,0.0719440255632324,2.22044604925031e-16,-2.07277531356331e-14,2.11718423454832e-14,0.00532110477875075,0.00461242706181235,0.00602978249568916,0.00447844162769407,0.003622847553927,0.00533403570146115
"2020-11-06",0.0646467241706397,0.00274941405701767,0.00556752962620438,0.00566378412551144,0.070385682224894,0.0688273388652208,0.0719440255845672,2.22044604925031e-16,-1.98421311236948e-14,2.02862203335449e-14,0.00487057950822161,0.00417834895288059,0.00556281006356262,0.00467894782972754,0.00381974816753947,0.00553814749191561
"2020-11-07",0.0656190016484199,0.00297291697610796,0.00581645010515066,0.00614358672118115,0.0703856822359257,0.0688273388658148,0.0719440256060366,2.22044604925031e-16,-1.89695637281645e-14,1.94136529380146e-14,0.00441417822253381,0.00372403366289401,0.00510432278217362,0.0049315091211522,0.00404611948262252,0.00581689875968188
"2020-11-08",0.0684333869492215,0.00253082965359308,0.00740178994571428,0.00572206863511888,0.0703856822469574,0.0688273388662741,0.0719440256276407,2.22044604925031e-16,-1.8110582849229e-14,1.8554672059079e-14,0.00397501157003808,0.00328194553738971,0.00466807760268645,0.00522184363695036,0.00428462635155227,0.00615906092234846
"2020-11-09",0.067238971869613,0.00263524403315651,0.00629064240335312,0.00628914592136505,0.0703856822579891,0.0688273388665987,0.0719440256493796,2.22044604925031e-16,-1.72654957005897e-14,1.77095849104398e-14,0.003569235004573,0.00287660460998622,0.00426186539915978,0.00553200165918212,0.00451978909471507,0.00654421422364918
"2020-11-10",0.0675724900260322,0.00263672681891135,0.00637006330160684,0.0062893982458538,0.0703856822690209,0.0688273388667887,0.0719440256712531,2.22044604925031e-16,-1.64343196418823e-14,1.68784088517323e-14,0.00320692652586613,0.00252282998182253,0.00389102306990973,0.00583925159284578,0.00473843131360487,0.00694007187208668
"2020-11-11",0.067930221683557,0.00250307170187672,0.00659000007065081,0.00602680365992894,0.0703856822800526,0.0688273388668439,0.0719440256932613,2.22044604925031e-16,-1.56167725079089e-14,1.6060861717759e-14,0.00289340283422841,0.00222727409092873,0.00355953157752808,0.00611576167781998,0.00492862503016344,0.00730289832547653
"2020-11-12",0.0674365607548897,0.00251596052627655,0.00543430682362916,0.00596956558844209,0.0703856822910843,0.0688273388667645,0.0719440257154041,2.22044604925031e-16,-1.48123555910318e-14,1.52564448008818e-14,0.00263065398411213,0.00199105524674631,0.00327025272147795,0.00632942749622135,0.00507790341443683,0.00758095157800587
"2020-11-13",0.0675194548156926,0.00252100176034104,0.0112577111770022,0.00602608876717811,0.070385682302116,0.0688273388665504,0.0719440257376817,2.22044604925031e-16,-1.40210784511697e-14,1.44651676610197e-14,0.00241870176571994,0.00181222013996378,0.0030251833914761,0.00644615842504108,0.00517145561919839,0.00772086123088376
"2020-11-14",0.0688107703096005,0.00260987106283393,0.0124709149510957,0.00634963421774217,0.0703856823131478,0.0688273388662016,0.0719440257600939,2.22044604925031e-16,-1.32438079700569e-14,1.3687897179907e-14,0.00225503447653185,0.00168533704283253,0.00282473191023116,0.00644268902865409,0.00519501373134863,0.00769036432595955
"2020-11-15",0.0683551526597386,0.00245628571953112,0.0124311871786519,0.00525846053808419,0.0703856823241795,0.0688273388657182,0.0719440257826408,2.22044604925031e-16,-1.24815169855374e-14,1.29256061953874e-14,0.00213224782488652,0.00159874047605723,0.00266575517371582,0.00633101144001784,0.00514566610893823,0.00751635677109744
"2020-11-16",0.0671264430420324,0.00236290123326576,0.0129543798732305,0.00506649664096528,0.0703856823352112,0.0688273388651,0.0719440258053224,2.22044604925031e-16,-1.17350460860519e-14,1.21791352959019e-14,0.00204392112703862,0.00154234688105294,0.0025454953730243,0.00613398873271388,0.00502283529422764,0.00724514217120012
"2020-11-17",0.0672267748442011,0.00242195729830459,0.0126991345827728,0.00511764782278641,0.0703856823462429,0.0688273388643472,0.0719440258281387,2.22044604925031e-16,-1.10049329082523e-14,1.14490221181024e-14,0.00198545877188152,0.0015086325498366,0.00246228499392644,0.00587626008569976,0.00482869116672376,0.00692382900467576
"2020-11-18",0.0675681204356527,0.0028828529964776,0.00538805854183628,0.0051715172313362,0.0703856823572747,0.0688273388634597,0.0719440258510897,2.22044604925031e-16,-1.02912839784059e-14,1.07353731882559e-14,0.00195369259725858,0.00149213570721414,0.00241524948730303,0.0055817633331733,0.0045723168367266,0.00659120982962
"2020-11-19",0.0668694068189339,0.00296314623383654,0.00537708458552167,0.00481914095263652,0.0703856823683064,0.0688273388624375,0.0719440258741753,2.22044604925031e-16,-9.59371669731852e-15,1.00378059071686e-14,0.0019466081377789,0.00148931797168106,0.00240389830387674,0.00527203656337989,0.00427221579831677,0.00627185732844301
"2020-11-20",0.0663805516457274,0.00319282506053577,0.00535696202584909,0.00482045691742499,0.0703856823793381,0.0688273388612806,0.0719440258973956,2.22044604925031e-16,-8.91143050718377e-15,9.35551971703383e-15,0.00196316188481867,0.00149863191232695,0.00242769185731039,0.00496530817094528,0.00395391844577982,0.00597669789611074
"2020-11-21",0.069011851168577,0.00321674597278543,0.00508652394816092,0.00486234581646699,0.0703856823903698,0.0688273388599891,0.0719440259207506,2.22044604925031e-16,-8.24430361776795e-15,8.68839282761801e-15,0.00200316764492192,0.00152056604606836,0.00248576924377549,0.00467626393143387,0.00364377286744921,0.00570875499541854
"2020-11-22",0.0673630547398178,0.00299830725754155,0.00497775580275375,0.00448858075269103,0.0703856824014016,0.0688273388585629,0.0719440259442403,2.22044604925031e-16,-7.59369776807527e-15,8.03778697792533e-15,0.00206723768649033,0.00155753425092817,0.0025769411220525,0.00441632522081782,0.00336376702275253,0.00546888341888311
"2020-11-23",0.0667642912994539,0.00308246147312981,0.00487960636087722,0.00457939857837561,0.0703856824124333,0.068827338857002,0.0719440259678646,2.22044604925031e-16,-6.96129362016892e-15,7.40538283001898e-15,0.002156769797588,0.00161368752531981,0.0026998520698562,0.00419427130123855,0.00312990644189527,0.00525863616058183
"2020-11-24",0.0658567063465051,0.00272887720305223,0.00486305347180169,0.00428012069989644,0.070385682423465,0.0688273388553064,0.0719440259916236,2.22044604925031e-16,-6.34869557355785e-15,6.79278478340792e-15,0.00227397541243846,0.00169482974963628,0.00285312107524065,0.00401707224029049,0.00295322434195645,0.00508092013862452
"2020-11-25",0.0662628721989901,0.00235526291556359,0.00492544063216716,0.00419668582977965,0.0703856824344967,0.0688273388534761,0.0719440260155173,2.22044604925031e-16,-5.75711712229737e-15,6.20120633214743e-15,0.00242194363219192,0.00180853615412813,0.0030353511102557,0.0038908374640776,0.00284177971811202,0.00493989521004317
"2020-11-26",0.0672314937420507,0.00212520882980775,0.00492316734931298,0.00392569453751153,0.0703856824455284,0.0688273388515111,0.0719440260395457,9.92144444633583e-16,-2.31770227371589e-14,2.51613116264261e-14,0.00260364463463336,0.00196218343614884,0.00324510583311787,0.00381790243482587,0.00279725316084919,0.00483855170880255
"2020-11-27",0.066595614407453,0.00236606134016146,0.00553212600817915,0.00416491636059134,0.0703856824565602,0.0688273388494115,0.0719440260637088,7.06644162421364e-15,-1.47607136908506e-13,1.61740020156933e-13,0.00281994751201041,0.002158730599578,0.00348116442444282,0.00379259760264222,0.00280947109888414,0.0047757241064003
"2020-11-28",0.0660549841197097,0.00227897748526441,0.00547729229556026,0.00405498007922936,0.0703856824675919,0.0688273388471772,0.0719440260880066,5.03299665988915e-14,-9.31361853265508e-13,1.03202178646329e-12,0.00307099973656696,0.0023994748499801,0.00374252462315381,0.00380979936242019,0.00286828127446355,0.00475131745037684
"2020-11-29",0.0659020477778775,0.00226188334819595,0.0054681302727277,0.00404013973509457,0.0703856824786236,0.0688273388448082,0.071944026112439,3.58469513853448e-13,-5.81020890426475e-12,6.52714793197165e-12,0.00335610677083375,0.00268389484888597,0.00402831869278154,0.00386584143728315,0.00296459201974408,0.00476709085482222
"2020-11-30",0.0657817079596601,0.00240393050283514,0.00538141715803029,0.00416619482818542,0.0703856824896553,0.0688273388423045,0.0719440261370061,2.55315281750401e-12,-3.57725071870913e-11,4.08788128220993e-11,0.00367321874536362,0.00300849299190676,0.00433794449882048,0.00395809084331196,0.00308962274651755,0.00482655894010637
"2020-12-01",0.0654873340959401,0.00252960314189486,0.00503832707032521,0.00437148484387999,0.0703856825006871,0.0688273388396662,0.0719440261617079,1.8184427464651e-11,-2.1698723947999e-10,2.53356094409292e-10,0.00401837669049148,0.00336549098753433,0.00467126239344862,0.00408460873811097,0.00323477491599402,0.00493444256022792
"2020-12-02",0.0659033899288145,0.00254095054002666,0.00548105063269767,0.00432245081829741,0.0703856825117188,0.0688273388368932,0.0719440261865444,1.29514959066756e-10,-1.29466969580334e-09,1.55369961393685e-09,0.00438515681637782,0.00374191669108674,0.00502839694166889,0.004243862900912,0.00339250842138716,0.00509521738043683
"2020-12-03",0.0653855998519665,0.00647124687682452,0.00544453210687818,0.00455266297207246,0.0703856825227505,0.0688273388339855,0.0719440262115156,9.22437505107706e-10,-7.59008301725556e-09,9.43495802747098e-09,0.00476417864324779,0.00412017890225608,0.0054081783842395,0.00443446879198159,0.00355814143765431,0.00531079614630888
"2020-12-04",0.0650956931685051,0.00623758619791953,0.00541561226815882,0.00435549196593264,0.0703856825337822,0.0688273388309431,0.0719440262366214,6.569766460424e-09,-4.37182848958597e-08,5.68578178167077e-08,0.00514277082545419,0.0044812045161593,0.00580433713474908,0.00465494366459787,0.00373156142440841,0.00557832590478733
"2020-12-05",0.0654320947149961,0.00626829326231295,0.00548517576794111,0.00439898453540094,0.0703856825448139,0.068827338827766,0.0719440262618619,4.67905457242175e-08,-2.47795448548995e-07,3.4137653999743e-07,0.00550491131997754,0.004809132071691,0.00620069056826407,0.00490346432809955,0.00391760055207564,0.00588932810412346
"2020-12-06",0.0673492262537553,0.0061559018666264,0.00510993374170398,0.00451044063567087,0.0703856825558457,0.0688273388244542,0.0719440262872371,3.33209231277916e-07,-1.3864675996299e-06,2.05288606218573e-06,0.00583156744418465,0.00509393666653033,0.00656919822183898,0.00517762473639845,0.00412497451403654,0.00623027495876036
"2020-12-07",0.0663492195548422,0.0062781472277777,0.00499434200707877,0.00740494818976863,0.0703856825668774,0.0688273388210078,0.071944026312747,2.34917501721238e-06,-7.58873661314769e-06,1.22870866475725e-05,0.00610163764205984,0.00533006839018752,0.00687320689393215,0.00547421140384563,0.00436466062961806,0.0065837621780732
"2020-12-08",0.066901626375186,0.00627546960026585,0.00498951118980904,0.00707710799697446,0.0703856825779091,0.0688273388174267,0.0719440263383916,1.59460967272989e-05,-3.9242386000595e-05,7.11345794551928e-05,0.0063013364431635,0.00551693208601509,0.00708574080031191,0.00579042279666891,0.00464561424521946,0.00693523134811837
"2020-12-09",0.066901626375186,0.00627546960026585,0.00498951118980904,0.00707710799697446,0.0703856825889408,0.0688273388137109,0.0719440263641708,0.000101159473369663,-0.00018338595317876,0.000385704899918085,0.00643299386279068,0.00565889273861241,0.00720709498696895,0.00612523801231672,0.00496983839246263,0.00728063763217081
"2020-12-10",0.066901626375186,0.00627546960026585,0.00498951118980904,0.00707710799697446,0.0703856825999725,0.0688273388098604,0.0719440263900847,0.000582162656828568,-0.000730671423675219,0.00189499673733236,0.00650361314828945,0.00575868014652931,0.00724854615004959,0.00647746793617792,0.00533498260145838,0.00761995327089746
"2020-12-11",0.066901626375186,0.00627546960026585,0.00498951118980904,0.00707710799697446,0.0703856826110043,0.0688273388058753,0.0719440264161333,0.00295012365614096,-0.00226382179011798,0.00816406910239991,0.00652265246605107,0.00581758027231029,0.00722772465979185,0.00684546273498081,0.00573468785648634,0.00795623761347529
"2020-12-12",0.066901626375186,0.00627546960026585,0.00498951118980904,0.00707710799697446,0.070385682622036,0.0688273388017554,0.0719440264423166,0.0127781111547465,-0.0043450095790294,0.0299012318885224,0.00650112678187716,0.00583641538582866,0.00716583817792567,0.00722705253441108,0.00615826350376755,0.0082958415650546
"2020-12-13",0.0669193055032138,0.00627801745937816,0.00498902951698751,0.00708314413810192,0.0703856826330677,0.0688273387975009,0.0719440264686346,0.0459193933838945,0.00125035339837123,0.0905884333694177,0.00645081771391469,0.00581703666584587,0.00708459876198352,0.00761949347619373,0.00659072342679052,0.00864826352559695
"2020-12-14",0.0672659790733855,0.00627113927429552,0.0050793457013612,0.00693447064661579,0.0703856826440994,0.0688273387931117,0.0719440264950872,0.132908067364196,0.0436437547979967,0.222172379930396,0.00638365670275358,0.00576452544940581,0.00700278795610135,0.00801942272150175,0.00701439017156286,0.00902445527144064
"2020-12-15",0.0672659790733855,0.00627113927429552,0.0050793457013612,0.00693447064661579,0.0703856826551312,0.0688273387885878,0.0719440265216745,0.306168167007548,0.171444176645954,0.440892157369141,0.00631131386347514,0.00568912958632438,0.00693349814062589,0.00842282647591834,0.00741331960374109,0.0094323333480956
"2020-12-16",0.0638141305487328,0.00594269827581172,0.00514039639900429,0.00663113259601608,0.0703856826661629,0.0688273387839293,0.0719440265483965,0.575417051211161,0.419421060694851,0.731413041727472,0.00624499960079792,0.00560617520683921,0.00688382399475663,0.00882502549515358,0.00777948383692461,0.00987056715338256
"2020-12-17",0.0638135889296413,0.00727670071035892,0.00534511418288264,0.00878198373900614,0.0703856826771946,0.068827338779136,0.0719440265752532,0.908559346096096,0.765476000539987,1.0516426916522,0.00619547080638609,0.00553381758122142,0.00685712403155077,0.00922068272311631,0.00811615059518965,0.010325214851043
"2020-12-18",0.065210824407799,0.00704631115473576,2.66918496389048,0.00978791158388113,0.0703856826882263,0.0688273387742081,0.0719440266022446,1.24109673145168,1.12558541470566,1.35660804819771,0.00617322859718719,0.00549061942699714,0.00685583776737724,0.00960383764249048,0.00843554388848767,0.0107721313964933
"2020-12-19",0.0676455778566458,0.00693397991434794,2.0363557626788,0.0100392921867422,0.0703856826992581,0.0688273387691455,0.0719440266293706,1.51033609113434,1.40768957288307,1.61298260938561,0.00618877520786158,0.00549431265125452,0.00688323776446864,0.00996803431800545,0.00875341940586446,0.0111826492301464
"2020-12-20",0.0680142162424129,0.00698430034546614,2.03623444537351,0.010131883937883,0.0703856827102898,0.0688273387639482,0.0719440266566313,1.68613011216548,1.58363010993133,1.78863011439963,0.00624845510349417,0.00555479269284562,0.00694211751414272,0.0103088752174913,0.009079965385517,0.0115377850494656
"2020-12-21",0.0685588427175962,0.0070145367024596,2.03615965005106,0.0101489820963467,0.0703856827213215,0.0688273387586163,0.0719440266840267,1.77824649813049,1.67922708484562,1.87726591141537,0.00635332597234118,0.00567194866142662,0.00703470328325574,0.0106252963859335,0.009414029625578,0.0118365631462889
"2020-12-22",0.0695790542427553,0.00703455294807766,2.03871900194037,0.0104033249314933,0.0703856827323533,0.0688273387531497,0.0719440267115568,1.82430545522683,1.73195891358477,1.91665199686888,0.00650498155264352,0.00584481643036819,0.00716514667491886,0.0109168895211243,0.0097478449778123,0.0120859340644363
"2020-12-23",0.0693569586788148,0.0069127302228268,2.03858672108809,0.0104025356850929,0.070385682743385,0.0688273387475483,0.0719440267392216,1.86007923846716,1.77234998931867,1.94780848761565,0.00670599697378021,0.00607249983910256,0.00733949410845785,0.0111836855651518,0.0100687696017497,0.0122986015285538
"2020-12-24",0.0697722337279336,0.00691016515671914,2.03861706200662,0.0104041410567891,0.0703856827544166,0.0688273387418123,0.071944026767021,1.8907686199904,1.80569433318312,1.97584290679767,0.00695999450361456,0.00635419284578733,0.0075657961614418,0.0114261318523126,0.0103609128345146,0.0124913508701105
"2020-12-25",0.0727327991718739,0.0067583084528737,1.8760253787124,0.0161487070348714,0.0703856827654484,0.0688273387359416,0.0719440267949552,1.91698646185404,1.83341862861531,2.00055429509276,0.00727174442583338,0.00668925676869524,0.00785423208297151,0.0116450630437984,0.01060849395425,0.0126816321333468
"2020-12-26",0.0733044329169763,0.00672061905733913,1.88193929538986,0.0159196550784165,0.0703856827764801,0.0688273387299363,0.071944026823024,1.93942992371321,1.85680745058644,2.02205239683998,0.00764730461905563,0.00707778814005379,0.00821682109805748,0.0118416675898903,0.0108016554165599,0.0128816797632207
"2020-12-27",0.0742784976799395,0.00726046454647057,1.88199366879461,0.0130463232235598,0.0703856827875118,0.0688273387237962,0.0719440268512274,1.95886358135317,1.87696977556463,2.04075738714172,0.00809420414169221,0.00752212935717396,0.00866627892621047,0.0120174514349249,0.0109420175726468,0.0130928852972031
"2020-12-28",0.074087588271614,0.00708451312373876,2.04192681815491,0.0127605165583772,0.0703856827985436,0.0688273387175215,0.0719440268795656,1.97610498054308,1.89487529245558,2.05733466863058,0.00862167809464432,0.00802920097916201,0.00921415521012663,0.0121742005949772,0.0110430838453011,0.0133053173446534
"2020-12-29",0.0723086779018743,0.00705899228269912,2.12348007183181,0.0125668555095854,0.0703856828095753,0.0688273387111121,0.0719440269080385,1.99201324370327,1.9114083064024,2.07261818100414,0.00924096334516062,0.00861250513379877,0.00986942155652246,0.012313944107604,0.0111252581342714,0.0135026300809365
"2020-12-30",0.074805288615794,0.00729010621764997,2.1207722279359,0.0114522396946361,0.070385682820607,0.068827338704568,0.071944026936646,2.00748102897647,1.92740848179267,2.08755357616026,0.00996566747475063,0.00929270456249366,0.0106386303870076,0.0124389186919158,0.0112101200427994,0.0136677173410323
"2020-12-31",0.0762524671564837,0.0124485483088606,2.08939358244738,0.0114620943914576,0.0703856828316387,0.0688273386978893,0.0719440269653882,2.02333555115779,1.9436258032985,2.10304529901708,0.0108118413905289,0.0100966019277071,0.0115270808533508,0.012551622279621,0.0113163095751394,0.0137869349841026
"2021-01-01",0.0791385179158834,0.0115936901764468,1.50878862874485,0.0110714086464178,0.0703856828426705,0.0688273386910759,0.0719440269942651,2.04017413959395,1.96065073308815,2.11969754609976,0.0117897189868206,0.0110436004928524,0.0125358374807888,0.012656573706712,0.0114503875772294,0.0138627598361946
"2021-01-02",0.0799538427575026,0.0119707568054834,1.60182137016523,0.0112011879845197,0.0703856828537022,0.0688273386841277,0.0719440270232767,2.05857185965963,1.97910502402125,2.13803869529801,0.0129003604336692,0.0121387723621576,0.0136619485051809,0.0127602958415639,0.0116063680783034,0.0139142236048245
"2021-01-03",0.0798603909781591,0.0157237651311846,1.74262256714018,0.011064875912772,0.0703856828647339,0.0688273386770449,0.0719440270524229,2.07912641832535,1.99968813368382,2.15856470296688,0.0141405337362794,0.0133796635009152,0.0149014039716437,0.0128696103508834,0.0117738633865675,0.0139653573151993
"2021-01-04",0.0802038763769254,0.0160048247689618,1.74305247059509,0.011084000604686,0.0703856828757656,0.0688273386698274,0.0719440270817038,2.10246336772524,2.02316928682874,2.18175744862174,0.0155012346381412,0.0147542089660371,0.0162482603102453,0.0129915772792319,0.0119409445892051,0.0140422099692587
"2021-01-05",0.0704435649363282,0.0171305440412976,1.85981162240121,0.0125092230484517,0.0703856828867974,0.0688273386624753,0.0719440271111195,2.12924314790512,2.05035247648909,2.20813381932114,0.0169657972058577,0.0162377879870337,0.0176938064246817,0.0131335446988719,0.0120986519083637,0.01416843748938
"2021-01-06",0.078232908309505,0.0197287785516755,2.14248809942316,0.0144682669259755,0.0703856828978291,0.0688273386549884,0.0719440271406697,2.16017016259687,2.08200782667996,2.23833249851377,0.0185080519525744,0.0177914269915129,0.019224676913636,0.0133032388590111,0.0122472125235204,0.0143592651945019
"2021-01-07",0.0779395878213697,0.0220537904126273,2.14248815600653,0.0144784026158183,0.0703856829088608,0.0688273386473669,0.0719440271703547,2.19600401402953,2.11875104363439,2.27325698442467,0.0200907693898154,0.0193640574383278,0.0208174813413029,0.0135088986214706,0.012399775864703,0.0146180213782382
"2021-01-08",0.0776527672640915,0.0220597710643843,2.15515095339745,0.0144384658635704,0.0703856829198925,0.0688273386396107,0.0719440272001743,2.23733913292221,2.16056779950518,2.31411046633925,0.0216647065688098,0.0209001455341622,0.0224292676034573,0.0137594597352783,0.0125801467955743,0.0149387726749824
"2021-01-09",0.0783097810337983,0.0233547737143996,2.19784011130544,0.0152823670453311,0.0703856829309242,0.0688273386317198,0.0719440272301287,2.28410566869476,2.20633931108341,2.36187202630612,0.0231686325087307,0.0223469329614541,0.0239903320560074,0.0140647970797583,0.0128173113138227,0.0153122828456939
"2021-01-10",0.0778403222914358,0.0234096284114081,2.20225290213599,0.0151689116203344,0.070385682941956,0.0688273386236942,0.0719440272602177,2.33610310600978,2.25513680843372,2.41706940358584,0.0245307203423675,0.0236539879166798,0.0254074527680552,0.0144360365864658,0.0131412128056282,0.0157308603673033
"2021-01-11",0.0780283395364421,0.0269303111138273,2.67042489945084,0.0154756362930705,0.0703856829529877,0.068827338615534,0.0719440272904414,2.39312301477619,2.30676472520755,2.47948130434483,0.0256716318389791,0.024767446948094,0.0265758167298643,0.0148859534280309,0.0135801159318607,0.0161917909242011
"2021-01-12",0.077380273407004,0.0271488227263552,2.67042615506892,0.015902105825335,0.0703856829640194,0.0688273386072391,0.0719440273207998,2.45494066761326,2.36177693266559,2.54810440256093,0.0265136138991602,0.0256268343594562,0.0274003934388643,0.0154277424158404,0.0141534231417273,0.0167020616899534
"2021-01-13",0.0782938289493533,0.0244149307442419,2.34178490252894,0.0159070908300106,0.0703856829750511,0.0688273385988094,0.0719440273512928,2.52130680772871,2.42119307550646,2.62142053995097,0.0270404907969072,0.0261993826869509,0.0278815989068634,0.0160526807899514,0.0148281268514191,0.0172772347284837
"2021-01-14",0.078886494562378,0.0264328469226026,2.49854719774071,0.0161441502642456,0.0703856829860828,0.0688273385902451,0.0719440273819205,2.59193956309678,2.48615714345564,2.69772198273791,0.0272902915673766,0.0264819328971019,0.0280986502376513,0.0167324833155888,0.0155290838035323,0.0179358828276452
"2021-01-15",0.0790152528764159,0.0264864076402294,2.49854712930004,0.0162441650264335,0.0703856829971146,0.0688273385815462,0.071944027412683,2.66651654462121,2.55763699032966,2.77539609891277,0.0273137895966168,0.0264941524335187,0.0281334267597149,0.0174332623155082,0.0161847834655075,0.018681741165509
"2021-01-16",0.0792832241257005,0.0266134360458895,2.51848785711619,0.0165584388086128,0.0703856830081463,0.0688273385727126,0.0719440274435801,2.7447018614113,2.6357771287971,2.8536265940255,0.0271686548668219,0.0262967702169272,0.0280405395167166,0.0181150758142185,0.0167572255897693,0.0194729260386677
"2021-01-17",0.0880325070117278,0.0269597081447795,3.16613318208695,0.0197492281295865,0.070385683019178,0.0688273385637442,0.0719440274746118,2.82623290504098,2.71886318538717,2.93360262469478,0.0269152812410508,0.0259818850436223,0.0278486774384794,0.0187319360644406,0.0172451184488059,0.0202187536800754
"2021-01-18",0.088498021772462,0.0270513520106286,3.16615519149506,0.0199454584983297,0.0703856830302098,0.0688273385546412,0.0719440275057783,2.91083219105175,2.80406192480744,3.01760245729607,0.0266137780458242,0.0256440026897771,0.0275835534018712,0.0192328653287416,0.0176568785864029,0.0208088520710803
"2021-01-19",0.0889538648524901,0.0272652819594798,3.17412949314966,0.0200452712557698,0.0703856830412415,0.0688273385454035,0.0719440275370794,2.99817798327506,2.88792633505095,3.10842963149917,0.0263222601528248,0.0253593112720739,0.0272852090335758,0.0195641921972866,0.0179802363607536,0.0211481480338196
"2021-01-20",0.0886644840135708,0.0272728781461886,3.17413023922147,0.020071119924111,0.0703856830522732,0.0688273385360311,0.0719440275685152,3.08790012174948,2.96727427013268,3.20852597336629,0.0260964286053555,0.025167281880676,0.0270255753300351,0.019673165707739,0.0181431832120363,0.0212031482034417
"2021-01-21",0.0875496213766346,0.0265444006250786,3.19384129519254,0.0191061524268425,0.0703856830633049,0.0688273385265241,0.0719440276000857,3.17957623833459,3.04018175800419,3.318970718665,0.0259903689086625,0.0250352352718001,0.0269455025455249,0.0195127631034401,0.0179455148652933,0.0210800113415868
"2021-01-22",0.0855181502816005,0.0256328964004619,3.19384226484756,0.0184429492226265,0.0703856830743366,0.0688273385168824,0.0719440276317909,3.272728486861,3.10593639873729,3.43952057498471,0.0260585048768762,0.0248507955278499,0.0272662142259026,0.0190472937527346,0.0170808623790372,0.021013725126432
"2021-01-23",0.0853822251803924,0.0256886255681253,3.19384226484756,0.018492931616359,0.0703856830853684,0.068827338507106,0.0719440276636307,3.36682092938903,3.16404603629458,3.56959582248349,0.0263587276131473,0.0245522626179891,0.0281651926083056,0.018258099362775,0.0154340456593912,0.0210821530661587
