"date","country","region","population","p_cases","p_cases_recent","p_cases_fatalities","p_cases_stillsick","p_cases_smooth","p_cases_smooth_low","p_cases_smooth_high","p_cases_fatalities_smooth","p_cases_fatalities_smooth_low","p_cases_fatalities_smooth_high","p_cases_recent_smooth","p_cases_recent_smooth_low","p_cases_recent_smooth_high","p_cases_stillsick_smooth","p_cases_stillsick_smooth_low","p_cases_stillsick_smooth_high"
"2020-03-19","ES","ESCL",2399548,NA,NA,NA,NA,0.0167562608937008,0.0116396498256042,0.0218728719617973,0.002029284124557,0.00170995714410523,0.00234861110500877,1.45527957462838e-08,-2.44159262037039e-07,2.73264853529607e-07,11212725.3757435,-79009308.2655423,101434759.017029
"2020-03-20","ES","ESCL",2399548,NA,NA,NA,NA,0.0176225162484963,0.0128437398258194,0.0224012926711732,0.00203457145395403,0.00171577807814058,0.00235336482976748,1.69175134880934e-08,-2.79248603810139e-07,3.13083630786326e-07,7599131.83506762,-52448110.5687293,67646374.2388646
"2020-03-21","ES","ESCL",2399548,NA,NA,NA,NA,0.0185335547649095,0.0141070037719929,0.0229601057578262,0.00203987255956495,0.00172161764082616,0.00235812747830374,1.9666479734171e-08,-3.19295139582262e-07,3.58628099050604e-07,5150113.17156317,-34800940.2352093,45101166.5783356
"2020-03-22","ES","ESCL",2399548,0.0208333333333333,NA,NA,NA,0.0194916916165823,0.0154138545036879,0.0235695287294767,0.00204518747728389,0.00172747588822199,0.00236289906634579,2.28621319206731e-08,-3.64983482124683e-07,4.10707745966029e-07,3490354.72151044,-23080936.0583372,30061645.5013581
"2020-03-23","ES","ESCL",2399548,0.0208333333333333,NA,NA,NA,0.0205350437302595,0.0167490649961185,0.0243210224644004,0.0020505162430985,0.001733352876525,0.002367679609672,2.65770530884638e-08,-4.17089864674668e-07,4.70243970851595e-07,2365496.77184522,-15300597.4859916,20031591.0296821
"2020-03-24","ES","ESCL",2399548,0.0310344827586207,NA,NA,NA,0.021698488599577,0.018126439574717,0.0252705376244369,0.0020558588930902,0.00173924866206865,0.00237246912411174,3.08956204661e-08,-4.76493844494566e-07,5.38285085426766e-07,1603153.6689167,-10137865.4385598,13344172.7763932
"2020-03-25","ES","ESCL",2399548,0.0237623762376238,NA,NA,NA,0.0229782438036199,0.0195657528708394,0.0263907347364004,0.00206121546343441,0.00174516330132264,0.00237726762554618,3.59159219349128e-08,-5.4419139188157e-07,6.16023235751396e-07,1086495.53732268,-6713636.02040347,8886627.09504883
"2020-03-26","ES","ESCL",2399548,0.0214669051878354,NA,NA,NA,0.0243681984676003,0.0210852615022533,0.0276511354329472,0.00206658599040081,0.00175109685089246,0.00238207512990915,4.17519839049722e-08,-6.21309506127232e-07,7.04813473937177e-07,736343.979688359,-4443564.27468951,5916252.23406623
"2020-03-27","ES","ESCL",2399548,0.0214477211796247,NA,NA,NA,0.0258591948825893,0.0226984639706386,0.0290199257945401,0.00207197051035358,0.00175704936751909,0.00238689165318808,4.85363612038184e-08,-7.09122509396886e-07,8.06195231804523e-07,499037.904710936,-2939382.00953306,3937457.81895493
"2020-03-28","ES","ESCL",2399548,0.0258272800645682,NA,NA,NA,0.0274383066713522,0.024411227997393,0.0304653853453114,0.00207736905975167,0.0017630209080785,0.00239171721142484,5.64231478022525e-08,-8.09070178329417e-07,9.21916473933922e-07,338209.908966291,-1943207.22864156,2619627.04657415
"2020-03-29","ES","ESCL",2399548,0.0260509177027827,NA,NA,NA,0.0290881491093301,0.0262196137497896,0.0319566844688706,0.00208278167514898,0.00176901152958124,0.00239655182071672,6.55914767599922e-08,-9.22777880894314e-07,1.0539608344143e-06,229212.934414763,-1283829.66853785,1742255.53736738
"2020-03-30","ES","ESCL",2399548,0.026500811249324,NA,NA,NA,0.0307862711303015,0.0281082983116071,0.0334642439489959,0.00208820839319469,0.00177502128917197,0.0024013954972174,7.62495888856611e-08,-1.05207889210222e-06,1.20457806987355e-06,155343.081057577,-847630.438571317,1158316.60068647
"2020-03-31","ES","ESCL",2399548,0.0237774786899955,NA,NA,NA,0.0325046921028844,0.0300494290570607,0.0349599551487081,0.00209364925063345,0.001781050244129,0.00240624825713789,8.86395625228323e-08,-1.1990390658069e-06,1.37631819085257e-06,105279.716845275,-559243.585438563,769803.019129114
"2020-04-01","ES","ESCL",2399548,0.0317231434751262,NA,NA,NA,0.0342096580227016,0.0320018899458286,0.0364174260995746,0.00209910428430566,0.00178709845186371,0.00241111011674761,1.03042811890055e-07,-1.36598404012451e-06,1.57206966390462e-06,71350.5790123553,-368700.743179703,511401.901204414
"2020-04-02","ES","ESCL",2399548,0.0414707139803335,NA,NA,NA,0.0358616991683906,0.0339112613555985,0.0378121369811827,0.0021045735311477,0.00179316596992004,0.00241598109237535,1.19786478858965e-07,-1.55552914975714e-06,1.79510210747507e-06,48355.9918087566,-242888.707178741,339600.690796254
"2020-04-03","ES","ESCL",2399548,0.0414707139803335,NA,NA,NA,0.0374160719645441,0.0357112716449657,0.0391208722841225,0.00211005702819219,0.00179925285597395,0.00242086120041042,1.39250863347355e-07,-1.77061220828171e-06,2.04911393497642e-06,32772.0107695783,-159875.207807813,225419.229346969
"2020-04-04","ES","ESCL",2399548,0.0399159663865546,NA,NA,NA,0.03882495607126,0.0373299982099851,0.0403199139325349,0.00211555481256824,0.00180535916783275,0.00242575045730373,1.61878061094143e-07,-2.01452930543818e-06,2.33828542762647e-06,22210.3745514916,-105141.41137231,149562.160475293
"2020-04-05","ES","ESCL",2399548,0.0399159663865546,NA,NA,NA,0.0400628111260096,0.0387281515136133,0.0413974707384059,0.00212106692150171,0.00181148496343454,0.00243064887956888,1.88182005006556e-07,-2.29097373639025e-06,2.66733774640336e-06,15052.5013916897,-69081.49862672,99186.5014100994
"2020-04-06","ES","ESCL",2399548,0.0399159663865546,NA,NA,NA,0.0411285387993468,0.0399035894193509,0.0423534881793426,0.00212659339231543,0.00181763030084748,0.00243555648378338,2.18760138149249e-07,-2.60407813908619e-06,3.04159841538469e-06,10201.4397650761,-45343.9225657679,65746.8020959201
"2020-04-07","ES","ESCL",2399548,0.039406779661017,NA,NA,NA,0.0420260622566622,0.0408664499803898,0.0431856745329345,0.0021321342624295,0.00182379523826918,0.00244047328658981,2.54306983504672e-07,-2.95845985885789e-06,3.46707382586723e-06,6913.75941927707,-29731.5375987134,43559.0564372676
"2020-04-08","ES","ESCL",2399548,0.039406779661017,NA,NA,NA,0.0427631631022366,0.0416360357951142,0.0438902904093591,0.0021376895693615,0.00182997983402591,0.00244539930469709,2.95629918715462e-07,-3.35926948215613e-06,3.95052931958705e-06,4685.619913307,-19472.6583110049,28843.8981376189
"2020-04-09","ES","ESCL",2399548,0.0697029702970297,NA,NA,NA,0.0433509671359228,0.0422364081364269,0.0444655261354188,0.00214325935072677,0.00183618414657185,0.00245033455488169,3.43667514101537e-07,-3.81224237884375e-06,4.49957740704682e-06,3175.55654464394,-12738.1989111065,19089.3120003943
"2020-04-10","ES","ESCL",2399548,0.0668728256667955,NA,NA,NA,0.0438033929327249,0.0426923219568573,0.0449144639085925,0.00214884364423866,0.00184240823448835,0.00245527905398898,3.99510850464379e-07,-4.32375295870754e-06,5.1227746596363e-06,2152.15052753049,-8321.99067082739,12626.2917258884
"2020-04-11","ES","ESCL",2399548,0.0668728256667955,NA,NA,NA,0.0441365972707358,0.0430271294038301,0.0452460651376415,0.00215444248770878,0.00184865215648302,0.00246023281893455,4.64428300871102e-07,-4.90087117549856e-06,5.82972777724076e-06,1458.56382276105,-5429.2513917455,8346.37903726761
"2020-04-12","ES","ESCL",2399548,0.0526315789473684,NA,NA,NA,0.0443684466962373,0.0432623806533043,0.0454745127391703,0.00216005591904726,0.00185491597138894,0.00246519586670559,5.39894339288411e-07,-5.5514205920643e-06,6.63120927064112e-06,988.50354464214,-3536.70007595505,5513.70716523934
"2020-04-13","ES","ESCL",2399548,0.0451837140019861,NA,NA,NA,0.0445180390252849,0.0434182171171296,0.0456178609334403,0.002165683976263,0.00186119973816371,0.0024701682143623,6.27623030398767e-07,-6.28403704242367e-06,7.5392831032212e-06,669.93246543052,-2300.10766643262,3639.97259729366
"2020-04-14","ES","ESCL",2399548,0.0451837140019861,NA,NA,NA,0.0446052929350208,0.0435139456221941,0.0456966402478474,0.00217132669746394,0.00186750351588852,0.00247514987903936,7.29606961254885e-07,-7.10822657828923e-06,8.567440500799e-06,454.029235069959,-1493.23757316178,2401.2960433017
"2020-04-15","ES","ESCL",2399548,0.047052740434333,NA,NA,NA,0.0446506184883088,0.0435685438790439,0.0457326930975736,0.0021769841208573,0.00187382736376717,0.00248014087794744,8.48162499029658e-07,-8.03442095345265e-06,9.73074595151196e-06,307.706458390159,-967.54557325973,1582.95849004005
"2020-04-16","ES","ESCL",2399548,0.0447604002106372,NA,NA,NA,0.0446746742553185,0.0436010186638,0.045748329846837,0.00218265628474987,0.00188017134112503,0.00248514122837471,9.85982402803481e-07,-9.07402836163529e-06,1.10459931672423e-05,208.540017297399,-625.600329291836,1042.68036388663
"2020-04-17","ES","ESCL",2399548,0.0447604002106372,NA,NA,NA,0.0446937696521376,0.0436265771770456,0.0457609621272296,0.00218834322754822,0.00188653550740798,0.00249015094768847,1.14619698436365e-06,-1.02394764805691e-05,1.25318704492964e-05,141.332551295551,-403.566509928749,686.231612519851
"2020-04-18","ES","ESCL",2399548,0.0447604002106372,NA,NA,NA,0.0447106556141995,0.0436482760228428,0.0457730352055562,0.00219404498775902,0.00189291992218128,0.00249517005333676,1.33244520716477e-06,-1.15442440620829e-05,1.42091344764125e-05,95.7844461440867,-259.669783731518,451.238676019691
"2020-04-19","ES","ESCL",2399548,0.0447604002106372,NA,NA,NA,0.0447255028558231,0.0436667446090552,0.0457842611025911,0.00219976160398924,0.00189932464512843,0.00250019856285006,1.54895733832529e-06,-1.30028763153313e-05,1.61007909919819e-05,64.915407236537,-166.607389788654,296.438204261729
"2020-04-20","ES","ESCL",2399548,0.0447604002106372,NA,NA,NA,0.0447384826166703,0.0436825058491204,0.0457944593842202,0.00220549311494647,0.00190574973604992,0.00250523649384302,1.80065103093959e-06,-1.46309781236054e-05,1.82322801854846e-05,43.9947221738526,-106.559200353455,194.54864470116
"2020-04-21","ES","ESCL",2399548,0.0447604002106372,NA,NA,NA,0.0447497665865333,0.043695992239058,0.0458035409340086,0.00221123955943912,0.00191219525486201,0.00251028386401624,2.09324301902941e-06,-1.64451776745736e-05,2.06316637126324e-05,29.8162741566392,-67.9113735576322,127.543921870911
"2020-04-22","ES","ESCL",2399548,0.0447604002106372,NA,NA,NA,0.0447595268366464,0.043707562211375,0.0458114914619178,0.00221700097637676,0.00191866126159538,0.00251534069115813,2.43337896206852e-06,-1.84630513236015e-05,2.33298092477385e-05,20.2072012427037,-43.1069018313787,83.521304316786
"2020-04-23","ES","ESCL",2399548,0.0447604002106372,NA,NA,NA,0.0447679357575627,0.0437175157179894,0.045818355797136,0.00222277740477029,0.00192514781639377,0.0025204069931468,2.82878438824711e-06,-2.07029983982492e-05,2.63605671747434e-05,13.6949029888162,-27.2369997226719,54.6268057003043
"2020-04-24","ES","ESCL",2399548,0.0447604002106372,NA,NA,NA,0.0447751660036333,0.0437261083807527,0.045824223626514,0.00222856888373229,0.00193165497951256,0.00252548278795201,3.28844016485965e-06,-2.31840521314713e-05,2.97609324611906e-05,9.28136289733879,-17.1190669570179,35.6817927516955
"2020-04-25","ES","ESCL",2399548,0.0447604002106372,NA,NA,NA,0.0447813904441163,0.0437335638136272,0.0458292170746054,0.00223437545247723,0.00193818281131729,0.00253056809363717,3.82278648128536e-06,-2.59256099187966e-05,3.35711828813673e-05,6.2902013473513,-10.6939042838719,23.2743069785745
"2020-04-26","ES","ESCL",2399548,0.0447604002106372,NA,NA,NA,0.0447867821209406,0.0437400838881353,0.0458334803537459,0.00224019715032176,0.00194473137228208,0.00253566292836143,4.44395997763939e-06,-2.89470625651736e-05,3.78349825204524e-05,4.26301971249986,-6.63217120525408,15.1582106302538
"2020-04-27","ES","ESCL",2399548,0.0430672268907563,NA,NA,NA,0.0447915142131427,0.0437458568118494,0.0458371716144361,0.00224603401668497,0.0019513007229881,0.00254076731038185,5.16606940501169e-06,-3.22672980554985e-05,4.25994368655219e-05,2.88915029354583,-4.07782434026995,9.85612492736161
"2020-04-28","ES","ESCL",2399548,0.0514861995753716,NA,NA,NA,0.0447957600079909,0.0437510629437138,0.045840457072268,0.00225188609108866,0.0019578909241218,0.00254588125805553,6.00551607838164e-06,-3.59040505923185e-05,4.79150827490818e-05,1.95804616953111,-2.48111912940179,6.39721146846401
"2020-04-29","ES","ESCL",2399548,0.0514861995753716,NA,NA,NA,0.0447996861468627,0.0437558725333978,0.0458434997603277,0.00225775341315761,0.00196450203647327,0.00255100478984194,6.98136640067437e-06,-3.98730601580155e-05,5.38357929593642e-05,1.32701466260867,-1.49009348265398,4.14412280787131
"2020-04-30","ES","ESCL",2399548,0.0514861995753716,NA,NA,NA,0.0448033717972685,0.0437603773575491,0.0458463662369878,0.00226363602261981,0.00197113412093436,0.00255613792430526,8.11578491912045e-06,-4.4187001680287e-05,6.04185715185279e-05,0.899349536379976,-0.88018337326366,2.67888244602361
"2020-05-01","ES","ESCL",2399548,0.0514861995753716,NA,NA,NA,0.0448068349323076,0.0437646121574465,0.0458490577071687,0.00226953395930681,0.00197778723849685,0.00256128068011678,9.43453774995394e-06,-4.88541360857949e-05,6.77232115857027e-05,0.609510664333481,-0.508662994122173,1.72768432278914
"2020-05-02","ES","ESCL",2399548,0.0514861995753716,NA,NA,NA,0.0448100922777581,0.0437686063891356,0.0458515781663805,0.00227544726315391,0.00198446145025045,0.00256643307605737,1.09675778057648e-05,-5.38766283227575e-05,7.58117839342872e-05,0.413079937119444,-0.285218959240959,1.11137883347985
"2020-05-03","ES","ESCL",2399548,0.0479825517993457,NA,NA,NA,0.0448131605672723,0.043772386227756,0.0458539349067886,0.00228137597420046,0.00199115681738082,0.0025715951310201,1.27497251178091e-05,-5.92484702432144e-05,8.47479204788326e-05,0.279954140978318,-0.152991212766967,0.712899494723603
"2020-05-04","ES","ESCL",2399548,0.0479825517993457,NA,NA,NA,0.0448160565416385,0.0437759753804761,0.0458561377028009,0.00228732013259015,0.00199787340116743,0.00257676686401288,1.48214577054788e-05,-6.49529398524471e-05,9.45958552634047e-05,0.189731608844139,-0.0763905016552309,0.45585371934351
"2020-05-05","ES","ESCL",2399548,0.0479825517993457,NA,NA,NA,0.0448187969481052,0.0437793957755258,0.0458581981206846,0.00229327977857127,0.00200461126298138,0.00258194829416116,1.72298309559983e-05,-7.09595242669808e-05,0.000105419186178977,0.128585643594296,-0.033293676514821,0.290464963703414
"2020-05-06","ES","ESCL",2399548,0.0479825517993457,NA,NA,NA,0.0448213985397677,0.0437826681255742,0.0458601289539612,0.00229925495249695,0.00201137046428311,0.00258713944071079,2.00295463962727e-05,-7.72202342206522e-05,0.000117279327013197,0.0871455622986997,-0.0100603799286819,0.184351504526081
"2020-05-07","ES","ESCL",2399548,0.0444096133751306,0,NA,0,0.0448238780750178,0.0437858123641437,0.0458619437858918,0.00230524569482547,0.00201815106662004,0.00259234032303091,2.32841941319667e-05,-8.36652473160679e-05,0.000130233635580001,0.059060629290138,0.00163678384039429,0.116484474739882
"2020-05-08","ES","ESCL",2399548,0.0444096133751306,0,NA,0,0.0448262523170553,0.043788847954024,0.0458636566800867,0.00231125204612056,0.00202495313162412,0.00259755096061699,2.70676971734122e-05,-9.01978426066976e-05,0.000144333236953522,0.0400267993015078,0.00681985721470758,0.0732337413883081
"2020-05-09","ES","ESCL",2399548,0.0444096133751306,0,NA,0,0.0448285380334633,0.043791794066818,0.0458652820001087,0.00231727404705158,0.00203177672100925,0.00260277137309391,3.14659904533986e-05,-9.6688642797269e-05,0.000159620623704066,0.0271271180408963,0.00847067536262369,0.045783560719169
"2020-05-10","ES","ESCL",2399548,0.0444096133751306,0,NA,0,0.0448307519958449,0.04379466963285,0.0458668343588398,0.0023233117383939,0.00203862189656864,0.00260800158021916,3.65789726724859e-05,-0.000102969283547837,0.000176127228892809,0.0183846959049009,0.0083232288728679,0.0284461629369339
"2020-05-11","ES","ESCL",2399548,0.0343716433941998,0,NA,0,0.0448329109676333,0.043797493251266,0.0458683286840006,0.00232936516102911,0.00204548872017203,0.00261324160188618,4.25227753042159e-05,-0.000108825818904542,0.000193871369512974,0.0124597475856493,0.00735539410494242,0.0175641010663561
"2020-05-12","ES","ESCL",2399548,0.0299667036625971,0,NA,0,0.0448350284978455,0.0438002804240816,0.0458697765716095,0.00233543435594532,0.00205237725376288,0.00261849145812777,4.94324002962754e-05,-0.00011399251248113,0.000212857313073681,0.00844426857540285,0.00608676029003751,0.0108017768607682
"2020-05-13","ES","ESCL",2399548,0.0299477309662216,0,NA,0.00587786498817896,0.0448371105813671,0.0438030398545292,0.0458711813082049,0.00234151936423745,0.0020592875593553,0.0026237511691196,5.74647863778764e-05,-0.00011814727036757,0.000233076843123323,0.0057284494930475,0.00473619943156347,0.00672069955453153
"2020-05-14","ES","ESCL",2399548,0.0403261633882224,0,NA,0.00486920210436424,0.0448391621306605,0.0438057786993811,0.0458725455619398,0.00234762022710748,0.00206621969903106,0.00262902075518389,6.68023736185791e-05,-0.000120911047953212,0.00025451579519037,0.00399501868179221,0.00342727702169818,0.00456276034188624
"2020-05-15","ES","ESCL",2399548,0.043731246316703,0.000225708300985088,NA,0.00149284211694389,0.0448411880591579,0.0438085036994257,0.0458738724188902,0.00235373698586473,0.00207317373493627,0.00263430023679318,7.76577878976753e-05,-0.000121863959273239,0.00027717953506859,0.00290000710147984,0.00241401653260032,0.00338599767035936
"2020-05-16","ES","ESCL",2399548,0.0437244905255689,0.000226279668117334,NA,0.00149253818939153,0.0448431932812302,0.043811221398107,0.0458751651643535,0.00235986968192618,0.00208014972927814,0.00263958963457422,9.0294258738338e-05,-0.000120784150581552,0.000301372668058228,0.0021923344225468,0.00175639200038228,0.00262827684471132
"2020-05-17","ES","ESCL",2399548,0.0437244905255689,0.000226279668117334,NA,0.00149253818939153,0.0448451827121617,0.0438139382998771,0.0458764271244464,0.0023660183568167,0.00208714774432142,0.00264488896931198,0.000105011623438345,-0.000117299905724243,0.000327323152600933,0.00172691520392028,0.00134608151303962,0.00210774889480093
"2020-05-18","ES","ESCL",2399548,0.0437244905255689,0.000226279668117334,NA,0.00149253818939153,0.0448471612681301,0.0438166609679621,0.0458776615682981,0.00237218305216937,0.00209416784238487,0.00265019826195387,0.00012215093787707,-0.000110912790762901,0.000355214666517041,0.00141814509090377,0.00108746584759134,0.00174882433421621
"2020-05-19","ES","ESCL",2399548,0.0437244905255689,0.000226279668117334,NA,0.00149253818939153,0.0448491338661918,0.0438193960612379,0.0458788716711458,0.00237836380972573,0.00210121008583745,0.00265551753361401,0.000142107997889278,-0.000101124448035697,0.000385340443814253,0.00121474392399524,0.000921885979994713,0.00150760186799576
"2020-05-20","ES","ESCL",2399548,0.0437244905255689,0.000226279668117334,NA,0.00149253818939153,0.0448511054242729,0.043822150309889,0.0458800605386568,0.0023845606713361,0.00210827453709451,0.00266084680557768,0.000165341777264599,-8.74598286015476e-05,0.000418143383130745,0.00108590590718699,0.00081624441390683,0.00135556740046715
"2020-05-21","ES","ESCL",2399548,0.0437244905255689,0.000226279668117334,NA,0.00149253818939153,0.044853080861165,0.0438249304294986,0.0458812312928314,0.00239077367895981,0.00211536125861365,0.00266618609930596,0.000192384080466391,-6.94834417407903e-05,0.000454251602673572,0.0010136126466195,0.000753363975009104,0.00127386131822989
"2020-05-22","ES","ESCL",2399548,0.0437244905255689,0.000226279668117334,NA,0.00149253818939153,0.044855065096527,0.0438277429731785,0.0458823872198756,0.00239700287466554,0.00212247031289059,0.00267153543644048,0.000223850565455309,-4.67920241643833e-05,0.000494493155075001,0.000988446536641714,0.000726340508876942,0.00125055256440649
"2020-05-23","ES","ESCL",2399548,0.0437244905255689,0.000226279668117334,NA,0.00149253818939153,0.0448570630508923,0.0438305941212982,0.0458835319804864,0.00240324830063158,0.00212960176245479,0.00267689483880836,0.00026045330764538,-1.89582727648014e-05,0.000539864888055562,0.00100754366701238,0.000735673768223964,0.0012794135658008
"2020-05-24","ES","ESCL",2399548,0.0437244905255689,0.000226279668117334,NA,0.00149253818939153,0.0448590796513158,0.0438334896445446,0.0458846696580869,0.0024095099991461,0.0021367556698649,0.0026822643284273,0.000303015092311447,1.4602607004368e-05,0.000591427577618525,0.00107213349237375,0.000786168392972733,0.00135809859177476
"2020-05-25","ES","ESCL",2399548,0.0437244905255689,0.000226279668117334,NA,0.00149253818939153,0.0448611198787118,0.0438364366997518,0.0458858030576717,0.00241578801260747,0.00214393209770405,0.00268764392751089,0.000352484962838286,5.48546797613538e-05,0.000650115245915218,0.00118330864432613,0.000881296950933715,0.00148532033771855
"2020-05-26","ES","ESCL",2399548,0.0437244905255689,0.000226279668117334,NA,0.00149253818939153,0.0448631887439485,0.0438394430982702,0.0458869343896268,0.00242208238352452,0.00215113110857496,0.00269303365847408,0.000409790026374747,0.000103241887309136,0.000716338165440358,0.00134461540522789,0.00102663447184911,0.00166259633860667
"2020-05-27","ES","ESCL",2399548,0.0437244905255689,0.000226279668117334,NA,0.00149253818939153,0.044865291259164,0.0438425163942736,0.0458880661240545,0.00242839315451684,0.00215835276509484,0.00269843354393883,0.000475482773037922,0.000161142129829223,0.000789823416246622,0.00156147732771315,0.00122978552025181,0.00189316913517449
"2020-05-28","ES","ESCL",2399548,0.0437244905255689,0.000226279668117334,NA,0.00149253818939153,0.0448674324375041,0.0438456640372114,0.0458892008377968,0.00243472036831506,0.00216559712989013,0.00270384360674,0.000549813758055836,0.000229418785766737,0.000870208730344934,0.00183949037838339,0.00149830182645377,0.00218067893031301
"2020-05-29","ES","ESCL",2399548,0.0423152802087717,0.000221275694917039,NA,0.00145925192294634,0.0448696172931622,0.0438488934498649,0.0458903411364595,0.00244106406776116,0.00217286426559094,0.00270926386993139,0.000632642892294004,0.000308031925763387,0.000957253858824622,0.0021820780423609,0.00183616911560107,0.00252798696912074
"2020-05-30","ES","ESCL",2399548,0.0423152802087717,0.000221275694917039,NA,0.00145925192294634,0.0448718508414258,0.043852212019305,0.0458914896635465,0.00244742429580873,0.00218015423482537,0.00271469435679209,0.000723300353815982,0.000395650237556553,0.00105095047007541,0.00258726338013166,0.0022387656409775,0.00293576111928582
"2020-05-31","ES","ESCL",2399548,0.0423152802087717,0.000221275694917039,NA,0.00145925192294634,0.0448741380987279,0.0438556270000759,0.0458926491973799,0.00245380109552329,0.00218746710021359,0.00272013509083299,0.000820447010135566,0.000489466920623507,0.00115142709964762,0.00304365407243101,0.00268790488432697,0.00339940326053506
"2020-06-01","ES","ESCL",2399548,0.0428694388865143,0.00148666847388833,NA,0.0049235426666077,0.0448764840827043,0.0438591453288199,0.0458938228365888,0.00246019451008255,0.00219480292436159,0.00272558609580351,0.000921953486562388,0.000585511581763762,0.00125839539136101,0.00352631342450045,0.00315145575705619,0.00390117109194471
"2020-06-02","ES","ESCL",2399548,0.0428694388865143,0.00148666847388833,NA,0.0049235426666077,0.0448788938122563,0.0438627733494316,0.045895014275081,0.00246660458277673,0.00220216176985481,0.00273104739569865,0.00102482308798809,0.000679637199365488,0.0013700089766107,0.00399396434119344,0.00359014819391974,0.00439778048846714
"2020-06-03","ES","ESCL",2399548,0.0428694388865143,0.00148666847388833,NA,0.0049235426666077,0.0448813723076189,0.0438665164476873,0.0458962281675505,0.00247303135700885,0.00220954369925144,0.00273651901476626,0.00112518778000817,0.000768847746653233,0.00148152781336311,0.00439764402690311,0.00396978670388024,0.00482550134992598
"2020-06-04","ES","ESCL",2399548,0.0428694388865143,0.00148666847388833,NA,0.0049235426666077,0.0448839245904354,0.0438703785941509,0.0458974705867199,0.00247947487629501,0.00221694877507547,0.00274200097751456,0.00121840972537222,0.000852065743299596,0.00158475370744485,0.00471518112688553,0.00427957758873388,0.00515078466503719
"2020-06-05","ES","ESCL",2399548,0.0428694388865143,0.00148666847388833,NA,0.0049235426666077,0.0448865556997246,0.0438743618422494,0.0458987495571998,0.00248593518426469,0.00222437705980943,0.00274749330871996,0.00130032201689324,0.000929518831702457,0.00167112520208401,0.00494035379836425,0.00451541932742252,0.00536528826930598
"2020-06-06","ES","ESCL",2399548,0.0423085734541564,0.00148217896598617,NA,0.00491010962245393,0.0448892722273197,0.0438784705172811,0.0459000739373582,0.00249241232466105,0.0022318286158869,0.00275299603343521,0.00136930245298252,0.00100073788937949,0.00173786701658554,0.00507595811457006,0.00467443473280855,0.00547748149633157
"2020-06-07","ES","ESCL",2399548,0.0423085734541564,0.00148217896598617,NA,0.00491010962245393,0.044892083598472,0.0438827157323135,0.0459014514646304,0.00249890634134123,0.0022393035056847,0.00275850917699776,0.00142480860206647,0.00106365197478122,0.00178596522935173,0.00513212538598542,0.00475585959755117,0.00550839117441966
"2020-06-08","ES","ESCL",2399548,0.0423085734541564,0.00148217896598617,NA,0.00491010962245393,0.0448949995426944,0.0438871085471348,0.045902890538254,0.00250541727827663,0.00224680179151469,0.00276403276503857,0.00146703374638356,0.00111515256081828,0.00181891493194883,0.00512406559867919,0.00476337187826373,0.00548475931909466
"2020-06-09","ES","ESCL",2399548,0.0423085734541564,0.00148217896598617,NA,0.00491010962245393,0.0448980297927107,0.0438916592766689,0.0459044003087526,0.00251194517955322,0.00225432353561533,0.0027695668234911,0.00149681413000874,0.00115221742059295,0.00184141083942453,0.0050697814887566,0.00470906118965994,0.00543050178785326
"2020-06-10","ES","ESCL",2399548,0.0431226334037746,0.00145149592021797,NA,0.00480672524562528,0.0449011840846925,0.0438963774528408,0.0459059907165442,0.00251849008937183,0.00226186880014285,0.0027751113786008,0.00151550579084767,0.00117338091750844,0.00185763066418691,0.00498815434445541,0.00461505234945029,0.00536125633946052
"2020-06-11","ES","ESCL",2399548,0.0431226334037746,0.00145149592021797,NA,0.00480672524562528,0.044904472158517,0.0439012715470871,0.0459076727699469,0.00252505205204847,0.00226943764716208,0.00278066645693487,0.0015248497151979,0.00117993623515241,0.0018697631952434,0.00489762523267875,0.00450903331825677,0.00528621714710074
"2020-06-12","ES","ESCL",2399548,0.0431226334037746,0.00145149592021797,NA,0.00480672524562528,0.0449079037580468,0.0439063484504573,0.0459094590656364,0.00253163111201463,0.00227703013863687,0.00278623208539238,0.00152684152874758,0.00117604074991295,0.00187764230758221,0.00481554211195763,0.00441799817437715,0.00521308604953811
"2020-06-13","ES","ESCL",2399548,0.0431226334037746,0.00145149592021797,NA,0.00480672524562528,0.04491148863143,0.0439116127079486,0.0459113645549115,0.00253822731381752,0.00228464633642014,0.00279180829121489,0.00152361810264384,0.00116762014966605,0.00187961605562163,0.00475581673456772,0.00436211012966505,0.00514952333947038
"2020-06-14","ES","ESCL",2399548,0.0431226334037746,0.00145149592021797,NA,0.00480672524562528,0.0449152365314218,0.0439170655035267,0.045913407559317,0.00254484070212045,0.00229228630224353,0.00279739510199738,0.00151736800228686,0.00116082915008168,0.00187390685449205,0.00471890559309103,0.00434038820676394,0.00509742297941811
"2020-06-15","ES","ESCL",2399548,0.0431226334037746,0.00145149592021797,NA,0.00480672524562528,0.0449191572157274,0.0439227033923479,0.0459156110391068,0.00255147132170311,0.00229995009770656,0.00280299254569966,0.00150979802248701,0.00115931104044151,0.00186028500453251,0.0047010586106081,0.00434361345759964,0.00505850376361657
"2020-06-16","ES","ESCL",2399548,0.0431226334037746,0.00145149592021797,NA,0.00480672524562528,0.0449232604473656,0.0439285167772668,0.0459180041174645,0.00255811921746185,0.00230763778426544,0.00280860065065826,0.00150140682325734,0.00116143624903479,0.00184137739747989,0.00469883040542705,0.00436145977182825,0.00503620103902586
"2020-06-17","ES","ESCL",2399548,0.0431226334037746,0.00145149592021797,NA,0.00480672524562528,0.0449275559950549,0.0439344881281404,0.0459206238619693,0.00256478443440999,0.00231534942322128,0.00281421944559869,0.00149250382856561,0.00116391310505033,0.00182109455208089,0.00470896140978242,0.00438364938268402,0.00503427343688083
"2020-06-18","ES","ESCL",2399548,0.0431226334037746,0.00145149592021797,NA,0.00480672524562528,0.0449320541628436,0.0439405914059422,0.045923516919745,0.00257146701767814,0.00232308507570794,0.00281984895964834,0.00148339220090862,0.00116337215187314,0.0018034122499441,0.00472828099140743,0.0044022457222122,0.00505431626060266
"2020-06-19","ES","ESCL",2399548,0.0431226334037746,0.00145149592021797,NA,0.00480672524562528,0.0449367689527024,0.0439468016141028,0.0459267362913019,0.00257816701251451,0.00233084480267925,0.00282548922234976,0.0014743681174295,0.0011574524694701,0.00179128376538891,0.00475363397551738,0.0044141667211522,0.00509310122988255
"2020-06-20","ES","ESCL",2399548,0.0431226334037746,0.00145149592021797,NA,0.00480672524562528,0.0449417159474962,0.0439530956568258,0.0459303362381667,0.00258488446428519,0.00233862866489577,0.0028311402636746,0.00146572064737163,0.00114572583582762,0.00178571545891564,0.00478182900857834,0.00442134889177551,0.00514230912538117
"2020-06-21","ES","ESCL",2399548,0.0431226334037746,0.00145149592021797,NA,0.00480672524562528,0.0449469107461758,0.0439594506743846,0.045934370817967,0.00259161941847447,0.00234643672291091,0.00283680211403802,0.00145773220684165,0.00112994892738875,0.00178551548629455,0.00480960840794273,0.00442834986084587,0.0051908669550396
"2020-06-22","ES","ESCL",2399548,0.0431226334037746,0.00145149592021797,NA,0.00480672524562528,0.0449523689588014,0.0439658445915306,0.0459388933260722,0.00259837192068516,0.00235426903705658,0.00284247480431375,0.00145067956775481,0.00111347011302676,0.00178788902248286,0.00483363992150145,0.00443981003346708,0.00522746980953583
"2020-06-23","ES","ESCL",2399548,0.0431226334037746,0.00145149592021797,NA,0.00480672524562528,0.0449581062074276,0.0439722558814979,0.0459439565333573,0.0026051420166389,0.00236212566742804,0.00284815836584977,0.00144483540183719,0.00110023851554795,0.00178943228812643,0.00485087581206605,0.00445860494525104,0.00524314667888106
"2020-06-24","ES","ESCL",2399548,0.0431226334037746,0.00145149592021797,NA,0.00480672524562528,0.0449641381270436,0.0439786625248554,0.0459496137292319,0.00261192975217643,0.00237000667386825,0.00285385283048462,0.0014404701198065,0.00109390581923174,0.00178703442038126,0.00486099126797321,0.00448300634871432,0.00523897618723209
"2020-06-25","ES","ESCL",2399548,0.0431226334037746,0.00145149592021797,NA,0.00480672524562528,0.0449704803665672,0.0439850401619782,0.0459559205711562,0.00261873517325795,0.00237791211595151,0.0028595582305644,0.00143773288592086,0.00109603515508865,0.00177943061675307,0.00486499994967553,0.00450789938572951,0.00522210051362156
"2020-06-26","ES","ESCL",2399548,0.0431226334037746,0.00145149592021797,NA,0.00480672524562528,0.0449771485898931,0.0439913594467281,0.0459629377330581,0.0026255583259634,0.00238584205296628,0.00286527459896052,0.00143645481330409,0.00110406106910695,0.00176884855750122,0.0048639529671402,0.00452676243561674,0.00520114349866366
"2020-06-27","ES","ESCL",2399548,0.0431226334037746,0.00145149592021797,NA,0.00480672524562528,0.044984158476997,0.0439975826207637,0.0459707343332303,0.00263239925649278,0.00239379654389741,0.00287100196908816,0.00143641973791167,0.00111418424696693,0.00175865522885641,0.00485891871622338,0.00453328497337229,0.00518455245907448
"2020-06-28","ES","ESCL",2399548,0.0431226334037746,0.00145149592021797,NA,0.00480672524562528,0.0449915257250938,0.0440036593436636,0.0459793921065239,0.00263925801116648,0.00240177564740746,0.0028767403749255,0.00143741514342981,0.0011226083391841,0.00175222194767552,0.00485097296612524,0.00452407039815075,0.00517787553409974
"2020-06-29","ES","ESCL",2399548,0.0458706592812965,0.00145827285363155,NA,0.00482923160807923,0.0449992660498506,0.0440095218354372,0.045989010264264,0.00264613463642556,0.00240977942181723,0.00288248985103388,0.00143923047914819,0.00112646805976344,0.00175199289853295,0.00484119126576571,0.00450096862497839,0.00518141390655304
"2020-06-30","ES","ESCL",2399548,0.0458706592812965,0.00145827285363155,NA,0.00482923160807923,0.0450073952311736,0.0440150794725813,0.0459997109897658,0.00265302917883209,0.00241780792508547,0.00288825043257871,0.00144165579775086,0.00112472950651302,0.00175858208898869,0.00483064371268769,0.00447055924980832,0.00519072817556705
"2020-07-01","ES","ESCL",2399548,0.0458706592812965,0.00145827285363155,NA,0.00482923160807923,0.045015931240001,0.0440202204652571,0.0460116420147449,0.00265994168506947,0.00242586121478759,0.00289402215535135,0.00144448070495829,0.00111853466533248,0.00177042674458411,0.00482039208865615,0.00444138681484046,0.00519939736247184
"2020-07-02","ES","ESCL",2399548,0.0458706592812965,0.00145827285363155,NA,0.00482923160807923,0.0450248951749939,0.0440248372391649,0.0460249531108228,0.00266687220194271,0.00243393934809348,0.00289980505579194,0.00144749361794242,0.00111072349845576,0.00178426373742908,0.00481148934118006,0.00442158938278883,0.0052013892995713
"2020-07-03","ES","ESCL",2399548,0.0458706592812965,0.00145827285363155,NA,0.00482923160807923,0.0450343084019779,0.0440288430129648,0.0460397737909911,0.00267382077637879,0.00244204238174433,0.00290559917101325,0.00145048133312889,0.00110489051584571,0.00179607215041207,0.00480492108984947,0.0044172761524104,0.00519256602728854
"2020-07-04","ES","ESCL",2399548,0.0458706592812965,0.00145827285363155,NA,0.00482923160807923,0.0450441923174685,0.0440321779353707,0.0460562066995664,0.00268078745542696,0.00245017037202834,0.00291140453882558,0.00145322901906632,0.00110445711778295,0.00180200092034968,0.00480096950989484,0.00442757094197032,0.00517436807781935
"2020-07-05","ES","ESCL",2399548,0.0458706592812965,0.00145827285363155,NA,0.00482923160807923,0.0450545683508415,0.0440348120469872,0.0460743246546959,0.00268777228625904,0.00245832337475536,0.00291722119776272,0.00145561158415293,0.00111100641114539,0.00180021675716046,0.00479946776601664,0.00444648671321821,0.00515244881881507
"2020-07-06","ES","ESCL",2399548,0.0458706592812965,0.00145827285363155,NA,0.00482923160807923,0.045065457966607,0.0440367451713025,0.0460941707619115,0.00269477531616977,0.00246650144523037,0.00292304918710917,0.00145775958923231,0.00112232898843417,0.00179319019003044,0.00480024560278403,0.00446673522656258,0.00513375597900549
"2020-07-07","ES","ESCL",2399548,0.0458706592812965,0.00145827285363155,NA,0.00482923160807923,0.0450768826667855,0.0440380038165975,0.0461157615169735,0.00270179659257712,0.0024747046382257,0.00292888854692854,0.00145984916983114,0.0011349169255368,0.00178478141412548,0.00480313607001997,0.00448113441076559,0.00512513772927435
"2020-07-08","ES","ESCL",2399548,0.0458706592812965,0.00145827285363155,NA,0.00482923160807923,0.0450888639933887,0.0440386352875846,0.0461390926991928,0.00270883616302261,0.00248293300795199,0.00293473931809322,0.00146205751861002,0.00114519319548299,0.00177892184173705,0.00480797475633192,0.00448502859937921,0.00513092091328462
"2020-07-09","ES","ESCL",2399548,0.0458706592812965,0.00145827285363155,NA,0.00482923160807923,0.0451014235310023,0.0440386993026625,0.0461641477593421,0.0027158940751716,0.00249118660802776,0.00294060154231545,0.00146456292220068,0.00115047637234433,0.00177864947205703,0.00481459908600772,0.00447859527723884,0.00515060289477661
"2020-07-10","ES","ESCL",2399548,0.0458706592812965,0.00145827285363155,NA,0.00482923160807923,0.045114582909475,0.044038257475282,0.046190908343668,0.00272297037681369,0.00249946549144755,0.00294647526217984,0.0014675450144901,0.00114992609526648,0.00178516393371372,0.0048228476763745,0.00446667360583246,0.00517902174691654
"2020-07-11","ES","ESCL",2399548,0.0458706592812965,0.00145827285363155,NA,0.00482923160807923,0.0451283638067113,0.0440373610429981,0.0462193665704245,0.00273006511586296,0.00250776971054862,0.00295236052117731,0.00147118524921507,0.00114493065930729,0.00179743983912286,0.00483255975338297,0.00445632439832861,0.00520879510843732
"2020-07-12","ES","ESCL",2399548,0.0458706592812965,0.00145827285363155,NA,0.00482923160807923,0.0451427879515702,0.0440360372242226,0.0462495386789178,0.00273717834035835,0.00251609931697595,0.00295825736374075,0.00147566759597204,0.00113864053868158,0.0018126946532625,0.00484357462377928,0.00445451931116295,0.00523262993639561
"2020-07-13","ES","ESCL",2399548,0.0458141693914015,0.00148128408275976,NA,0.00487920904863831,0.0451578879400509,0.0440342839579756,0.0462814919221262,0.00274431009846395,0.00252445436164566,0.00296416583528224,0.00148117946575278,0.00113500496649114,0.00182735396501443,0.0048557164946565,0.00446664389903179,0.00524478909028122
"2020-07-14","ES","ESCL",2399548,0.0458141693914015,0.00148128408275976,NA,0.00487920904863831,0.0451737533484509,0.0440321200914011,0.0463153866055006,0.00275146043846936,0.00253283489470661,0.00297008598223212,0.00148791267430615,0.0011378235050115,0.00183800184360079,0.00486854374735891,0.00449205249308446,0.00524503500163335
"2020-07-15","ES","ESCL",2399548,0.0458141693914015,0.00148128408275976,NA,0.00487920904863831,0.0451904925694268,0.0440296019908937,0.04635138314796,0.00275862940878999,0.00254124096550015,0.00297601785207984,0.00149579740624372,0.00114881676529387,0.00184277804719358,0.00488138071951296,0.00452453591945315,0.00523822551957278
"2020-07-16","ES","ESCL",2399548,0.0458141693914015,0.00148128408275976,NA,0.00487920904863831,0.0452082142126778,0.0440268252290065,0.0463896031963491,0.0027658170579674,0.00254967262251793,0.00298196149341687,0.00150396507516958,0.00116495768443249,0.00184297246590668,0.00489353708499205,0.00455628149168269,0.00523079267830142
"2020-07-17","ES","ESCL",2399548,0.0458141693914015,0.00148128408275976,NA,0.00487920904863831,0.0452270271163408,0.0440239267209386,0.046430127511743,0.00277302343466962,0.00255812991335763,0.00298791695598161,0.00151138028803903,0.00118156084714952,0.00184119972892853,0.0049043158504868,0.00457929910107231,0.00522933259990129
"2020-07-18","ES","ESCL",2399548,0.0458141693914015,0.00148128408275976,NA,0.00487920904863831,0.0452470403718186,0.044021079119404,0.0464730016242331,0.00278024858769148,0.00256661288467643,0.00299388429070654,0.00151698807661184,0.00119373634993053,0.00184023980329315,0.00491301481631794,0.00458789257253408,0.00523813706010179
"2020-07-19","ES","ESCL",2399548,0.0458141693914015,0.00148128408275976,NA,0.00487920904863831,0.0452683633512431,0.0440184784558731,0.046518248246613,0.00278749256595498,0.00257512158214233,0.00299986354976762,0.00151972278973878,0.00119753081109806,0.00184191476837949,0.0049189290350345,0.00458124691435082,0.00525661115571819
"2020-07-20","ES","ESCL",2399548,0.0458141693914015,0.00148128408275976,NA,0.00487920904863831,0.0452911057375891,0.044016326069785,0.0465658854053932,0.00279475541850954,0.00258365605038285,0.00300585478663623,0.00151852436475861,0.00119110239302314,0.00184594633649407,0.00492135427260759,0.0045635482764947,0.00527916026872048
"2020-07-21","ES","ESCL",2399548,0.0458141693914015,0.00148128408275976,NA,0.00487920904863831,0.0453153775574556,0.044014805818735,0.0466159492961763,0.0028020371945324,0.00259221633293125,0.00301185805613356,0.00151236186060294,0.00117519960374858,0.00184952411745729,0.00491959146526546,0.00454150849477672,0.0052976744357542
"2020-07-22","ES","ESCL",2399548,0.0458141693914015,0.00148128408275976,NA,0.00487920904863831,0.0453412892165324,0.0440140574459478,0.046668520987117,0.00280933794332895,0.00260080247217005,0.00301787341448786,0.0015002637522292,0.00115256792015668,0.00184795958430173,0.00491295214932248,0.00452181977181749,0.00530408452682747
"2020-07-23","ES","ESCL",2399548,0.0458141693914015,0.00148128408275976,NA,0.00487920904863831,0.0453689515377747,0.0440141468544891,0.0467237562210603,0.00281665771433302,0.00260941450927156,0.00302390091939448,0.00148135397856284,0.00112676330015797,0.0018359446569677,0.00490079019809488,0.00450961946513057,0.00529196093105919
"2020-07-24","ES","ESCL",2399548,0.0458141693914015,0.00148128408275976,NA,0.00487920904863831,0.0453984758023081,0.0440150339772231,0.0467819176273931,0.00282399655710724,0.00261805248413546,0.00302994063007903,0.00145489251024297,0.00110102612571066,0.00180875889477528,0.0048832504201945,0.00450527193927026,0.00526122890111875
"2020-07-25","ES","ESCL",2399548,0.0458141693914015,0.00148128408275976,NA,0.00487920904863831,0.0454299876730824,0.0440165662240801,0.0468434091220847,0.0028313545213434,0.00262671643532311,0.00303599260736369,0.00142121684039604,0.00107727474072714,0.00176515894006493,0.00486137714679282,0.00450401167977934,0.0052187426138063
"2020-07-26","ES","ESCL",2399548,0.0458141693914015,0.00148128408275976,NA,0.00487920904863831,0.0454640129993549,0.0440192530654001,0.0469087729333097,0.00283873165686274,0.00263540639998843,0.00304205691373705,0.00138353595491197,0.00105551613337031,0.00171155577645363,0.0048362594253932,0.00449951183971724,0.00517300701106916
"2020-07-27","ES","ESCL",2399548,0.0458141693914015,0.00148128408275976,NA,0.00487920904863831,0.0455015298643927,0.0440245956798967,0.0469784640488887,0.00284612801361632,0.00264412241380521,0.00304813361342744,0.00134534854859971,0.00103487360078607,0.00165582349641335,0.00480897301177343,0.00448547929679453,0.00513246672675233
"2020-07-28","ES","ESCL",2399548,0.0458141693914015,0.00148128408275976,NA,0.00487920904863831,0.0455435442796388,0.0440343750937089,0.0470527134655686,0.00285354364168535,0.0026528645108905,0.0030542227724802,0.00130980616458949,0.00101452170963475,0.00160509061954424,0.00478057447718876,0.00445808688940969,0.00510306206496783
"2020-07-29","ES","ESCL",2399548,0.0458141693914015,0.00148128408275976,NA,0.00487920904863831,0.0455910670960722,0.0440505826508466,0.0471315515412978,0.00286097859128151,0.00266163272372406,0.00306032445883897,0.00127973688637013,0.000994420778275656,0.00156505299446461,0.00475209765469582,0.00441833445194343,0.00508586085744822
"2020-07-30","ES","ESCL",2399548,0.0458141693914015,0.00148128408275976,NA,0.00487920904863831,0.0456451151077212,0.0440753524583136,0.0472148777571287,0.00286843291274734,0.00267042708306338,0.0030664387424313,0.00125773567470794,0.000975889688432237,0.00153958166098365,0.00472455235435476,0.00437194588919214,0.00507715881951739
"2020-07-31","ES","ESCL",2399548,0.044895159458569,0.00140082374557201,NA,0.00458674541388591,0.0457067123820613,0.0441108595415862,0.0473025652225365,0.00287590665655652,0.0026792476178542,0.00307256569525883,0.00124631176898418,0.000961811210113219,0.00153081232785514,0.00469892526241789,0.00432688447719359,0.00507096604764219
"2020-08-01","ES","ESCL",2399548,0.044895159458569,0.00140082374557201,NA,0.00458674541388591,0.0457768918207751,0.0441591869100737,0.0473945967314766,0.00288339987331424,0.00268809435513619,0.00307870539149229,0.00124809093559235,0.000956419689608041,0.00153976218157666,0.00467618293838643,0.00429096726756386,0.00506139860920901
"2020-08-02","ES","ESCL",2399548,0.044895159458569,0.00140082374557201,NA,0.00458674541388591,0.0458566969552423,0.0442221581063603,0.0474912358041243,0.00289091261375757,0.00269696731994343,0.0030848579075717,0.00126608122860897,0.00096498238066175,0.00156718007655618,0.00465726594016819,0.00427058912935431,0.00504394275098206
"2020-08-03","ES","ESCL",2399548,0.044895159458569,0.00140082374557201,NA,0.00458674541388591,0.0459471839821827,0.0443011244788525,0.0475932434855129,0.00289844492875574,0.00270586653519948,0.003091023322312,0.00130402595615934,0.000993776545105964,0.00161427536721271,0.00464245488559124,0.00426703292430465,0.00501787684687783
"2020-08-04","ES","ESCL",2399548,0.044895159458569,0.00140082374557201,NA,0.00458674541388591,0.0460494240460738,0.0443966898082853,0.0477021582838624,0.00290599686931055,0.00271479202160663,0.00309720171701447,0.00136561260860547,0.00104880095189519,0.00168242426531576,0.00463102827970072,0.00427474310484655,0.00498731345455489
"2020-08-05","ES","ESCL",2399548,0.044895159458569,0.00140082374557201,NA,0.00458674541388591,0.0461645057763301,0.044508352332823,0.0478206592198373,0.00291356848655667,0.00272374379752899,0.00310339317558434,0.00145155856446777,0.00113156935517849,0.00177154777375705,0.00462219329979753,0.00428637252673636,0.0049580140728587
"2020-08-06","ES","ESCL",2399548,0.044895159458569,0.00140082374557201,NA,0.00458674541388591,0.0462935380887666,0.0446340536789024,0.0479530224986307,0.002921159831762,0.00273272187886902,0.00310959778465499,0.00156233088580467,0.00124256722289253,0.00188209454871681,0.00461516834122215,0.00429419189957655,0.00493614478286775
"2020-08-07","ES","ESCL",2399548,0.044895159458569,0.00140082374557201,NA,0.00458674541388591,0.0464371653307318,0.0447690034251337,0.0481053272363299,0.00292877095632804,0.00274172627893709,0.003115815633719,0.00169866811287816,0.00138190323384664,0.00201543299190967,0.00460917932686027,0.00429202110584746,0.00492633754787308
"2020-08-08","ES","ESCL",2399548,0.044895159458569,0.00140082374557201,NA,0.00458674541388591,0.0465940935159607,0.0449045606390397,0.0482836263928818,0.0029364019117902,0.00275075700831366,0.00312204681526674,0.00186125877804279,0.00154867018058874,0.00217384737549683,0.00460345733061013,0.00427768951204597,0.00492922514917428
"2020-08-09","ES","ESCL",2399548,0.044895159458569,0.00140082374557201,NA,0.00458674541388591,0.0467625303480391,0.0450329395357523,0.0484921211603258,0.00294405274981816,0.00275981407470353,0.00312829142493278,0.00205037520347371,0.00174031707705584,0.00236043332989159,0.00459723749185785,0.0042538577310459,0.0049406172526698
"2020-08-10","ES","ESCL",2399548,0.044895159458569,0.00140082374557201,NA,0.00458674541388591,0.0469406653413228,0.0451492766575364,0.0487320540251092,0.00295172352221623,0.00276889748278173,0.00313454956165073,0.00226544711883527,0.00195253049373748,0.00257836374393306,0.00458975920609957,0.00422624591332515,0.00495327249887399
"2020-08-11","ES","ESCL",2399548,0.044895159458569,0.00140082374557201,NA,0.00458674541388591,0.0471266655793359,0.0452521932555804,0.0490011379030913,0.00295941428092372,0.00277800723403049,0.00314082132781696,0.00250457575420637,0.00218025933737555,0.00282889217103719,0.00458026757894264,0.00420119441701108,0.00495934074087419
"2020-08-12","ES","ESCL",2399548,0.044895159458569,0.00140082374557201,NA,0.00458674541388591,0.0473186721871005,0.0453435749627233,0.0492937694114777,0.00296712507801525,0.00278714332656659,0.00314710682946391,0.00276401069044953,0.00241971282849299,0.00310830855240606,0.00456802732503182,0.00418416143788453,0.00495189321217912
"2020-08-13","ES","ESCL",2399548,0.047913916916854,0.00465181067178707,NA,0.00470077767026829,0.0475147975313002,0.0454277781841769,0.0496018168784235,0.0029748559657011,0.0027963057549587,0.00315340617644351,0.00303763948967386,0.00266969371103992,0.0034055852683078,0.00455412857063552,0.00417872742882127,0.00492952971244978
"2020-08-14","ES","ESCL",2399548,0.047913916916854,0.00465181067178707,NA,0.00470077767026829,0.0477131231657434,0.0455106758534255,0.0499155704780613,0.00298260699632763,0.00280549451003382,0.00315971948262144,0.00331831883294706,0.00293138318251389,0.00370525448338023,0.00454344426743961,0.00418609448775285,0.00490079404712637
"2020-08-15","ES","ESCL",2399548,0.047913916916854,0.00465181067178707,NA,0.00470077767026829,0.0479116985423471,0.0455988614314839,0.0502245356532102,0.00299037822237756,0.0028147095786722,0.00316604686608292,0.00360322554953527,0.00320698636260354,0.003999464736467,0.0045412843634417,0.00420609950625826,0.00487646922062514
"2020-08-16","ES","ESCL",2399548,0.047913916916854,0.00465181067178707,NA,0.00470077767026829,0.048108540509764,0.0456991205194986,0.0505179605000295,0.00299816969647035,0.00282395094358995,0.00317238844935075,0.00389083019474796,0.00349637706221244,0.00428528332728348,0.00455298284606584,0.00423802306330368,0.004867942628828
"2020-08-17","ES","ESCL",2399548,0.0483663354874164,0.00453958363507326,0,0.00458704678091909,0.0483016336227985,0.0458181324510764,0.0507851347945205,0.00300598147136259,0.00283321858310858,0.00317874435961659,0.00417981093435637,0.00379664187152819,0.00456297999718454,0.00458402952789446,0.00428164673729724,0.00488641231849168
"2020-08-18","ES","ESCL",2399548,0.0483663354874164,0.00453958363507326,0,0.00458704678091909,0.0484889312858652,0.0459623146983179,0.0510155478734125,0.00301381359994829,0.00284251247091041,0.00318511472898616,0.00446910508949695,0.00410217954455277,0.00483603063444112,0.00464026865105803,0.00433903069125871,0.00494150661085735
"2020-08-19","ES","ESCL",2399548,0.0483663354874164,0.00453958363507326,0,0.00458704678091909,0.0486684133128952,0.0461374822431593,0.051199344382631,0.0030216661352593,0.00285183257577917,0.00319149969473943,0.00475795251793088,0.00440521725720355,0.00511068777865821,0.00472817367167614,0.00441636232896134,0.00503998501439093
"2020-08-20","ES","ESCL",2399548,0.0483663354874164,0.00453958363507326,0,0.00458704678091909,0.0488390791528182,0.0463443205370262,0.0513338377686102,0.00302953913046565,0.00286117886132448,0.00319789939960682,0.00504593074692507,0.00469780173223064,0.0053940597616195,0.00485521585920025,0.00452442941899417,0.00518600229940633
"2020-08-21","ES","ESCL",2399548,0.0483663354874164,0.00453958363507326,0,0.00458704678091909,0.0490008513036727,0.046578591325802,0.0514231112815435,0.00303743263887589,0.00287055128568935,0.00320431399206243,0.00533298241210595,0.00497579564639832,0.00569016917781358,0.0050303562611067,0.0046777054396323,0.0053830070825811
"2020-08-22","ES","ESCL",2399548,0.0486392484589842,0.00438583244766785,0,0.00441723109129613,0.0491536898504148,0.0468351616429649,0.0514722180578647,0.00304534671393747,0.00287994980123935,0.00321074362663558,0.00561943612267359,0.00524237764320499,0.00599649460214219,0.00526470219784576,0.00489361076391841,0.00563579363177311
"2020-08-23","ES","ESCL",2399548,0.0487103760642761,0.004350864577818,0,0.00459509329811051,0.0492975604229937,0.0471083051763126,0.0514868156696749,0.0030532814092371,0.0028893743542324,0.0032171884642418,0.00590602234529209,0.0055074691379196,0.00630457555266458,0.00556649521012955,0.0051856869582298,0.00594730346202931
"2020-08-24","ES","ESCL",2399548,0.0496640902499939,0.00718504499718494,0,0.00731245614504476,0.0494324341828695,0.0473917773935318,0.0514730909722071,0.00306123677850111,0.00289882488446752,0.00322364867253471,0.00619295946775301,0.00578188246278447,0.00660403647272154,0.00592847238794483,0.0055477480666263,0.00630919670926337
"2020-08-25","ES","ESCL",2399548,0.0496842858360183,0.00716945938965567,0,0.00730215614339525,0.0495582878038473,0.0476788393837921,0.0514377362239025,0.00306921287559583,0.00290830132491149,0.00323012442628017,0.00647706720888784,0.0060663496360164,0.00688778478175927,0.00633781124832509,0.00596539619355425,0.00671022630309593
"2020-08-26","ES","ESCL",2399548,0.0520464547347196,0.00751032116729381,0,0.00764932679997506,0.0496751034473228,0.0479622611353943,0.0513879457592512,0.0030772097545279,0.00291780360130144,0.00323661590775437,0.00675389257898477,0.00635506634662954,0.00715271881134,0.00677725682890336,0.00641711750852029,0.00713739614928643
"2020-08-27","ES","ESCL",2399548,0.0520464547347196,0.00751032116729381,0,0.00764932679997506,0.0497828687320382,0.0482343522740691,0.0513313851900072,0.00308522746944473,0.0029273316317221,0.00324312330716735,0.00701849571548676,0.00663821456964529,0.00739877686132823,0.00722386025172019,0.00687282173238165,0.00757489877105873
"2020-08-28","ES","ESCL",2399548,0.0520464547347196,0.00751032116729381,0,0.00764932679997506,0.0498815766984586,0.0484871165458127,0.0512760368511046,0.00309326607463476,0.00293688532615557,0.00324964682311394,0.00726551894707062,0.00690282946944134,0.0076282084246999,0.00764835579030696,0.00729521189734695,0.00800149968326697
"2020-08-29","ES","ESCL",2399548,0.0520464547347196,0.00751032116729381,0,0.00764932679997506,0.0499712257678813,0.0487127062703592,0.0512297452654034,0.00310132562452791,0.00294646458600197,0.00325618666305384,0.00748928772806182,0.00713489709070859,0.00784367836541505,0.0080155400709756,0.00764535723981095,0.00838572290214026
"2020-08-30","ES","ESCL",2399548,0.0520464547347196,0.00751032116729381,0,0.00764932679997506,0.0500518196963991,0.0489044047872494,0.0511992346055488,0.0031094061736959,0.00295606930356875,0.00326274304382305,0.00768394474556842,0.00732354325043551,0.00804434624070133,0.00828602163120155,0.00788888847303939,0.0086831547893637
"2020-08-31","ES","ESCL",2399548,0.0517049926326171,0.0077268720908509,0,0.00778979195671223,0.0501233676017053,0.0490581899698741,0.0511885452335366,0.00311750777685266,0.00296569936152652,0.0032693161921788,0.00784361660187512,0.00746495489699482,0.00822227830675542,0.00841958154694272,0.00799771880020491,0.00884144429368052
"2020-09-01","ES","ESCL",2399548,0.0517049926326171,0.0077268720908509,0,0.00778979195671223,0.0501860182266823,0.0491749922372183,0.0511970442161464,0.00312563048885466,0.00297535463232901,0.00327590634538032,0.00796261014431245,0.00756198405186047,0.00836323623676443,0.0083800909076232,0.00794914250551362,0.00881103930973279
"2020-09-02","ES","ESCL",2399548,0.0517049926326171,0.0077268720908509,0,0.00778979195671223,0.0502403366287679,0.0492610819287172,0.0512195913288186,0.00313377436470131,0.0029850349775947,0.00328251375180792,0.00803563285786826,0.00762033372687524,0.00845093198886128,0.00815292508623419,0.00773565652803504,0.00857019364443333
"2020-09-03","ES","ESCL",2399548,0.0493175321328774,0.00802390568900297,0,0.00702982705542123,0.0502869729224811,0.0493235043030287,0.0512504415419334,0.00314193945953531,0.00299474024744732,0.0032891386716233,0.00806080912056411,0.00764639299037089,0.00847522525075733,0.00778068550612497,0.00739238712521707,0.00816898388703287
"2020-09-04","ES","ESCL",2399548,0.0493175321328774,0.00802390568900297,0,0.00702982705542123,0.0503265834740726,0.0493685875734172,0.0512845793747281,0.00315012582864304,0.00300447027981247,0.00329578137747361,0.00804819979889727,0.00764904873564604,0.0084473508621485,0.00731990195503337,0.00696341772478278,0.00767638618528396
"2020-09-05","ES","ESCL",2399548,0.0493175321328774,0.00802390568900297,0,0.00702982705542123,0.050359829926366,0.0494014565828222,0.0513182032699098,0.00315833352745493,0.00301422489966714,0.00330244215524272,0.00801120565134258,0.0076357977349001,0.00838661356778507,0.00682211386851273,0.00648973038734842,0.00715449734967705
"2020-09-06","ES","ESCL",2399548,0.0493175321328774,0.00802390568900297,0,0.00702982705542123,0.0503873783078124,0.0494259397565656,0.0513488168590592,0.00316656261154584,0.00302400391823899,0.00330912130485268,0.00796330754444957,0.00761255931878459,0.00831405577011454,0.0063299789563675,0.00600899436478625,0.00665096354794874
"2020-09-07","ES","ESCL",2399548,0.0542448484577307,0.00937246126698666,0,0.00821131059414749,0.0504098982275223,0.049444722623831,0.0513750738312136,0.00317481313663542,0.00303380713215184,0.003315819141119,0.00791777273445811,0.00758500378500102,0.0082505416839152,0.00587622579926999,0.00555530266453887,0.00619714893400111
"2020-09-08","ES","ESCL",2399548,0.0542448484577307,0.00937246126698666,0,0.00821131059414749,0.0504280621577198,0.0494595959541727,0.0513965283612669,0.00318308515858851,0.00304363432251363,0.0033225359946634,0.00788758347798672,0.00756072580910686,0.00821444114686658,0.00548467498433773,0.00515737569334622,0.00581197427532924
"2020-09-09","ES","ESCL",2399548,0.0542448484577307,0.00937246126698666,0,0.00821131059414749,0.0504425448047834,0.04947170614435,0.0514133834652169,0.00319137873341551,0.00305348525394301,0.00332927221288801,0.0078855820818696,0.00755162915829044,0.00821953500544875,0.00517252781652596,0.00483732009203701,0.0055077355410149
"2020-09-10","ES","ESCL",2399548,0.0679886315183563,0.00500095271566,0,0.00289855072463768,0.050454022569784,0.0494817686361406,0.0514262765034274,0.00319969391727273,0.0030633596735304,0.00333602816101507,0.00792482816903896,0.00757451066250651,0.00827514567557141,0.00495333378599334,0.00461203235413331,0.00529463521785337
"2020-09-11","ES","ESCL",2399548,0.0679886315183563,0.00500095271566,0,0.00289855072463768,0.0504631730992124,0.0494902342077482,0.0514361119906765,0.00320803076646283,0.00307325730972907,0.00334280422319658,0.00801917552797858,0.00764958410958529,0.00838876694637187,0.00484036910478902,0.00449675659067694,0.00518398161890111
"2020-09-12","ES","ESCL",2399548,0.0679886315183563,0.00500095271566,0,0.00289855072463768,0.0504706749264035,0.0494974091098438,0.0514439407429632,0.00321638933743513,0.00308317787117176,0.00334960080369849,0.00818409780301377,0.00779917155411968,0.00856902405190786,0.00484551595642209,0.00450442481087692,0.00518660710196726
"2020-09-13","ES","ESCL",2399548,0.0695635820440628,0.00897484998563618,0.00182488072290652,0.0046026585006843,0.0504771801549793,0.049503530841897,0.0514508294680616,0.00322476968678607,0.00309312104540794,0.0033564183281642,0.00843297782777,0.00804214504980684,0.00882381060573316,0.00495981810540672,0.00462539368574981,0.00529424252506362
"2020-09-14","ES","ESCL",2399548,0.0695635820440628,0.00897484998563618,0.00182488072290652,0.0046026585006843,0.0504829895604713,0.0495087872287004,0.0514571918922423,0.00323317186304756,0.00310308648097151,0.0033632572451236,0.00876128334496935,0.00837452582276373,0.00914804086717498,0.00517090151009611,0.00484587270726653,0.00549593031292569
"2020-09-15","ES","ESCL",2399548,0.0691134121926296,0.0111411930856173,0.00226536917326326,0.00571364503533223,0.0504881580770754,0.0495133248992757,0.0514629912548752,0.00324159590149432,0.003113073795215,0.00337011800777364,0.00915919332974178,0.00878427034286594,0.00953411631661762,0.00546954653569166,0.0051545469028156,0.00578454616856772
"2020-09-16","ES","ESCL",2399548,0.0691134121926296,0.0111411930856173,0.00226536917326326,0.00571364503533223,0.050492735638846,0.0495172635691269,0.0514682077085651,0.00325004183890212,0.00312308259702114,0.00337700108078309,0.00961558187138825,0.00925612243591744,0.00997504130685907,0.00584696726163616,0.00553930958916735,0.00615462493410496
"2020-09-17","ES","ESCL",2399548,0.0691134121926296,0.0111411930856173,0.00226536917326326,0.00571364503533223,0.0504967722199903,0.0495207007659396,0.0514728436740409,0.00325850971198534,0.00313311247642577,0.0033839069475449,0.0101169328774996,0.00977047544298973,0.0104633903120094,0.00629236681596718,0.00598489414188515,0.00659983949004922
"2020-09-18","ES","ESCL",2399548,0.0691134121926296,0.0111411930856173,0.00226536917326326,0.00571364503533223,0.0505003178292581,0.0495237159363637,0.0514769197221524,0.00326699955695389,0.00314316300139645,0.00339083611251133,0.0106464111215477,0.0103035463958218,0.0109892758472736,0.00679064733460572,0.00647217085927144,0.00710912380994
"2020-09-19","ES","ESCL",2399548,0.0691134121926296,0.0111411930856173,0.00226536917326326,0.00571364503533223,0.0505034225048252,0.0495263741192458,0.0514804708904046,0.00327551139975379,0.00315323369185228,0.0033977891076553,0.0111831660579126,0.0108299216389393,0.011536410476886,0.00732034990112022,0.00697906782004168,0.00766163198219876
"2020-09-20","ES","ESCL",2399548,0.0547249441073728,0.0114658916788978,0.00260014607742346,0.00937215510676884,0.0505061363096725,0.0495287291692224,0.0514835434501226,0.00328404525593332,0.00316332401714983,0.00340476649471682,0.0117019867551497,0.0113259424515897,0.0120780310587097,0.00785209902911261,0.00748111459214776,0.00822308346607746
"2020-09-21","ES","ESCL",2399548,0.0500669094477458,0.0126438480853785,0.00367099843691628,0.00941852867922204,0.050508509327459,0.0495308265269401,0.0514861921279779,0.00329260114031172,0.00317343341868453,0.00341176886193892,0.0121734542868043,0.0117702875265352,0.0125766210470735,0.00834800509620713,0.00795015922155548,0.00874585097085878
"2020-09-22","ES","ESCL",2399548,0.0500669094477458,0.0126438480853785,0.00367099843691628,0.00941852867922204,0.0505105916588929,0.0495327055383068,0.051488477779479,0.00330117906741776,0.00318356131070266,0.00341879682413287,0.0125647417226876,0.0121416633511258,0.0129878200942493,0.00876636040915962,0.00835560330912606,0.00917711750919319
"2020-09-23","ES","ESCL",2399548,0.0500669094477458,0.0126438480853785,0.00367099843691628,0.00941852867922204,0.0505124334185975,0.0495344013273865,0.0514904655098086,0.00330977905152081,0.0031937070722672,0.00342585103077442,0.0128475310351061,0.012421470755552,0.0132735913146603,0.00909235929110113,0.00868595570741437,0.00949876287478789
"2020-09-24","ES","ESCL",2399548,0.0500669094477458,0.0126438480853785,0.00367099843691628,0.00941852867922204,0.0505140847324755,0.0495359462275764,0.0514922232373746,0.00331840110672964,0.00320387003329497,0.0034329321801643,0.0130233184855125,0.012610690513289,0.0134359464577361,0.00932917462033236,0.00894038115440316,0.00971796808626157
"2020-09-25","ES","ESCL",2399548,0.0500669094477458,0.0126438480853785,0.00367099843691628,0.00941852867922204,0.0505155956912375,0.0495373707546791,0.051493820627796,0.00332704524689062,0.0032140494830344,0.00344004101074684,0.0131051502226108,0.0127156929987433,0.0134946074464783,0.00948445310396326,0.00911884618076859,0.00985006002715793
"2020-09-26","ES","ESCL",2399548,0.0500669094477458,0.0126438480853785,0.00367099843691628,0.00941852867922204,0.0505170043954751,0.049538698762198,0.0514953100287522,0.003335711485552,0.00322424467458423,0.00344717829651977,0.0131088078525277,0.0127429982883439,0.0134746174167115,0.00956922739463769,0.00922290516709965,0.00991554962217574
"2020-09-27","ES","ESCL",2399548,0.0500669094477458,0.0126438480853785,0.00367099843691628,0.00941852867922204,0.0505183207764876,0.0495399403263553,0.05149670122662,0.00334439983614786,0.00323445482134076,0.00345434485095495,0.013051719729919,0.0127007435814399,0.0134026958783981,0.00959687942240964,0.0092579284299443,0.00993583041487498
"2020-09-28","ES","ESCL",2399548,0.0500669094477458,0.0126438480853785,0.00367099843691628,0.00941852867922204,0.0505195507271089,0.0495411027934303,0.0514979986607876,0.00335311031611062,0.00324467908651477,0.00346154154570647,0.0129520384181573,0.0126015455759834,0.0133025312603311,0.00958219171037454,0.00923623812358384,0.00992814529716524
"2020-09-29","ES","ESCL",2399548,0.0500669094477458,0.0126438480853785,0.00367099843691628,0.00941852867922204,0.050520700141212,0.0495421927799856,0.0514992075024384,0.00336184294692458,0.00325491657943434,0.00346876931441481,0.0128279378550548,0.0124647267391969,0.0131911489709128,0.00954057167553738,0.00917765622406511,0.00990348712700965
"2020-09-30","ES","ESCL",2399548,0.0500669094477458,0.0126438480853785,0.00367099843691628,0.00941852867922204,0.0505217749136112,0.0495432163301024,0.05150033349712,0.00337059775004586,0.00326516636058595,0.00347602913950577,0.0126971545244788,0.0123147443718886,0.0130795646770689,0.00948749892045181,0.00910593916167264,0.00986905867923097
"2020-10-01","ES","ESCL",2399548,0.0500669094477458,0.0126438480853785,0.00367099843691628,0.00941852867922204,0.0505227809399722,0.0495441790519733,0.0515013828279711,0.00337937474671457,0.00327542744091355,0.0034833220525156,0.0125767750330231,0.012177177835309,0.0129763722307372,0.00943821682205677,0.00904467563989211,0.00983175800422143
"2020-10-02","ES","ESCL",2399548,0.0500669094477458,0.0126438480853785,0.00367099843691628,0.00941852867922204,0.0505237241167279,0.0495450862338596,0.0515023619995963,0.00338817395933759,0.00328569877328439,0.00349064914539079,0.0124832596995555,0.0120759401034959,0.0128905792956151,0.00940674604684355,0.00901399467257739,0.0097994974211097
"2020-10-03","ES","ESCL",2399548,0.0500669094477458,0.0126438480853785,0.00367099843691628,0.00941852867922204,0.0505246103410018,0.0495459429394284,0.0515032777425751,0.00339699541566962,0.00329597924020877,0.00349801159113046,0.0124295660330855,0.0120282894643935,0.0128308426017776,0.00939624775510796,0.00901666107468142,0.0097758344355345
"2020-10-04","ES","ESCL",2399548,0.0500669094477458,0.0126438480853785,0.00367099843691628,0.00941852867922204,0.0505254455105377,0.049546754082484,0.0515041369385915,0.00340583914470785,0.00330626765832316,0.00350541063109254,0.0124137804274111,0.0120294362133723,0.01279812464145,0.00940306380492663,0.0090437358796228,0.00976239173023047
"2020-10-05","ES","ESCL",2399548,0.0500669094477458,0.0126438480853785,0.00367099843691628,0.00941852867922204,0.0505262355236374,0.0495475244811028,0.051504946566172,0.00341470517531315,0.00331656278168627,0.00351284756894003,0.0124298783711307,0.0120671129629788,0.0127926437792826,0.00942352034322737,0.00908467586532301,0.00976236482113174
"2020-10-06","ES","ESCL",2399548,0.0500669094477458,0.0126438480853785,0.00367099843691628,0.00941852867922204,0.0505269862791037,0.0495482588911806,0.0515057136670267,0.00342359353637237,0.00332686329722299,0.00352032377552176,0.0124720829123647,0.0121281638835979,0.0128160019411315,0.00945398284463312,0.00912859920642974,0.0097793664828365
"2020-10-07","ES","ESCL",2399548,0.0500669094477458,0.0126438480853785,0.00367099843691628,0.00941852867922204,0.0505277036761916,0.0495489620193957,0.0515064453329875,0.00343250426041223,0.0033371678099685,0.00352784071085597,0.0125347291709279,0.0121999149093855,0.0128695434324702,0.00949080996590792,0.00916655091961648,0.00981506901219936
"2020-10-08","ES","ESCL",2399548,0.0456140566514818,0.0129254482654537,0.00375275786758257,0.00962829546495081,0.0505283933202591,0.0495496383183009,0.0515071483222173,0.003441437383647,0.0033474748387733,0.0035353999285207,0.0126121561874762,0.0122727792038883,0.0129515331710641,0.00953032163813038,0.00919420821414901,0.00986643506211175
"2020-10-09","ES","ESCL",2399548,0.0456140566514818,0.0129254482654537,0.00375275786758257,0.00962829546495081,0.0505290580515385,0.0495502902934588,0.0515078258096182,0.00345039294239481,0.00335778282501491,0.00354300305977472,0.0126986253490674,0.0123424487470281,0.0130548019511067,0.00956878139181475,0.00921240952545456,0.00992515325817494
"2020-10-10","ES","ESCL",2399548,0.0456140566514818,0.0129254482654537,0.00375275786758257,0.00962829546495081,0.0505296991951929,0.0495509193044919,0.0515084790858938,0.00345937097291343,0.00336809013279271,0.00355065181303416,0.0127882650598738,0.0124092239473956,0.013167306172352,0.00960239318148762,0.00922488902388706,0.00997989733908818
"2020-10-11","ES","ESCL",2399548,0.0456140566514818,0.0129254482654537,0.00375275786758257,0.00962829546495081,0.050530318060966,0.0495515265945657,0.0515091095273662,0.00346837151278316,0.00337839503958997,0.00355834798597635,0.0128750422183947,0.0124752591566226,0.0132748252801669,0.00962731309026834,0.0092356414930615,0.0100189846874752
"2020-10-12","ES","ESCL",2399548,0.0456140566514818,0.0129254482654537,0.00375275786758257,0.00962829546495081,0.0505309159586968,0.0495521133350756,0.0515097185823179,0.00347739460508622,0.0033886957218615,0.00356609348831095,0.0129527616097217,0.0125422215979634,0.01336330162148,0.00963989867397524,0.0092473459526076,0.0100324513953429
"2020-10-13","ES","ESCL",2399548,0.0456140566514818,0.0129254482654537,0.00375275786758257,0.00962829546495081,0.0505314941983132,0.0495526806542678,0.0515103077423587,0.00348644029430503,0.00339899026455104,0.00357389032405902,0.0130160693219172,0.0126098494361462,0.0134222892076883,0.00964051955187411,0.0092605629009003,0.0100204762028479
"2020-10-14","ES","ESCL",2399548,0.0456140566514818,0.0129254482654537,0.00375275786758257,0.00962829546495081,0.0505320540898274,0.0495532296601344,0.0515108785195204,0.00349550862494519,0.003409276668902,0.00358174058098839,0.0130645284616963,0.0126749072530699,0.0134541496703228,0.00963303992983843,0.00927366260912833,0.00999241725054852
"2020-10-15","ES","ESCL",2399548,0.0456140566514818,0.0129254482654537,0.00375275786758257,0.00962829546495081,0.0505325969433304,0.0495537614575818,0.051511432429079,0.00350459964169466,0.00341955285114151,0.0035896464322478,0.0130993336031076,0.0127317473095331,0.0134669198966821,0.00962145403219384,0.00928352791378837,0.00995938015059932
"2020-10-16","ES","ESCL",2399548,0.0456140566514818,0.0129254482654537,0.00375275786758257,0.00962829546495081,0.0505331240689878,0.0495542771598706,0.0515119709781051,0.00351371339294368,0.00342981662847861,0.00359761015740876,0.013121740193227,0.0127734752533283,0.0134700051331257,0.00960974722935835,0.00928678534146695,0.00993270911724975
"2020-10-17","ES","ESCL",2399548,0.0456140566514818,0.0129254482654537,0.00375275786758257,0.00962829546495081,0.0505336367770355,0.0495547778943276,0.0515124956597433,0.00352284993083235,0.00344006572024692,0.00360563414141779,0.013133050904576,0.0127938922259848,0.0134722095831673,0.00960188728778136,0.00928202048488616,0.00992175409067656
"2020-10-18","ES","ESCL",2399548,0.0456140566514818,0.0129254482654537,0.00375275786758257,0.00962829546495081,0.0505341363777754,0.0495552648023293,0.0515130079532216,0.00353200930776174,0.00345029776732231,0.00361372084820117,0.0131346037001294,0.0127905858822793,0.0134786215179794,0.00960183205468752,0.00927229411036592,0.00993136999900912
"2020-10-19","ES","ESCL",2399548,0.0456140566514818,0.0129254482654537,0.00375275786758257,0.00962829546495081,0.0505346241815726,0.0495557390335552,0.0515135093295901,0.00354119157623497,0.00346051034115951,0.00362187281131042,0.0131277611041303,0.0127670343655324,0.0134884878427283,0.00961355350663421,0.00926560470102535,0.00996150231224308
"2020-10-20","ES","ESCL",2399548,0.0456140566514818,0.0129254482654537,0.00375275786758257,0.00962829546495081,0.0505351014958435,0.049556201731932,0.0515140012597549,0.00355039678995273,0.0034707009419153,0.00363009263799015,0.0131139007781204,0.0127313368998349,0.0134964646564058,0.00964107827443538,0.00927277497568319,0.0100093815731876
"2020-10-21","ES","ESCL",2399548,0.0456140566514818,0.0129254482654537,0.00375275786758257,0.00962829546495081,0.0505355693343967,0.0495566537679919,0.0515144849008015,0.00355962500712243,0.00348086699033424,0.00363838302391062,0.0130944074728845,0.0126930681024083,0.0134957468433607,0.00968854513176223,0.00930506657257129,0.0100720236909532
"2020-10-22","ES","ESCL",2399548,0.0456140566514818,0.0129254482654537,0.00375275786758257,0.00962829546495081,0.0505360281751087,0.0495570955107905,0.0515149608394268,0.00356887628721214,0.00349100585482546,0.00364674671959881,0.0130706664018075,0.0126609613781924,0.0134803714254226,0.00976014585096905,0.00937269014928378,0.0101476015526543
"2020-10-23","ES","ESCL",2399548,0.0456140566514818,0.0129254482654537,0.00375275786758257,0.00962829546495081,0.0505364784388376,0.0495575272445182,0.0515154296331569,0.00357815068986139,0.00350111487595961,0.00365518650376316,0.0130440451151432,0.0126407599737599,0.0134473302565265,0.00985622696673046,0.00947735744588334,0.0102350964875776
"2020-10-24","ES","ESCL",2399548,0.0456158339218174,0.0134122709459284,0.00376608983369465,0.0101219514520533,0.050536920546461,0.0495579492344833,0.0515158918584388,0.00358744827499883,0.00351119138037984,0.00366370516961782,0.0130158329642117,0.0126304883979566,0.0134011775304669,0.00997249153307138,0.0096106910769373,0.0103342919892055
"2020-10-25","ES","ESCL",2399548,0.0456158339218174,0.0134122709459284,0.00376608983369465,0.0101219514520533,0.0505373549188757,0.0495583617414261,0.0515163480963253,0.00359676910542567,0.00352123267876298,0.00367230553208836,0.0129872858334212,0.0126243550628186,0.0133502166040238,0.0101042831041167,0.00976205034979147,0.0104465158584419
"2020-10-26","ES","ESCL",2399548,0.0456158339218174,0.0134122709459284,0.00376608983369465,0.0101219514520533,0.0505377819769962,0.0495587650325893,0.051516798921403,0.00360611324685134,0.00353123608506238,0.0036809904086403,0.0129596488494097,0.012615572788538,0.0133037249102815,0.0102467571019405,0.00991960276108322,0.0105739114427978
"2020-10-27","ES","ESCL",2399548,0.0456158339218174,0.0134122709459284,0.00376608983369465,0.0101219514520533,0.0505382021417547,0.0495591593895446,0.0515172448939648,0.00361548076533451,0.00354119895970238,0.00368976257096664,0.0129341566728608,0.0125983000356237,0.0132700133100979,0.0103948144077904,0.010072029296161,0.0107175995194198
"2020-10-28","ES","ESCL",2399548,0.0481688873207791,0.0128532133111909,0.00378587297477607,0.0109975429305582,0.0505386158341004,0.0495595451127757,0.0515176865554252,0.00362487172716731,0.0035511187379586,0.00369862471637602,0.0129120349564587,0.0125705568662742,0.0132535130466432,0.0105430595006439,0.0102113680770866,0.0108747509242012
"2020-10-29","ES","ESCL",2399548,0.0481688873207791,0.0128532133111909,0.00378587297477607,0.0109975429305582,0.050539023474999,0.0495599225230166,0.0515181244269814,0.00363428619969413,0.003560992944276,0.00370757945511226,0.0128945029716775,0.0125359754821376,0.0132530304612173,0.0106857854861529,0.0103347641750839,0.0110368067972219
"2020-10-30","ES","ESCL",2399548,0.0481688873207791,0.0128532133111909,0.00378587297477607,0.0109975429305582,0.0505394254854317,0.0495602919593469,0.0515185590115166,0.0036437242537832,0.00357081919725393,0.00371662931031247,0.0128827773947611,0.0125023813038892,0.013263173485633,0.0108169887696464,0.0104431797284478,0.0111907978108451
"2020-10-31","ES","ESCL",2399548,0.0481688873207791,0.0128532133111909,0.00378587297477607,0.0109975429305582,0.0505398222863955,0.0495606537740425,0.0515189907987484,0.00365318596140376,0.00358059525706501,0.0037257766657425,0.0128780772508024,0.0124788530537777,0.0132773014478271,0.0109304161227796,0.0105386533325628,0.0113221789129964
"2020-11-01","ES","ESCL",2399548,0.0481688873207791,0.0128532133111909,0.00378587297477607,0.0109975429305582,0.0505402142989019,0.0495610083241837,0.0515194202736201,0.00366267139481372,0.00359031906494615,0.00373502372468129,0.012881630026485,0.0124736695851537,0.0132895904678163,0.0110197066727948,0.0106222845813124,0.0114171287642772
"2020-11-02","ES","ESCL",2399548,0.0481688873207791,0.0128532133111909,0.00378587297477607,0.0109975429305582,0.0505406019221558,0.0495613559337842,0.0515198479105273,0.00367218062664161,0.00359998876594409,0.00374437248733913,0.0128942236209208,0.0124919419290871,0.0132965053127544,0.0110820826194077,0.0106937357647518,0.0114704294740636
"2020-11-03","ES","ESCL",2399548,0.0481688873207791,0.0128532133111909,0.00378587297477607,0.0109975429305582,0.0505409854031915,0.0495616967235843,0.0515202740827988,0.0036817137316695,0.00360960270830122,0.00375382475503778,0.0129140442233293,0.0125288251367723,0.0132992633098863,0.011120551246464,0.010751244129178,0.01148985836375
"2020-11-04","ES","ESCL",2399548,0.0481688873207791,0.0128532133111909,0.00378587297477607,0.0109975429305582,0.0505413649242452,0.0495620307141724,0.0515206991343181,0.00369127078685841,0.00361915946376583,0.00376338210995099,0.01293834383303,0.0125746978521592,0.0133019898139007,0.0111388247187077,0.0107912924546732,0.0114863569827421
"2020-11-05","ES","ESCL",2399548,0.0481688873207791,0.0128532133111909,0.00378587297477607,0.0109975429305582,0.0505417406673197,0.0495623579147394,0.0515211234199,0.00370085186958417,0.00362865786972503,0.0037730458694433,0.0129643595698536,0.0126188064103779,0.0133099127293293,0.0111407668327626,0.0108097567155083,0.0114717769500169
"2020-11-06","ES","ESCL",2399548,0.0481688873207791,0.0128532133111909,0.00378587297477607,0.0109975429305582,0.0505421128144241,0.0495626783340405,0.0515215472948077,0.00371045705755847,0.00363809704682295,0.00378281706829398,0.0129893081916285,0.0126511854625083,0.0133274309207487,0.0111303289451905,0.0108042096266795,0.0114564482637015
"2020-11-07","ES","ESCL",2399548,0.0481688873207791,0.0128532133111909,0.00378587297477607,0.0109975429305582,0.0505424815475739,0.0495629919886277,0.0515219711065201,0.00372008642923639,0.00364747639485711,0.00379269646361567,0.0130103854036024,0.0126657100404736,0.0133550607667312,0.0111114990398579,0.0107768630268388,0.011446135052877
"2020-11-08","ES","ESCL",2399548,0.0481688873207791,0.0128532133111909,0.00378587297477607,0.0109975429305582,0.0505428470487904,0.0495632989086415,0.0515223951889393,0.00372974006504427,0.0036567955729008,0.00380268455718774,0.0130247711871885,0.0126620442468172,0.0133874981275597,0.0110882646795258,0.0107355056219008,0.0114410237371508
"2020-11-09","ES","ESCL",2399548,0.0490701765868936,0.012891342593854,0.00377111513319765,0.0111245520515215,0.0505432095001009,0.0495635991411614,0.0515228198590404,0.00373941804617822,0.00366605452304727,0.00381278156930917,0.0130296412078968,0.0126442689351784,0.0134150134806152,0.011064590151114,0.0106912722925963,0.0114379080096317
"2020-11-10","ES","ESCL",2399548,0.0490701765868936,0.012891342593854,0.00377111513319765,0.0111245520515215,0.0505435690835385,0.0495638927511149,0.051523245415962,0.00374912045420202,0.00367525347896758,0.00382298742943646,0.0130221843117545,0.0126178184363321,0.0134265501871769,0.0110444078155297,0.0106557151005267,0.0114331005305326
"2020-11-11","ES","ESCL",2399548,0.0490701765868936,0.012891342593854,0.00377111513319765,0.0111245520515215,0.0505439259811419,0.0495641798197466,0.0515236721425372,0.0037588473710629,0.00368439295256986,0.00383330178955595,0.0129996260323027,0.0125872545003236,0.0134119975642818,0.0110316140230019,0.0106390816547516,0.0114241463912522
"2020-11-12","ES","ESCL",2399548,0.0490701765868936,0.012891342593854,0.00377111513319765,0.0111245520515215,0.0505442803749556,0.0495644604406475,0.0515241003092637,0.00376859887940299,0.00369347369377693,0.00384372406502904,0.012959785420217,0.0125547027536748,0.0133648680867591,0.0110285593420132,0.0106458459140263,0.0114112727700002
"2020-11-13","ES","ESCL",2399548,0.0490701765868936,0.012891342593854,0.00377111513319765,0.0111245520515215,0.0505446324470294,0.0495647347133461,0.0515245301807126,0.00377837506256528,0.00370249667338433,0.00385425345174623,0.0129037849476316,0.0125175922508239,0.0132899776444393,0.0110343867510032,0.0106705007094151,0.0113982727925913
"2020-11-14","ES","ESCL",2399548,0.0490701765868936,0.012891342593854,0.00377111513319765,0.0111245520515215,0.0505449823787517,0.0495650027331701,0.0515249620243333,0.00378817600428858,0.00371146308915325,0.0038648889194239,0.0128340010420362,0.0124704654496934,0.0131975366343789,0.0110478537313536,0.010704883665702,0.0113908237970053
"2020-11-15","ES","ESCL",2399548,0.0490701765868936,0.012891342593854,0.00377111513319765,0.0111245520515215,0.0505453303190181,0.0495652645186617,0.0515253961193746,0.00379800178869525,0.00372037434667649,0.00387562923071401,0.0127528144887053,0.012407080063712,0.0130985489136986,0.0110677293851609,0.010740208052725,0.0113952507175968
"2020-11-16","ES","ESCL",2399548,0.0490701765868936,0.012891342593854,0.00377111513319765,0.0111245520515215,0.0505456763702573,0.0495655199791161,0.0515258327613985,0.00380785250012854,0.00372923202142716,0.00388647297882993,0.0126625858509804,0.0123228098783055,0.0130023618236554,0.0110927865212776,0.0107691620578159,0.0114164109847393
"2020-11-17","ES","ESCL",2399548,0.0490701765868936,0.012891342593854,0.00377111513319765,0.0111245520515215,0.0505460206313271,0.0495657690052068,0.0515262722574475,0.00381772822265721,0.00373803780954963,0.00389741863576479,0.0125656373782148,0.0122177613532891,0.0129135134031404,0.011121795141901,0.0107887314626316,0.0114548588211705
"2020-11-18","ES","ESCL",2399548,0.0490701765868936,0.012891342593854,0.00377111513319765,0.0111245520515215,0.0505463632010884,0.0495660114854091,0.0515267149167676,0.00382762904056514,0.00374679352853499,0.00390846455259529,0.01246423911145,0.0120979000318932,0.0128305781910069,0.0111535173104788,0.0108012751982469,0.0115057594227106
"2020-11-19","ES","ESCL",2399548,0.0490701765868936,0.012891342593854,0.00377111513319765,0.0111245520515215,0.0505467041784047,0.0495662473134559,0.0515271610433534,0.00383755503851695,0.00375550110630558,0.00391960897072832,0.0123605991011306,0.011972781439302,0.0127484167629591,0.0111867034000919,0.0108125905740477,0.0115608162261361
"2020-11-20","ES","ESCL",2399548,0.0490701765868936,0.012891342593854,0.00377111513319765,0.0111245520515215,0.0505470436621424,0.0495664763936775,0.0515276109306073,0.00384750630150387,0.00376416255399527,0.00393085004901246,0.0122568575931144,0.0118523996099081,0.0126613155763207,0.0112200897354883,0.0108291404896087,0.011611038981368
"2020-11-21","ES","ESCL",2399548,0.0490701765868936,0.012891342593854,0.00377111513319765,0.0111245520515215,0.0505473817511709,0.0495666986442264,0.0515280648581153,0.00385748291361146,0.0037727799184587,0.00394218590876422,0.0121550850011941,0.0117453113896169,0.0125648586127713,0.0112523979069421,0.0108562931809532,0.011648502632931
"2020-11-22","ES","ESCL",2399548,0.049208025861463,0.0110930311694604,0.00375587500921471,0.0113380745013796,0.050547718544362,0.0495669139981885,0.0515285230905356,0.00386748495800476,0.00378135526310825,0.00395361465290127,0.0120572083227238,0.0116568395508063,0.0124575770946413,0.0112825890320691,0.0108957792757029,0.0116693987884353
"2020-11-23","ES","ESCL",2399548,0.049208025861463,0.0110930311694604,0.00375587500921471,0.0113380745013796,0.0505480541405907,0.0495671224025811,0.0515289858786002,0.00387751251815303,0.00378989067525586,0.0039651343610502,0.011964608063645,0.0115840870911975,0.0123451290360925,0.0113103462218959,0.0109424351664678,0.011678257277324
"2020-11-24","ES","ESCL",2399548,0.049208025861463,0.0110930311694604,0.00375587500921471,0.0113380745013796,0.0505483886387342,0.0495673238152403,0.0515294534622281,0.00388756567788723,0.00379838825261137,0.00397674310316309,0.0118784322785964,0.0115201115524986,0.0122367530046942,0.0113354821652397,0.0109883626745313,0.0116826016559481
"2020-11-25","ES","ESCL",2399548,0.049208025861463,0.0110930311694604,0.00375587500921471,0.0113380745013796,0.0505487221376729,0.0495675181995986,0.0515299260757471,0.00389764452098658,0.00380685007599009,0.00398843896598307,0.0117998010329093,0.0114575554616023,0.0121420466042163,0.0113578097988029,0.0110250622908633,0.0116905573067425
"2020-11-26","ES","ESCL",2399548,0.0485863683650035,0.0117320306607887,0.00397222725628929,0.0114151525256526,0.0505490547362894,0.0495677055173559,0.0515304039552228,0.00390774912992626,0.00381527817497195,0.00400022008488057,0.0117298139266811,0.0113911137837679,0.0120685140695942,0.0113771427339896,0.011046063881511,0.0117082215864682
"2020-11-27","ES","ESCL",2399548,0.0485863683650035,0.0117320306607887,0.00397222725628929,0.0114151525256526,0.0505493865273748,0.0495678857039637,0.0515308873507859,0.00391787958710939,0.00382367454110929,0.00401208463310948,0.0116695581604588,0.0113204656137102,0.0120186507072073,0.0113932957116042,0.0110500899115815,0.0117365015116269
"2020-11-28","ES","ESCL",2399548,0.0485863683650035,0.0117320306607887,0.00397222725628929,0.0114151525256526,0.0505497175716589,0.0495680585970946,0.0515313765462232,0.00392803597528148,0.00383204113131868,0.00402403081924428,0.0116201176642748,0.0112509447798046,0.011989290548745,0.0114060850835749,0.0110417054601303,0.0117704647070195
"2020-11-29","ES","ESCL",2399548,0.0485863683650035,0.0117320306607887,0.00397222725628929,0.0114151525256526,0.0505500479193662,0.0495682239956214,0.0515318718431109,0.00393821837754088,0.00384037985729474,0.00403605689778702,0.0115825833125047,0.0111911023869875,0.0119740642380218,0.0114153293206466,0.0110286689070572,0.0118019897342361
"2020-11-30","ES","ESCL",2399548,0.0485863683650035,0.0117320306607887,0.00397222725628929,0.0114151525256526,0.0505503776207163,0.0495683816951943,0.0515323735462383,0.00394842687753547,0.00384869255862489,0.00404816119644604,0.011558064274435,0.0111497971868799,0.0119663313619901,0.0114208495447791,0.0110188793535115,0.0118228197360466
"2020-12-01","ES","ESCL",2399548,0.0485863683650035,0.0117320306607887,0.00397222725628929,0.0114151525256526,0.0505507067259303,0.0495685314958894,0.0515328819559712,0.00395866155946685,0.00385698099986218,0.00406034211907151,0.0115477005813518,0.0111345243303471,0.0119608768323565,0.0114224700847713,0.0110185786386882,0.0118263615308545
"2020-12-02","ES","ESCL",2399548,0.0485863683650035,0.0117320306607887,0.00397222725628929,0.0114151525256526,0.0505510352852304,0.0495686732078393,0.0515333973626215,0.0039689225078986,0.00386524688912141,0.00407259812667579,0.0115523037074383,0.0111492009727567,0.0119554064421199,0.0114203102942085,0.0110298718798008,0.0118107487086161
"2020-12-03","ES","ESCL",2399548,0.0485863683650035,0.0117320306607887,0.00397222725628929,0.0114151525256526,0.0505513633488403,0.0495688066548644,0.0515339200428162,0.00397920980774899,0.00387349187854925,0.00408492773694874,0.0115701497839774,0.011186721932401,0.0119535776355538,0.0114156570785211,0.0110467034523273,0.0117846107047149
"2020-12-04","ES","ESCL",2399548,0.0485863683650035,0.0117320306607887,0.00397222725628929,0.0114151525256526,0.0505516909669851,0.0495689316761049,0.0515344502578653,0.00398952354424383,0.00388171755223072,0.00409732953625695,0.0115984529156305,0.011234556124535,0.011962349706726,0.0114100882505646,0.0110599007844494,0.0117602757166798
"2020-12-05","ES","ESCL",2399548,0.0485863683650035,0.0117320306607887,0.00397222725628929,0.0114151525256526,0.050552018189891,0.0495690481256559,0.0515349882541261,0.00399986380277058,0.00388992540782872,0.00410980219771244,0.0116344296040168,0.0112802908698328,0.0119885683382009,0.0114051792394968,0.0110613275069653,0.0117490309720284
"2020-12-06","ES","ESCL",2399548,0.0485863683650035,0.0117320306607887,0.00397222725628929,0.0114151525256526,0.0505523450677856,0.0495691558702092,0.051535534265362,0.00401023066902468,0.00389811687659541,0.00412234446145395,0.0116752806539218,0.0113154576992554,0.0120351036085882,0.0114025029136897,0.0110484199867793,0.0117565858406001
"2020-12-07","ES","ESCL",2399548,0.0485863683650035,0.0117320306607887,0.00397222725628929,0.0114151525256526,0.0505526716508978,0.0495692547847037,0.0515360885170919,0.00402062422905978,0.0039062933343522,0.00413495512376736,0.0117181759064601,0.0113387817720568,0.0120975700408634,0.0114036315756375,0.0110266436202325,0.0117806195310425
"2020-12-08","ES","ESCL",2399548,0.0485863683650035,0.0117320306607887,0.00397222725628929,0.0114151525256526,0.0505529979894578,0.0495693447459884,0.0515366512329271,0.00403104456924413,0.00391445609951775,0.00414763303897051,0.011760245798455,0.0113551200812328,0.0121653715156772,0.0114101411273304,0.0110067590054177,0.0118135232492431
"2020-12-09","ES","ESCL",2399548,0.0485863683650035,0.0117320306607887,0.00397222725628929,0.0114151525256526,0.0505533241331157,0.0495694256230459,0.0515372226431855,0.00404149177526395,0.00392260641581522,0.00416037713471269,0.0117985798811492,0.0113713559885551,0.0122258037737434,0.0114236174164664,0.0110002920053594,0.0118469428275734
"2020-12-10","ES","ESCL",2399548,0.0485863683650035,0.0117320306607887,0.00397222725628929,0.0114151525256526,0.050553650114794,0.0495694972281451,0.051537803001443,0.00405196593211163,0.00393074545519573,0.00417318640902752,0.0118302324652546,0.0113929510549245,0.0122675138755847,0.0114456647942224,0.0110166203934877,0.0118747091949571
"2020-12-11","ES","ESCL",2399548,0.0485863683650035,0.0117320306607887,0.00397222725628929,0.0114151525256526,0.0505539759485803,0.0495695593140731,0.0515383925830876,0.00406246712507651,0.00393887433878694,0.00418605991136609,0.0118522355448321,0.0114213960742468,0.0122830750154175,0.0114779169442706,0.0110606728814733,0.0118951610070679
"2020-12-12","ES","ESCL",2399548,0.0485863683650035,0.0117320306607887,0.00397222725628929,0.0114151525256526,0.0505543016475574,0.0495696116290178,0.0515389916660969,0.00407299543979161,0.003946994141065,0.00419899673851821,0.0118621075660595,0.0114497944781542,0.0122744206539648,0.0115210746068779,0.011126011014977,0.0119161381987789
"2020-12-13","ES","ESCL",2399548,0.0493826835804284,0.0118467930503538,0.00395053142400386,0.0116870364678188,0.0505546272248085,0.0495696539275545,0.0515396005220624,0.00408355096148476,0.00395510588218396,0.00421199604078556,0.0118610010281336,0.0114595506882885,0.0122624513679786,0.0115703982028324,0.0111842292643363,0.0119565671413286
"2020-12-14","ES","ESCL",2399548,0.0493826835804284,0.0118467930503538,0.00395053142400386,0.0116870364678188,0.0505549526934172,0.0495696859770936,0.0515402194097408,0.00409413377271382,0.00396321051394763,0.00422505703148,0.0118517173560019,0.0114376955575125,0.0122657391544912,0.011619170793492,0.0112122683287657,0.0120260732582183
"2020-12-15","ES","ESCL",2399548,0.0493826835804284,0.0118467930503538,0.00395053142400386,0.0116870364678188,0.0505552780664674,0.0495697075623431,0.0515408485705916,0.00410474395559166,0.00397130893970613,0.00423817897147718,0.0118370782579668,0.0113912411759756,0.012282915339958,0.0116605628634807,0.0112118424113143,0.0121092833156471
"2020-12-16","ES","ESCL",2399548,0.0493826835804284,0.0118467930503538,0.00395053142400386,0.0116870364678188,0.0505556033570434,0.0495697184877886,0.0515414882262981,0.00411538159253384,0.00397940202559727,0.00425136115947042,0.0118199020435415,0.011341679672758,0.0122981244143249,0.0116876575720218,0.011200124694416,0.0121751904496276
"2020-12-17","ES","ESCL",2399548,0.0493826835804284,0.0118467930503538,0.00395053142400386,0.0116870364678188,0.0505559285782297,0.0495697185781917,0.0515421385782678,0.00412604676612029,0.00398749059987668,0.00426460293236391,0.0118029942549121,0.0113096020150022,0.012296386494822,0.0116935146734634,0.0111916411754432,0.0121953881714836
"2020-12-18","ES","ESCL",2399548,0.0491417561643628,0.0118445334570276,0.00395186939788832,0.0116847227678137,0.0505562537431113,0.0495697076771134,0.0515427998091092,0.00413673955601606,0.00399557543802756,0.00427790367400456,0.0117891449735092,0.0113007111881363,0.0122775787588821,0.0116712751728713,0.011183983072019,0.0121585672737236
"2020-12-19","ES","ESCL",2399548,0.0486061001172853,0.0117899291610569,0.00395763130978155,0.0115906192304482,0.0505565788647735,0.0495696856434664,0.0515434720860806,0.00414746003893084,0.00400365726577308,0.00429126281208861,0.0117811327493899,0.0112844429608196,0.0122778225379601,0.0116143055110826,0.011132254609048,0.0120963564131171
"2020-12-20","ES","ESCL",2399548,0.0511736842076444,0.0117755642474928,0.00396608048518268,0.0114311946177417,0.0505569039563018,0.0495696523460989,0.0515441555665048,0.00415820829167293,0.00401173677816205,0.00430467980518381,0.0117817351051815,0.0111744730739357,0.0123889971364273,0.0115163780498703,0.0109235619654566,0.012109194134284
"2020-12-21","ES","ESCL",2399548,0.0511736842076444,0.0117755642474928,0.00396608048518268,0.0114311946177417,0.0505572290307822,0.049569607656419,0.0515448504051454,0.00416898439128919,0.00401981464332995,0.00431815413924842,0.0117937456140928,0.01089141131838,0.0126960799098057,0.011371882046959,0.0104683187546137,0.0122754453393043
