"date","country","region","population","p_cases","p_cases_recent","p_cases_fatalities","p_cases_stillsick","p_cases_smooth","p_cases_smooth_low","p_cases_smooth_high","p_cases_recent_smooth","p_cases_recent_smooth_low","p_cases_recent_smooth_high","p_cases_stillsick_smooth","p_cases_stillsick_smooth_low","p_cases_stillsick_smooth_high"
"2020-03-19","ES","ESGA",2699499,NA,NA,NA,NA,0.0205769318499442,0.0184528200533223,0.0227010436465661,4.7825117415874e-09,-1.24777870031972e-08,2.2042810486372e-08,0.000848101233356803,-0.00244940257519903,0.00414560504191263
"2020-03-20","ES","ESGA",2699499,NA,NA,NA,NA,0.0205769318499442,0.0184528200533223,0.0227010436465661,5.95259643089024e-09,-1.51573060057455e-08,2.7062498867526e-08,0.000865519014165782,-0.00243877354707294,0.00416981157540451
"2020-03-21","ES","ESGA",2699499,NA,NA,NA,NA,0.0205769318499442,0.0184528200533223,0.0227010436465661,7.40895290665271e-09,-1.84010674595584e-08,3.32189732728638e-08,0.000883294510629892,-0.00242667513822064,0.00419326415948042
"2020-03-22","ES","ESGA",2699499,0.0205882352941176,NA,NA,NA,0.0205769318499442,0.0184528200533223,0.0227010436465661,9.22162014682669e-09,-2.23247744822218e-08,4.07680147758752e-08,0.000901435069292955,-0.00241305150291769,0.0042159216415036
"2020-03-23","ES","ESGA",2699499,0.0205882352941176,NA,NA,NA,0.0205769318499442,0.0184528200533223,0.0227010436465661,1.14777727978986e-08,-2.70669756265109e-08,5.0022521222308e-08,0.000919948187577578,-0.00239784512377595,0.00423774149893111
"2020-03-24","ES","ESGA",2699499,0.0194444444444444,NA,NA,NA,0.0205769318499442,0.0184528200533223,0.0227010436465661,1.42859135706858e-08,-3.27933073133998e-08,6.13651344547714e-08,0.000938841516883822,-0.00238099676690844,0.00425867980067609
"2020-03-25","ES","ESGA",2699499,0.00817610062893082,NA,NA,NA,0.0205769318499442,0.0184528200533223,0.0227010436465661,1.77810913443781e-08,-3.97014698495554e-08,7.52636525383115e-08,0.000958122865751492,-0.00236244543599389,0.00427869116749688
"2020-03-26","ES","ESGA",2699499,0.00970319634703196,NA,NA,NA,0.0205769318499442,0.0184528200533223,0.0227010436465661,2.21313959259908e-08,-4.80269804144673e-08,9.2289772266449e-08,0.000977800203087362,-0.00234212832522027,0.004297728731395
"2020-03-27","ES","ESGA",2699499,0.00964812712826334,NA,NA,NA,0.0205769318499442,0.0184528200533223,0.0227010436465661,2.75460418118285e-08,-5.80498738644036e-08,1.13141957488061e-07,0.000997881661458716,-0.00231998077108727,0.0043157440940047
"2020-03-28","ES","ESGA",2699499,0.00889121338912134,NA,NA,NA,0.0205769318499442,0.0184528200533223,0.0227010436465661,3.4285429714369e-08,-7.01023665221031e-08,1.38673225950841e-07,0.0010183755404545,-0.00229593620304836,0.00433268728395735
"2020-03-29","ES","ESGA",2699499,0.0129372304743651,NA,NA,NA,0.0205769318499442,0.0184528200533223,0.0227010436465661,4.26736697317876e-08,-8.45776211901153e-08,1.6992496065369e-07,0.00103929031011549,-0.00226992609297429,0.00434850671320526
"2020-03-30","ES","ESGA",2699499,0.0128029263831733,NA,NA,NA,0.0205769318499442,0.0184528200533223,0.0227010436465661,5.31141684252211e-08,-1.01939714049044e-07,2.08168050899487e-07,0.00106063461443496,-0.00224187990342146,0.00436314913229137
"2020-03-31","ES","ESGA",2699499,0.0250850340136054,NA,NA,NA,0.0205769318499442,0.0184528200533223,0.0227010436465661,6.61090294141063e-08,-1.22734777650303e-07,2.54952836478515e-07,0.00108241727493119,-0.00221172503469033,0.0043765595845527
"2020-04-01","ES","ESGA",2699499,0.0277324632952692,NA,NA,NA,0.0205769318499442,0.0184528200533223,0.0227010436465661,8.22832005025512e-08,-1.47603366464868e-07,3.1216976746997e-07,0.00110464729429336,-0.00217938677066145,0.00438868135924817
"2020-04-02","ES","ESGA",2699499,0.026395173453997,NA,NA,NA,0.0205769318499442,0.0184528200533223,0.0227010436465661,1.02414528619636e-07,-1.77293997728388e-07,3.8212305496766e-07,0.00112733386010234,-0.00214478822340028,0.00439945594360497
"2020-04-03","ES","ESGA",2699499,0.026395173453997,NA,NA,NA,0.0205769318499442,0.0184528200533223,0.0227010436465661,1.2747116797046e-07,-2.12677614882538e-07,4.67619950823458e-07,0.0011504863486279,-0.00210785027652537,0.00440882297378117
"2020-04-04","ES","ESGA",2699499,0.0301664355062413,NA,NA,NA,0.0205769318499442,0.0184528200533223,0.0227010436465661,1.58658140429742e-07,-2.54762684995189e-07,5.72078965854674e-07,0.00117411432870382,-0.00206849152733998,0.00441672018474763
"2020-04-05","ES","ESGA",2699499,0.0301664355062413,NA,NA,NA,0.0205769318499442,0.0184528200533223,0.0227010436465661,1.97475287354572e-07,-3.04710440116839e-07,6.99661014825983e-07,0.00119822756568274,-0.00202662822773358,0.00442308335909905
"2020-04-06","ES","ESGA",2699499,0.0301664355062413,NA,NA,NA,0.0205769318499442,0.0184528200533223,0.0227010436465661,2.45789399841561e-07,-3.63849101117088e-07,8.55427900800209e-07,0.00122283602547206,-0.00198217422386775,0.00442784627481188
"2020-04-07","ES","ESGA",2699499,0.0299929428369795,NA,NA,NA,0.0205769318499442,0.0184528200533223,0.0227010436465661,3.05923996280129e-07,-4.33686244502963e-07,1.04553423706322e-06,0.00124794987865288,-0.00193504089467161,0.00443094065197737
"2020-04-08","ES","ESGA",2699499,0.0299929428369795,NA,NA,NA,0.0205769318499442,0.0184528200533223,0.0227010436465661,3.80771064824771e-07,-5.15916990729358e-07,1.2774591203789e-06,0.00127357950468341,-0.00188513708918516,0.00443229609855198
"2020-04-09","ES","ESGA",2699499,0.0434606011372868,NA,NA,NA,0.0205769318499442,0.0184528200533223,0.0227010436465661,4.73930144645081e-07,-6.12425513481945e-07,1.56028580277211e-06,0.00129973549618879,-0.00183236906280564,0.00443184005518322
"2020-04-10","ES","ESGA",2699499,0.0424771734815403,NA,NA,NA,0.0205769318499442,0.0184528200533223,0.0227010436465661,5.89881434681241e-07,-7.25276224951844e-07,1.90503909431433e-06,0.00132642866333897,-0.00177664041251435,0.00442949773919228
"2020-04-11","ES","ESGA",2699499,0.0424771734815403,NA,NA,NA,0.0205769318499442,0.0184528200533223,0.0227010436465661,7.34201254999688e-07,-8.56689035433666e-07,2.32509154543304e-06,0.0013536700383165,-0.00171785201118897,0.00442519208782198
"2020-04-12","ES","ESGA",2699499,0.0340223944875108,NA,NA,NA,0.0205769318499442,0.0184528200533223,0.0227010436465661,9.1383022273787e-07,-1.00899191060721e-06,2.83665235608295e-06,0.00138147087987613,-0.00165590194114337,0.00441884370089563
"2020-04-13","ES","ESGA",2699499,0.0340223944875108,NA,NA,NA,0.0205769318499442,0.0184528200533223,0.0227010436465661,1.13740703969473e-06,-1.18454096046886e-06,3.45935503985832e-06,0.00140984267799795,-0.00159068542708412,0.00441037078308003
"2020-04-14","ES","ESGA",2699499,0.0340223944875108,NA,NA,NA,0.0205769318499442,0.0184528200533223,0.0227010436465661,1.41568394408112e-06,-1.38559523569579e-06,4.21696312385804e-06,0.00143879715863621,-0.00152209476873578,0.00439968908600819
"2020-04-15","ES","ESGA",2699499,0.0333048676345004,NA,NA,NA,0.0205769318499442,0.0184528200533223,0.0227010436465661,1.76204380629018e-06,-1.61412711368957e-06,5.13821472626993e-06,0.00146834628856556,-0.00145001927346958,0.00438671185060071
"2020-04-16","ES","ESGA",2699499,0.0333048676345004,NA,NA,NA,0.0205769318499442,0.0184528200533223,0.0227010436465661,2.19314373683589e-06,-1.87154867855822e-06,6.25783615223001e-06,0.00149850228032692,-0.00137434518938049,0.00437134975003434
"2020-04-17","ES","ESGA",2699499,0.0346820809248555,NA,NA,NA,0.0205769318499442,0.0184528200533223,0.0227010436465661,2.72971615872716e-06,-2.15831760383337e-06,7.61774992128768e-06,0.00152927759727486,-0.00129495563940635,0.00435351083395607
"2020-04-18","ES","ESGA",2699499,0.0381882770870337,NA,NA,NA,0.0205769318499442,0.0184528200533223,0.0227010436465661,3.39756586950923e-06,-2.47338759020988e-06,9.26851932922833e-06,0.00156068495872862,-0.00121173055728425,0.00433310047474149
"2020-04-19","ES","ESGA",2699499,0.0381882770870337,NA,NA,NA,0.0205769318499442,0.0184528200533223,0.0227010436465661,4.22881104350213e-06,-2.81344372329745e-06,1.12710658103017e-05,0.001592737345229,-0.00112454662641646,0.00431002131687446
"2020-04-20","ES","ESGA",2699499,0.0381882770870337,NA,NA,NA,0.0205769318499442,0.0184528200533223,0.0227010436465661,5.26342785644324e-06,-3.17185716648523e-06,1.36987128793717e-05,0.00162544800390316,-0.00103327722310238,0.0042841732309087
"2020-04-21","ES","ESGA",2699499,0.0381882770870337,NA,NA,NA,0.0205769318499442,0.0184528200533223,0.0227010436465661,6.55117301648661e-06,-3.53726023005247e-06,1.66396062630257e-05,0.0016588304539396,-0.000937792366133291,0.0042554532740125
"2020-04-22","ES","ESGA",2699499,0.0381882770870337,NA,NA,NA,0.0205769318499442,0.0184528200533223,0.0227010436465661,8.15397665977584e-06,-3.89162661296601e-06,2.01995799325177e-05,0.00169289849217558,-0.000837958675515029,0.00422375565986619
"2020-04-23","ES","ESGA",2699499,0.0381882770870337,NA,NA,NA,0.0205769318499442,0.0184528200533223,0.0227010436465661,1.0148920689598e-05,-4.20769449017262e-06,2.45055358693687e-05,0.00172766619879929,-0.000733639344194522,0.00418897174179311
"2020-04-24","ES","ESGA",2699499,0.0381882770870337,NA,NA,NA,0.0205769318499442,0.0184528200533223,0.0227010436465661,1.26319457930194e-05,-4.44552707141386e-06,2.97094186574527e-05,0.0017631479431692,-0.000624694128294139,0.00415099001463254
"2020-04-25","ES","ESGA",2699499,0.0381882770870337,NA,NA,NA,0.0205769318499442,0.0184528200533223,0.0227010436465661,1.57224654126511e-05,-4.54794646190386e-06,3.5992877287206e-05,0.00179935838975276,-0.000510979363788294,0.00410969614329382
"2020-04-26","ES","ESGA",2699499,0.0381882770870337,NA,NA,NA,0.0205769318499442,0.0184528200533223,0.0227010436465661,1.9569108568259e-05,-4.43448888056818e-06,4.35727060170862e-05,0.00183631250418727,-0.000392348021251025,0.00406497302962556
"2020-04-27","ES","ESGA",2699499,0.0381882770870337,NA,NA,NA,0.0205769318499442,0.0184528200533223,0.0227010436465661,2.43568677115499e-05,-3.99343866342446e-06,5.27071740865243e-05,0.00187402555946502,-0.000268649816036981,0.00401670093496702
"2020-04-28","ES","ESGA",2699499,0.0381882770870337,NA,NA,NA,0.0205769318499442,0.0184528200533223,0.0227010436465661,3.03159953684076e-05,-3.07136023244118e-06,6.37033509692564e-05,0.00191251314224566,-0.000139731400361875,0.0039647576848532
"2020-04-29","ES","ESGA",2699499,0.0381882770870337,NA,NA,NA,0.0205769318499442,0.0184528200533223,0.0227010436465661,3.77330774244696e-05,-1.45938788822655e-06,7.69255427371658e-05,0.00195179115929803,-5.43667857329385e-06,0.00390901899716936
"2020-04-30","ES","ESGA",2699499,0.0381882770870337,NA,NA,NA,0.0205769318499442,0.0184528200533223,0.0227010436465661,4.69648155905039e-05,1.12470410933333e-06,9.28049270716744e-05,0.00199187584407439,0.000134392688261748,0.00384935899988703
"2020-05-01","ES","ESGA",2699499,0.0381882770870337,NA,NA,NA,0.0205769318499442,0.0184528200533223,0.0227010436465661,5.84551818723422e-05,5.05985414274082e-06,0.000111850509601944,0.00203278376341967,0.000279916479372401,0.00378565104746694
"2020-05-02","ES","ESGA",2699499,0.0381882770870337,NA,NA,NA,0.0205769318499442,0.0184528200533223,0.0227010436465661,7.27567700365618e-05,1.08520923470248e-05,0.000134661447726099,0.00207453182441842,0.000431294626796287,0.00371776902204054
"2020-05-03","ES","ESGA",2699499,0.0381882770870337,NA,NA,NA,0.0205769318499442,0.0184528200533223,0.0227010436465661,9.05573709053461e-05,1.91739667807494e-05,0.000161940775029943,0.0021171372813825,0.00058868511331777,0.00364558944944722
"2020-05-04","ES","ESGA",2699499,0.0384615384615385,NA,NA,NA,0.0205769318499442,0.0184528200533223,0.0227010436465661,0.000112713049537118,3.09155829733426e-05,0.000194510516100892,0.00216061774298221,0.000752240443496905,0.00356899504246751
"2020-05-05","ES","ESGA",2699499,0.0402155887230514,NA,NA,NA,0.0205769318499442,0.0184528200533223,0.0227010436465661,0.000140289315037996,4.72505152884333e-05,0.000233328114787559,0.00220499117952385,0.000922101490150874,0.00348788086889684
"2020-05-06","ES","ESGA",2699499,0.0402155887230514,NA,NA,NA,0.0205769318499442,0.0184528200533223,0.0227010436465661,0.000174612362939725,6.97207743271837e-05,0.000279503951552266,0.00225027593037684,0.00109838622154227,0.00340216563921142
"2020-05-07","ES","ESGA",2699499,0.0345247766043867,NA,NA,NA,0.0205769318499442,0.0184528200533223,0.0227010436465661,0.000217332854488478,0.000100345918947566,0.00033431979002939,0.00229649071155325,0.00128116769968686,0.00331181372341965
"2020-05-08","ES","ESGA",2699499,0.0345247766043867,NA,NA,NA,0.0205769318499442,0.0184528200533223,0.0227010436465661,0.000270505300110715,0.000141762469864878,0.000399248130356552,0.00234365462344307,0.00147042748178355,0.00321688176510259
"2020-05-09","ES","ESGA",2699499,0.0345247766043867,NA,NA,NA,0.0205769318499442,0.0184528200533223,0.0227010436465661,0.00033668686476478,0.000197401048879264,0.000475972680650297,0.00239178715870835,0.00166594573700902,0.00311762858040769
"2020-05-10","ES","ESGA",2699499,0.0345247766043867,NA,NA,NA,0.0205769318499442,0.0184528200533223,0.0227010436465661,0.000419060346908273,0.000271707810190171,0.000566412883626374,0.00244090821033945,0.00186700151272678,0.00301481490795212
"2020-05-11","ES","ESGA",2699499,0.0341186027619821,0,NA,0,0.0205769318499442,0.0184528200533223,0.0227010436465661,0.000521587245388069,0.00037041267680638,0.000672761813969757,0.00249103807987665,0.00207136810603022,0.00291070805372308
"2020-05-12","ES","ESGA",2699499,0.0274747474747475,0,NA,0.0024390243902439,0.0205769318499442,0.0184528200533223,0.0227010436465661,0.000649198275519573,0.000500823644359048,0.000797572906680098,0.00254116276837481,0.00226895724606264,0.00281336829068698
"2020-05-13","ES","ESGA",2699499,0.0274747474747475,0,NA,0.0024390243902439,0.0205769318499442,0.0184528200533223,0.0227010436465661,0.000808030496651041,0.000672019808073543,0.000944041185228539,0.00256400380107215,0.00238863716104536,0.00273937044109893
"2020-05-14","ES","ESGA",2699499,0.026396392211,0.000357597760855989,NA,0.00267158921627269,0.0205769318499442,0.0184528200533223,0.0227010436465661,0.00100436041851223,0.000892657097769084,0.00111606373925537,0.00255179034866977,0.00240537153806136,0.00269820915927818
"2020-05-15","ES","ESGA",2699499,0.0265857481912844,0.00178078171511841,NA,0.00312698922246155,0.0205769318499442,0.0184528200533223,0.0227010436465661,0.00120225836019847,0.00111818178441355,0.0012863349359834,0.00251146484098613,0.00236086408575186,0.0026620655962204
"2020-05-16","ES","ESGA",2699499,0.0231583758892243,0.00158391912476373,NA,0.00221632017538706,0.0205769318499442,0.0184528200533223,0.0227010436465661,0.00137032060859036,0.00130260223079302,0.0014380389863877,0.00245064634645007,0.00229811535793136,0.00260317733496878
"2020-05-17","ES","ESGA",2699499,0.0231583758892243,0.00158391912476373,NA,0.00221632017538706,0.0205769318499442,0.0184528200533223,0.0227010436465661,0.00149694847720572,0.00143008583281196,0.00156381112159948,0.00237695659775056,0.00223298356636095,0.00252092962914018
"2020-05-18","ES","ESGA",2699499,0.0231583758892243,0.00158391912476373,NA,0.00221632017538706,0.0205769318499442,0.0184528200533223,0.0227010436465661,0.00157759641163222,0.00150700657676108,0.00164818624650335,0.00229754788499508,0.00216807811815291,0.00242701765183726
"2020-05-19","ES","ESGA",2699499,0.024682030901661,0.00146608452258154,NA,0.00204966042973616,0.0205769318499442,0.0184528200533223,0.0227010436465661,0.00161448298879901,0.00154447858368455,0.00168448739391347,0.00221884131382017,0.0021017239625225,0.00233595866511783
"2020-05-20","ES","ESGA",2699499,0.0242961806501327,0.00147451279061369,NA,0.00206157098514984,0.0205769318499442,0.0184528200533223,0.0227010436465661,0.00161496701682277,0.00155059770270525,0.0016793363309403,0.00214645559944006,0.0020332813852784,0.00225962981360173
"2020-05-21","ES","ESGA",2699499,0.0242713125020772,0.00147281927140161,NA,0.0020591776354268,0.0205769318499442,0.0184528200533223,0.0227010436465661,0.00158939035722646,0.00153193364347399,0.00164684707097892,0.00208529359858888,0.00196802914160235,0.00220255805557542
"2020-05-22","ES","ESGA",2699499,0.0242713125020772,0.00147281927140161,NA,0.0020591776354268,0.0205769318499442,0.0184528200533223,0.0227010436465661,0.00154909601696842,0.00149528037769757,0.00160291165623927,0.00203974871976675,0.00191655055189278,0.00216294688764072
"2020-05-23","ES","ESGA",2699499,0.0242713125020772,0.00147281927140161,NA,0.0020591776354268,0.0205769318499442,0.0184528200533223,0.0227010436465661,0.00150505045929818,0.0014502563204636,0.00155984459813275,0.002011917439285,0.00188675290038523,0.00213708197818477
"2020-05-24","ES","ESGA",2699499,0.0242713125020772,0.00147281927140161,NA,0.0020591776354268,0.0205769318499442,0.0184528200533223,0.0227010436465661,0.00146718382073274,0.00140974601324525,0.00152462162822023,0.00199883443298048,0.00187653240103623,0.00212113646492473
"2020-05-25","ES","ESGA",2699499,0.0242713125020772,0.00147281927140161,NA,0.0020591776354268,0.0205769318499442,0.0184528200533223,0.0227010436465661,0.00144095402321536,0.00138256056945803,0.00149934747697269,0.00199713094091266,0.00188110467473709,0.00211315720708823
"2020-05-26","ES","ESGA",2699499,0.0242713125020772,0.00147281927140161,NA,0.0020591776354268,0.0205769318499442,0.0184528200533223,0.0227010436465661,0.00142469125517146,0.00136769498196026,0.00148168752838266,0.00200368376057736,0.00189497962528613,0.00211238789586858
"2020-05-27","ES","ESGA",2699499,0.0242713125020772,0.00147281927140161,NA,0.0020591776354268,0.0205769318499442,0.0184528200533223,0.0227010436465661,0.00141619751931855,0.00136230468961589,0.00147009034902121,0.00201546196374576,0.00191227412802132,0.00211864979947021
"2020-05-28","ES","ESGA",2699499,0.0242713125020772,0.00147281927140161,NA,0.0020591776354268,0.0205769318499442,0.0184528200533223,0.0227010436465661,0.00141347044567477,0.00136321054758107,0.00146373034376848,0.00202942354209143,0.00192749325748773,0.00213135382669514
"2020-05-29","ES","ESGA",2699499,0.0242713125020772,0.00147281927140161,NA,0.0020591776354268,0.0205769318499442,0.0184528200533223,0.0227010436465661,0.00141461045481169,0.00136709360818735,0.00146212730143603,0.00204245882752866,0.00193688329331275,0.00214803436174457
"2020-05-30","ES","ESGA",2699499,0.0242713125020772,0.00147281927140161,NA,0.0020591776354268,0.0205769318499442,0.0184528200533223,0.0227010436465661,0.00141775640864347,0.00137090377130329,0.00146460904598365,0.00205138098635871,0.00193905490694837,0.00216370706576905
"2020-05-31","ES","ESGA",2699499,0.0242713125020772,0.00147281927140161,NA,0.0020591776354268,0.0205769318499442,0.0184528200533223,0.0227010436465661,0.00142104684673621,0.00137251690172735,0.00146957679174506,0.00205296530173181,0.00193406186114328,0.00217186874232034
"2020-06-01","ES","ESGA",2699499,0.0242713125020772,0.00147281927140161,NA,0.0020591776354268,0.0205769318499442,0.0184528200533223,0.0227010436465661,0.0014226058429505,0.00137098476178988,0.00147422692411113,0.00204403898362957,0.00192209326935508,0.00216598469790405
"2020-06-02","ES","ESGA",2699499,0.0242713125020772,0.00147281927140161,NA,0.0020591776354268,0.0205769318499442,0.0184528200533223,0.0227010436465661,0.0014205534974702,0.00136602273532826,0.00147508425961213,0.00202281044219478,0.00190320272123012,0.00214241816315943
"2020-06-03","ES","ESGA",2699499,0.0244200319313532,0.00141593644066855,NA,0.00197882446960562,0.0205769318499442,0.0184528200533223,0.0227010436465661,0.00141305136714317,0.0013573703898123,0.00146873234447403,0.00199136005485585,0.0018780516726466,0.00210466843706511
"2020-06-04","ES","ESGA",2699499,0.0244200319313532,0.00141593644066855,NA,0.00197882446960562,0.0205769318499442,0.0184528200533223,0.0227010436465661,0.00139936266740596,0.00134496724378516,0.00145375809102677,0.0019525070157631,0.00184681080179694,0.00205820322972926
"2020-06-05","ES","ESGA",2699499,0.0227760364178225,0.00128182530494591,NA,0.00178965274026424,0.0205769318499442,0.0184528200533223,0.0227010436465661,0.00138069135757501,0.00132926579350393,0.00143211692164609,0.00190898817342425,0.00180939633848144,0.00200858000836705
"2020-06-06","ES","ESGA",2699499,0.0227760364178225,0.00128182530494591,NA,0.00178965274026424,0.0205769318499442,0.0184528200533223,0.0227010436465661,0.0013584414642743,0.00131046530310572,0.00140641762544288,0.00186337949123641,0.00176626648420274,0.00196049249827008
"2020-06-07","ES","ESGA",2699499,0.023152227468217,0.00122351489309244,NA,0.00170571470545415,0.0205769318499442,0.0184528200533223,0.0227010436465661,0.00133397368689384,0.00128865001994095,0.00137929735384673,0.00181805257776582,0.00171929577734741,0.00191680937818423
"2020-06-08","ES","ESGA",2699499,0.023152227468217,0.00122351489309244,NA,0.00170571470545415,0.0205769318499442,0.0184528200533223,0.0227010436465661,0.00130857801257054,0.00126416958676026,0.00135298643838082,0.00177516299526441,0.00167188577434048,0.00187844021618833
"2020-06-09","ES","ESGA",2699499,0.023152227468217,0.00122351489309244,NA,0.00170571470545415,0.0205769318499442,0.0184528200533223,0.0227010436465661,0.00128345902269768,0.00123805372150795,0.00132886432388742,0.00173666606745263,0.00162811312548977,0.0018452190094155
"2020-06-10","ES","ESGA",2699499,0.023152227468217,0.00122351489309244,NA,0.00170571470545415,0.0205769318499442,0.0184528200533223,0.0227010436465661,0.00125973280748383,0.00121205519749758,0.00130741041747009,0.00170435595469242,0.00159184694553472,0.00181686496385011
"2020-06-11","ES","ESGA",2699499,0.023152227468217,0.00122351489309244,NA,0.00170571470545415,0.0205769318499442,0.0184528200533223,0.0227010436465661,0.00123843417305383,0.00118824372697024,0.00128862461913743,0.00167992464106124,0.0015663948576402,0.00179345442448228
"2020-06-12","ES","ESGA",2699499,0.023152227468217,0.00122351489309244,NA,0.00170571470545415,0.0205769318499442,0.0184528200533223,0.0227010436465661,0.00122053287207319,0.00116859382739276,0.00127247191675361,0.00166446734618958,0.00155356488501786,0.00177536980736129
"2020-06-13","ES","ESGA",2699499,0.0278366011920982,0.00124842147135222,NA,0.0017224101332267,0.0205769318499442,0.0184528200533223,0.0227010436465661,0.00120695156625895,0.0011548087961729,0.001259094336345,0.00165703865782171,0.00155133299636512,0.00176274431927831
"2020-06-14","ES","ESGA",2699499,0.0278366011920982,0.00124842147135222,NA,0.0017224101332267,0.0205769318499442,0.0184528200533223,0.0227010436465661,0.00119810235511931,0.00114748038953271,0.00124872432070591,0.00165633781582998,0.0015566448306405,0.00175603080101946
"2020-06-15","ES","ESGA",2699499,0.0278366011920982,0.00124842147135222,NA,0.0017224101332267,0.0205769318499442,0.0184528200533223,0.0227010436465661,0.00119357510373374,0.00114556834384385,0.00124158186362363,0.00166115877510466,0.00156633173214672,0.00175598581806261
"2020-06-16","ES","ESGA",2699499,0.0278366011920982,0.00124842147135222,NA,0.0017224101332267,0.0205769318499442,0.0184528200533223,0.0227010436465661,0.0011929292606134,0.00114777395199373,0.00123808456923308,0.00167034567469006,0.00157746398642236,0.00176322736295775
"2020-06-17","ES","ESGA",2699499,0.0278366011920982,0.00124842147135222,NA,0.0017224101332267,0.0205769318499442,0.0184528200533223,0.0227010436465661,0.00119576572563655,0.00115276931066181,0.0012387621406113,0.00168275770598327,0.00158802307623561,0.00177749233573092
"2020-06-18","ES","ESGA",2699499,0.0278366011920982,0.00124842147135222,NA,0.0017224101332267,0.0205769318499442,0.0184528200533223,0.0227010436465661,0.00120171460838007,0.00115940513217733,0.00124402408458281,0.00169724240014154,0.00159740058673775,0.00179708421354532
"2020-06-19","ES","ESGA",2699499,0.0278366011920982,0.00124842147135222,NA,0.0017224101332267,0.0205769318499442,0.0184528200533223,0.0227010436465661,0.00121042467893499,0.00116703734718526,0.00125381201068472,0.0017126169781273,0.00160614985411033,0.00181908410214428
"2020-06-20","ES","ESGA",2699499,0.0265138659858366,0.00126356186973096,NA,0.00173255907560424,0.0205769318499442,0.0184528200533223,0.0227010436465661,0.0012215542200051,0.00117569777695917,0.00126741066305104,0.00172765785736369,0.00161527267158894,0.00184004304313844
"2020-06-21","ES","ESGA",2699499,0.0265138659858366,0.00126356186973096,NA,0.00173255907560424,0.0205769318499442,0.0184528200533223,0.0227010436465661,0.0012347630821624,0.00118590822172289,0.0012836179426019,0.00174109869773224,0.00162564436846628,0.0018565530269982
"2020-06-22","ES","ESGA",2699499,0.0265138659858366,0.00126356186973096,NA,0.00173255907560424,0.0205769318499442,0.0184528200533223,0.0227010436465661,0.00124970582164808,0.00119834615375653,0.00130106548953963,0.00175193351217749,0.00163763881526149,0.0018662282090935
"2020-06-23","ES","ESGA",2699499,0.0265138659858366,0.00126356186973096,NA,0.00173255907560424,0.0205769318499442,0.0184528200533223,0.0227010436465661,0.00126602772751783,0.00121360926407743,0.00131844619095823,0.0017604878961966,0.00165081580230202,0.00187015999009117
"2020-06-24","ES","ESGA",2699499,0.0265138659858366,0.00126356186973096,NA,0.00173255907560424,0.0205769318499442,0.0184528200533223,0.0227010436465661,0.00128348209743989,0.00123184744894224,0.00133511674593754,0.00176748698230178,0.00166410380851956,0.00187087015608401
"2020-06-25","ES","ESGA",2699499,0.0265138659858366,0.00126356186973096,NA,0.00173255907560424,0.0205769318499442,0.0184528200533223,0.0227010436465661,0.00130201082748057,0.00125253606416869,0.00135148559079245,0.00177367371545181,0.00167609000856471,0.00187125742233891
"2020-06-26","ES","ESGA",2699499,0.0265138659858366,0.00126356186973096,NA,0.00173255907560424,0.0205769318499442,0.0184528200533223,0.0227010436465661,0.00132157129945841,0.00127485011486449,0.00136829248405233,0.00177980380678119,0.00168545964790235,0.00187414796566002
"2020-06-27","ES","ESGA",2699499,0.0265138659858366,0.00126356186973096,NA,0.00173255907560424,0.0205769318499442,0.0184528200533223,0.0227010436465661,0.00134211850073721,0.00129778794499683,0.00138644905647759,0.00178664388140047,0.00169175090103645,0.00188153686176448
"2020-06-28","ES","ESGA",2699499,0.0235629216919564,0.00137409736558696,NA,0.00180665345212276,0.0205769318499442,0.0184528200533223,0.0227010436465661,0.00136360451029259,0.00132037420568774,0.00140683481489743,0.00179497289254065,0.00169599790727115,0.00189394787781014
"2020-06-29","ES","ESGA",2699499,0.0235629216919564,0.00137409736558696,NA,0.00180665345212276,0.0205769318499442,0.0184528200533223,0.0227010436465661,0.00138597799850325,0.00134204022260597,0.00142991577440053,0.00180558689515327,0.00170058257058825,0.00191059121971829
"2020-06-30","ES","ESGA",2699499,0.0235629216919564,0.00137409736558696,NA,0.00180665345212276,0.0205769318499442,0.0184528200533223,0.0227010436465661,0.0014091837423836,0.00136294196056724,0.00145542552419997,0.00181930730969946,0.00170848571825245,0.00193012890114648
"2020-07-01","ES","ESGA",2699499,0.0235629216919564,0.00137409736558696,NA,0.00180665345212276,0.0205769318499442,0.0184528200533223,0.0227010436465661,0.00143316215868032,0.00138387147273244,0.0014824528446282,0.00183699288672579,0.00172266481283435,0.00195132096061724
"2020-07-02","ES","ESGA",2699499,0.0235629216919564,0.00137409736558696,NA,0.00180665345212276,0.0205769318499442,0.0184528200533223,0.0227010436465661,0.00145784885797514,0.00140588745032437,0.0015098102656259,0.00185932392421715,0.00174528067093373,0.00197336717750056
"2020-07-03","ES","ESGA",2699499,0.0235629216919564,0.00137409736558696,NA,0.00180665345212276,0.0205769318499442,0.0184528200533223,0.0227010436465661,0.00148317232007723,0.00142999635939364,0.00153634828076082,0.00188574235393278,0.00177535766235378,0.00199612704551178
"2020-07-04","ES","ESGA",2699499,0.0238721840253769,0.00159139281877563,NA,0.00202972624840705,0.0205769318499442,0.0184528200533223,0.0227010436465661,0.00150894953389294,0.00145647981740648,0.00156141925037941,0.00191522729929129,0.00181038192485129,0.0020200726737313
"2020-07-05","ES","ESGA",2699499,0.0238721840253769,0.00159139281877563,NA,0.00202972624840705,0.0205769318499442,0.0184528200533223,0.0227010436465661,0.00153482316995053,0.00148450965790735,0.00158513668199372,0.00194670356378938,0.00184729799719123,0.00204610913038752
"2020-07-06","ES","ESGA",2699499,0.023188157319316,0.00167009597352919,NA,0.00207691729463211,0.0205769318499442,0.0184528200533223,0.0227010436465661,0.00156039774391196,0.00151284815047031,0.00160794733735361,0.00197902700016325,0.00188282466108468,0.00207522933924181
"2020-07-07","ES","ESGA",2699499,0.023188157319316,0.00167009597352919,NA,0.00207691729463211,0.0205769318499442,0.0184528200533223,0.0227010436465661,0.00158525241513378,0.00154002427577686,0.00163048055449069,0.00201097592959791,0.00191420423151443,0.00210774762768139
"2020-07-08","ES","ESGA",2699499,0.023188157319316,0.00167009597352919,NA,0.00207691729463211,0.0205769318499442,0.0184528200533223,0.0227010436465661,0.00160894235122562,0.00156460065752822,0.00165328404492302,0.00204124975331515,0.00194008956056138,0.00214240994606891
"2020-07-09","ES","ESGA",2699499,0.023188157319316,0.00167009597352919,NA,0.00207691729463211,0.0205769318499442,0.0184528200533223,0.0227010436465661,0.00163100127709721,0.00158563527940464,0.00167636727478978,0.00206847559237618,0.00196069087187444,0.00217626031287793
"2020-07-10","ES","ESGA",2699499,0.023188157319316,0.00167009597352919,NA,0.00207691729463211,0.0205769318499442,0.0184528200533223,0.0227010436465661,0.00165094529788438,0.00160300862890755,0.00169888196686121,0.00209122374285892,0.00197704577492714,0.00220540171079071
"2020-07-11","ES","ESGA",2699499,0.023188157319316,0.00167009597352919,NA,0.00207691729463211,0.0205769318499442,0.0184528200533223,0.0227010436465661,0.0016682780611245,0.00161724536341935,0.00171931075882965,0.00210803253263289,0.00199020286314468,0.00222586220212109
"2020-07-12","ES","ESGA",2699499,0.023188157319316,0.00167009597352919,NA,0.00207691729463211,0.0205769318499442,0.0184528200533223,0.0227010436465661,0.00168249728956749,0.00162906818822835,0.00173592639090664,0.00211768165154287,0.00200071490952262,0.00223464839356312
"2020-07-13","ES","ESGA",2699499,0.023188157319316,0.00167009597352919,NA,0.00207691729463211,0.0205769318499442,0.0184528200533223,0.0227010436465661,0.00169310979814105,0.00163906048656878,0.00174715910971332,0.00212061540738266,0.00200840189614977,0.00223282891861554
"2020-07-14","ES","ESGA",2699499,0.023188157319316,0.00167009597352919,NA,0.00207691729463211,0.0205769318499442,0.0184528200533223,0.0227010436465661,0.00169996339778674,0.00164735570764795,0.00175257108792554,0.00211801841831215,0.00201239414286467,0.00222364269375963
"2020-07-15","ES","ESGA",2699499,0.023188157319316,0.00167009597352919,NA,0.00207691729463211,0.0205769318499442,0.0184528200533223,0.0227010436465661,0.00170339098468056,0.00165353086517873,0.00175325110418239,0.002111121761707,0.00201145260803744,0.00221079091537656
"2020-07-16","ES","ESGA",2699499,0.023188157319316,0.00167009597352919,NA,0.00207691729463211,0.0205769318499442,0.0184528200533223,0.0227010436465661,0.00170378518070361,0.00165688032314391,0.0017506900382633,0.0021011725173288,0.00200455678023957,0.00219778825441802
"2020-07-17","ES","ESGA",2699499,0.0228950761000134,0.00166273856782413,NA,0.0020725057348438,0.0205769318499442,0.0184528200533223,0.0227010436465661,0.00170155675355761,0.00165664741481405,0.00174646609230118,0.00208941240566485,0.00199180481140888,0.00218701999992082
"2020-07-18","ES","ESGA",2699499,0.0228950761000134,0.00166273856782413,NA,0.0020725057348438,0.0205769318499442,0.0184528200533223,0.0227010436465661,0.00169712778752516,0.00165242283205769,0.00174183274299264,0.00207706363933461,0.00197500218380658,0.00217912509486263
"2020-07-19","ES","ESGA",2699499,0.0228950761000134,0.00166273856782413,NA,0.0020725057348438,0.0205769318499442,0.0184528200533223,0.0227010436465661,0.00169092577576703,0.00164457522807786,0.00173727632345619,0.00206532196180846,0.00195724815918688,0.00217339576443005
"2020-07-20","ES","ESGA",2699499,0.0228950761000134,0.00166273856782413,NA,0.0020725057348438,0.0205769318499442,0.0184528200533223,0.0227010436465661,0.00168337871439944,0.00163427144250402,0.00173248598629485,0.00205535667630719,0.00194199788197776,0.00216871547063661
"2020-07-21","ES","ESGA",2699499,0.0228950761000134,0.00166273856782413,NA,0.0020725057348438,0.0205769318499442,0.0184528200533223,0.0227010436465661,0.001674911241921,0.00162305079991664,0.00172677168392535,0.00204831741131539,0.00193241808470603,0.00216421673792474
"2020-07-22","ES","ESGA",2699499,0.0228950761000134,0.00166273856782413,NA,0.0020725057348438,0.0205769318499442,0.0184528200533223,0.0227010436465661,0.00166594183751767,0.00161240766358486,0.00171947601145048,0.00204520554506767,0.00193080438607829,0.00215960670405706
"2020-07-23","ES","ESGA",2699499,0.0228950761000134,0.00166273856782413,NA,0.0020725057348438,0.0205769318499442,0.0184528200533223,0.0227010436465661,0.00165688167722463,0.00160355926327812,0.00171020409117113,0.00204584871026611,0.00193625527513451,0.0021554421453977
"2020-07-24","ES","ESGA",2699499,0.0228950761000134,0.00166273856782413,NA,0.0020725057348438,0.0205769318499442,0.0184528200533223,0.0227010436465661,0.0016481571198344,0.0015969076874284,0.00169940655224039,0.00204950382613414,0.0019460424612981,0.00215296519097018
"2020-07-25","ES","ESGA",2699499,0.0228950761000134,0.00166273856782413,NA,0.0020725057348438,0.0205769318499442,0.0184528200533223,0.0227010436465661,0.0016402166645453,0.00159194390554048,0.00168848942355012,0.00205543392402763,0.00195710751403168,0.00215376033402359
"2020-07-26","ES","ESGA",2699499,0.0228950761000134,0.00166273856782413,NA,0.0020725057348438,0.0205769318499442,0.0184528200533223,0.0227010436465661,0.00163350291560989,0.00158793058768106,0.00167907524353871,0.00206290285496032,0.00196660444815513,0.00215920126176552
"2020-07-27","ES","ESGA",2699499,0.0228950761000134,0.00166273856782413,NA,0.0020725057348438,0.0205769318499442,0.0184528200533223,0.0227010436465661,0.00162845320855405,0.00158421127233492,0.00167269514477319,0.00207116837479549,0.00197279176365353,0.00216954498593745
"2020-07-28","ES","ESGA",2699499,0.0228950761000134,0.00166273856782413,NA,0.0020725057348438,0.0205769318499442,0.0184528200533223,0.0227010436465661,0.0016255035490752,0.00158064320478744,0.00167036389336296,0.00207947790380325,0.00197562818049025,0.00218332762711624
"2020-07-29","ES","ESGA",2699499,0.0228950761000134,0.00166273856782413,NA,0.0020725057348438,0.0205769318499442,0.0184528200533223,0.0227010436465661,0.00162509374579647,0.0015779132186431,0.00167227427294985,0.00208706699769342,0.00197638269261814,0.00219775130276871
"2020-07-30","ES","ESGA",2699499,0.0228950761000134,0.00166273856782413,NA,0.0020725057348438,0.0205769318499442,0.0184528200533223,0.0227010436465661,0.00162767377483842,0.00157736975247356,0.00167797779720328,0.00209316059660543,0.00197672665455885,0.00220959453865201
"2020-07-31","ES","ESGA",2699499,0.0228950761000134,0.00166273856782413,NA,0.0020725057348438,0.0205769318499442,0.0184528200533223,0.0227010436465661,0.0016337114587506,0.00158059605482408,0.00168682686267712,0.00209697711987244,0.00197806079167834,0.00221589344806655
"2020-08-01","ES","ESGA",2699499,0.0228950761000134,0.00166273856782413,NA,0.0020725057348438,0.0205769318499442,0.0184528200533223,0.0227010436465661,0.00164370159779324,0.00158909119492724,0.00169831200065924,0.00209779808413807,0.00198101836528062,0.00221457780299553
"2020-08-02","ES","ESGA",2699499,0.0228950761000134,0.00166273856782413,NA,0.0020725057348438,0.0205769318499442,0.0184528200533223,0.0227010436465661,0.00165813629065125,0.00160404689903965,0.00171222568226284,0.00209556848316994,0.00198441560589967,0.00220672136044021
"2020-08-03","ES","ESGA",2699499,0.0228950761000134,0.00166273856782413,NA,0.0020725057348438,0.0205769318499442,0.0184528200533223,0.0227010436465661,0.00167616468580657,0.00162433242749607,0.00172799694411706,0.00209063484758926,0.00198581213215922,0.00219545756301929
"2020-08-04","ES","ESGA",2699499,0.0228950761000134,0.00166273856782413,NA,0.0020725057348438,0.0205769318499442,0.0184528200533223,0.0227010436465661,0.00169520272583893,0.00164598551408413,0.00174441993759373,0.00208335705852124,0.00198261462587419,0.00218409949116829
"2020-08-05","ES","ESGA",2699499,0.0228950761000134,0.00166273856782413,NA,0.0020725057348438,0.0205769318499442,0.0184528200533223,0.0227010436465661,0.00171244876921278,0.00166460162596545,0.00176029591246012,0.00207409894650121,0.00197315047130949,0.00217504742169293
"2020-08-06","ES","ESGA",2699499,0.0228950761000134,0.00166273856782413,NA,0.0020725057348438,0.0205769318499442,0.0184528200533223,0.0227010436465661,0.00172499174098749,0.00167616981686609,0.00177381366510889,0.00206322463986442,0.0019577602538427,0.00216868902588613
"2020-08-07","ES","ESGA",2699499,0.0228950761000134,0.00166273856782413,NA,0.0020725057348438,0.0205769318499442,0.0184528200533223,0.0227010436465661,0.00172986589190293,0.00167789705091124,0.00178183473289462,0.00205109551845412,0.00193872848715317,0.00216346254975507
"2020-08-08","ES","ESGA",2699499,0.0228950761000134,0.00166273856782413,NA,0.0020725057348438,0.0205769318499442,0.0184528200533223,0.0227010436465661,0.00172415510000067,0.00166823182384851,0.00178007837615283,0.0020380677834518,0.0019191169772685,0.0021570185896351
"2020-08-09","ES","ESGA",2699499,0.0228950761000134,0.00166273856782413,NA,0.0020725057348438,0.0205769318499442,0.0184528200533223,0.0227010436465661,0.0017051445564137,0.00164618697939454,0.00176410213343287,0.00202449064126017,0.00190170810999189,0.00214727317252844
"2020-08-10","ES","ESGA",2699499,0.0228950761000134,0.00166273856782413,NA,0.0020725057348438,0.0205769318499442,0.0184528200533223,0.0227010436465661,0.00167051179967718,0.00161079847442626,0.00173022512492811,0.00201070508937086,0.00188841086752296,0.00213299931121876
"2020-08-11","ES","ESGA",2699499,0.0228950761000134,0.00166273856782413,NA,0.0020725057348438,0.0205769318499442,0.0184528200533223,0.0227010436465661,0.00161854158374577,0.00156082385313397,0.00167625931435756,0.0019967626158819,0.00187923757142977,0.00211428766033404
"2020-08-12","ES","ESGA",2699499,0.0228950761000134,0.00166273856782413,NA,0.0020725057348438,0.0205769318499442,0.0184528200533223,0.0227010436465661,0.00154847400369715,0.00149444721622598,0.00160250079116832,0.00197902037039716,0.00186709283346058,0.00209094790733374
"2020-08-13","ES","ESGA",2699499,0.0228950761000134,0.00166273856782413,NA,0.0020725057348438,0.0205769318499442,0.0184528200533223,0.0227010436465661,0.00146424507020695,0.00141225470777165,0.00151623543264226,0.00195139850522011,0.00184111808768762,0.0020616789227526
"2020-08-14","ES","ESGA",2699499,0.0216751228751004,0.00130144636250435,NA,0.00169689601844716,0.0205769318499442,0.0184528200533223,0.0227010436465661,0.00137384998524538,0.00131994015925336,0.00142775981123739,0.00190821569319575,0.00179351415287083,0.00202291723352068
"2020-08-15","ES","ESGA",2699499,0.0216751228751004,0.00130144636250435,NA,0.00169689601844716,0.0205769318499442,0.0184528200533223,0.0227010436465661,0.00128420811138499,0.00122599075003701,0.00134242547273298,0.00184462744411455,0.00172165310327449,0.00196760178495461
"2020-08-16","ES","ESGA",2699499,0.0216751228751004,0.00130144636250435,NA,0.00169689601844716,0.0205769318499442,0.0184528200533223,0.0227010436465661,0.00120076195098696,0.00113883032232903,0.00126269357964488,0.00175712837209741,0.00162658783239289,0.00188766891180194
"2020-08-17","ES","ESGA",2699499,0.0199628882123389,0.000988353967970831,NA,0.00134856304349862,0.0205769318499442,0.0184528200533223,0.0227010436465661,0.00112760943759319,0.00106455352439314,0.00119066535079325,0.00164409101358405,0.00151051504615644,0.00177766698101166
"2020-08-18","ES","ESGA",2699499,0.0199628882123389,0.000988353967970831,NA,0.00134856304349862,0.0205769318499442,0.0184528200533223,0.0227010436465661,0.00106781403039127,0.00100661852130074,0.00112900953948179,0.00150622438429357,0.00137545257440802,0.00163699619417911
"2020-08-19","ES","ESGA",2699499,0.0199628882123389,0.000988353967970831,NA,0.00134856304349862,0.0205769318499442,0.0184528200533223,0.0227010436465661,0.00102381748368899,0.000965643067231285,0.0010819919001467,0.00134681784701298,0.00122275281231712,0.00147088288170883
"2020-08-20","ES","ESGA",2699499,0.0199628882123389,0.000988353967970831,NA,0.00134856304349862,0.0205769318499442,0.0184528200533223,0.0227010436465661,0.000997916767317532,0.000937973209989383,0.00105786032464568,0.0011716484893754,0.0010533490422246,0.0012899479365262
"2020-08-21","ES","ESGA",2699499,0.0199628882123389,0.000988353967970831,NA,0.00134856304349862,0.0205769318499442,0.0184528200533223,0.0227010436465661,0.000992809258855033,0.000916034613452021,0.00106958390425804,0.000988660605437609,0.000870204014541409,0.00110711719633381
"2020-08-22","ES","ESGA",2699499,0.0199628882123389,0.000988353967970831,NA,0.00134856304349862,0.0205769318499442,0.0184528200533223,0.0227010436465661,0.000996041513687505,0.000885408538751888,0.00110667448862312,0.000809276618079263,0.000685147941129394,0.000933405295029131
"2020-08-23","ES","ESGA",2699499,0.0186713594219647,0.000752417724476101,NA,0.00113131860003965,0.0205769318499442,0.0184528200533223,0.0227010436465661,0.000654036502165167,0.00053373269056443,0.000774340313765903,0.000644346627565777,0.000515372986769176,0.000773320268362377
"2020-08-24","ES","ESGA",2699499,0.0130631760802898,0,NA,0,0.0205769318499442,0.0184528200533223,0.0227010436465661,0.00011643088707421,9.88831966016364e-06,0.000222973454488257,0.000500406938442227,0.000372444808898055,0.000628369067986399
"2020-08-25","ES","ESGA",2699499,0.0122687706588642,0,NA,0,0.0205769318499442,0.0184528200533223,0.0227010436465661,2.27704485326934e-06,-3.84356668467822e-06,8.39765639121689e-06,0.000380116458249751,0.000260141285745598,0.000500091630753904
"2020-08-26","ES","ESGA",2699499,0.0122687706588642,0,NA,0,0.0205769318499442,0.0184528200533223,0.0227010436465661,1.9824745153621e-09,-9.68164759488206e-09,1.36465966256063e-08,0.000283209622946419,0.000176693255731386,0.000389725990161453
"2020-08-27","ES","ESGA",2699499,0.0122687706588642,0,NA,0,0.0205769318499442,0.0184528200533223,0.0227010436465661,3.11366423456594e-14,-3.08518307399248e-13,3.70791592090567e-13,0.000207541862746684,0.000117479970033098,0.000297603755460269
"2020-08-28","ES","ESGA",2699499,0.00903166217546316,0,NA,0,0.0205769318499442,0.0184528200533223,0.0227010436465661,2.22044604925031e-16,-3.81293663468386e-15,4.25702584453392e-15,0.000150009298422384,7.70272781422775e-05,0.00022299131870249
"2020-08-29","ES","ESGA",2699499,0.00845074573344236,0,NA,0,0.0205769318499442,0.0184528200533223,0.0227010436465661,2.22044604925031e-16,-6.0137863065853e-15,6.45787551643536e-15,0.000107239259586764,5.02040023945545e-05,0.000164274516778974
"2020-08-30","ES","ESGA",2699499,0.00863655203214182,0,NA,0,0.0205769318499442,0.0184528200533223,0.0227010436465661,2.22044604925031e-16,-8.89372616129667e-15,9.33781537114673e-15,7.60363013658951e-05,3.2778788678655e-05,0.000119293814053135
"2020-08-31","ES","ESGA",2699499,0.00863655203214182,0,NA,0,0.0205769318499442,0.0184528200533223,0.0227010436465661,2.22044604925031e-16,-1.25438137630002e-14,1.29879029728503e-14,5.36303750142871e-05,2.15541038552891e-05,8.57066461732851e-05
"2020-09-01","ES","ESGA",2699499,0.00863655203214182,0,NA,0,0.0205769318499442,0.0184528200533223,0.0227010436465661,2.22044604925031e-16,-1.70506274603051e-14,1.74947166701551e-14,3.79068172418138e-05,1.42898930879544e-05,6.15237413956733e-05
"2020-09-02","ES","ESGA",2699499,0.00863655203214182,0,NA,0,0.0205769318499442,0.0184528200533223,0.0227010436465661,2.22044604925031e-16,-2.24657427920533e-14,2.29098320019034e-14,2.71667225917093e-05,9.54434354597247e-06,4.4789101637446e-05
"2020-09-03","ES","ESGA",2699499,0.00863655203214182,0,NA,0,0.0205769318499442,0.0184528200533223,0.0227010436465661,2.22044604925031e-16,-2.96375751288509e-14,3.0081664338701e-14,1.99779143878342e-05,6.42579956775398e-06,3.35300292079144e-05
"2020-09-04","ES","ESGA",2699499,0.00863655203214182,0,NA,0,0.0205769318499442,0.0184528200533223,0.0227010436465661,2.22044604925031e-16,-4.18547006577789e-14,4.22987898676289e-14,1.52558199450262e-05,4.37830815890697e-06,2.61333317311454e-05
"2020-09-05","ES","ESGA",2699499,0.00863655203214182,0,NA,0,0.0205769318499442,0.0184528200533223,0.0227010436465661,2.22044604925031e-16,-6.43051478206874e-14,6.47492370305375e-14,1.2242581449489e-05,3.04636302293059e-06,2.14387998760473e-05
"2020-09-06","ES","ESGA",2699499,0.00863655203214182,0,NA,0,0.0205769318499442,0.0184528200533223,0.0227010436465661,2.22044604925031e-16,-1.01607241363926e-13,1.02051330573776e-13,1.04482131707968e-05,2.20022622252906e-06,1.86962001190645e-05
"2020-09-07","ES","ESGA",2699499,0.00863655203214182,0,NA,0,0.0205769318499442,0.0184528200533223,0.0227010436465661,2.22044604925031e-16,-1.57224972770756e-13,1.57669061980606e-13,9.59670525608865e-06,1.6980391135229e-06,1.74953713986544e-05
"2020-09-08","ES","ESGA",2699499,0.00863655203214182,0,NA,0,0.0205769318499442,0.0184528200533223,0.0227010436465661,2.22044604925031e-16,-2.34209421615215e-13,2.34653510825065e-13,9.60047964787969e-06,1.4714527785835e-06,1.77295065171759e-05
"2020-09-09","ES","ESGA",2699499,0.00863655203214182,0,NA,0,0.0205769318499442,0.0184528200533223,0.0227010436465661,2.22044604925031e-16,-3.35589791892239e-13,3.36033881102089e-13,1.05860485910563e-05,1.53697115139779e-06,1.96351260307148e-05
"2020-09-10","ES","ESGA",2699499,0.00863655203214182,0,NA,0,0.0205769318499442,0.0184528200533223,0.0227010436465661,2.22044604925031e-16,-4.64446352777437e-13,4.64890441987287e-13,1.30146467138312e-05,2.05893642852102e-06,2.39703569991413e-05
"2020-09-11","ES","ESGA",2699499,0.00863655203214182,0,NA,0,0.0205769318499442,0.0184528200533223,0.0227010436465661,2.22044604925031e-16,-6.23712637263247e-13,6.24156726473097e-13,1.77921242930685e-05,3.45209482959036e-06,3.21321537565467e-05
"2020-09-12","ES","ESGA",2699499,0.00674262933995582,0,NA,0,0.0205769318499442,0.0184528200533223,0.0227010436465661,2.22044604925031e-16,-8.12437803781809e-13,8.12881892991659e-13,2.65254957252557e-05,6.6194181242006e-06,4.64315733263109e-05
"2020-09-13","ES","ESGA",2699499,0.00674262933995582,0,NA,0,0.0205769318499442,0.0184528200533223,0.0227010436465661,2.22044604925031e-16,-1.02600920570792e-12,1.02645329491777e-12,4.22531400412196e-05,1.3559110008635e-05,7.09471700738042e-05
"2020-09-14","ES","ESGA",2699499,0.00674262933995582,0,NA,0,0.0205769318499442,0.0184528200533223,0.0227010436465661,2.22044604925031e-16,-1.25973651128267e-12,1.26018060049252e-12,7.04585552773803e-05,2.84571668570607e-05,0.0001124599436977
"2020-09-15","ES","ESGA",2699499,0.00674262933995582,0,NA,0,0.0205769318499442,0.0184528200533223,0.0227010436465661,2.22044604925031e-16,-1.50907272324725e-12,1.5095168124571e-12,0.000120505601126439,5.9539980621886e-05,0.000181471221630993
"2020-09-16","ES","ESGA",2699499,0.00676764840690976,0,NA,0,0.0205769318499442,0.0184528200533223,0.0227010436465661,2.22044604925031e-16,-1.76967360295948e-12,1.77011769216933e-12,0.000207109002848557,0.000121552945754277,0.000292665059942836
"2020-09-17","ES","ESGA",2699499,0.00676764840690976,0,NA,0,0.0205769318499442,0.0184528200533223,0.0227010436465661,2.22044604925031e-16,-2.03745445175767e-12,2.03789854096752e-12,0.000350451930374035,0.000237445573424073,0.000463458287323997
"2020-09-18","ES","ESGA",2699499,0.00676764840690976,0,NA,0,0.0205769318499442,0.0184528200533223,0.0227010436465661,2.22044604925031e-16,-2.30865430170746e-12,2.30909839091731e-12,0.000572025197684108,0.000435260908519402,0.000708789486848814
"2020-09-19","ES","ESGA",2699499,0.004501077519779,0,0,0,0.0205769318499442,0.0184528200533223,0.0227010436465661,2.22044604925031e-16,-2.57991357810332e-12,2.58035766731317e-12,0.00088242657276824,0.000733752387624083,0.0010311007579124
"2020-09-20","ES","ESGA",2699499,0.00678039675642254,0,0,0.00227931923664354,0.0205769318499442,0.0184528200533223,0.0227010436465661,2.22044604925031e-16,-2.84837005846311e-12,2.84881414767296e-12,0.00126081137834225,0.00111424085269772,0.00140738190398679
"2020-09-21","ES","ESGA",2699499,0.00678039675642254,0,0,0.00227931923664354,0.0205769318499442,0.0184528200533223,0.0227010436465661,2.22044604925031e-16,-3.11187410193395e-12,3.1123181911438e-12,0.00165512913801034,0.00151516727690218,0.0017950909991185
"2020-09-22","ES","ESGA",2699499,0.00678039675642254,0,0,0.00227931923664354,0.0205769318499442,0.0184528200533223,0.0227010436465661,2.22044604925031e-16,-3.37057449425951e-12,3.37101858346936e-12,0.00201445808032738,0.00187416784422331,0.00215474831643146
"2020-09-23","ES","ESGA",2699499,0.00678039675642254,0,0,0.00227931923664354,0.0205769318499442,0.0184528200533223,0.0227010436465661,2.22044604925031e-16,-3.62589403289258e-12,3.62633812210243e-12,0.00229680347342419,0.00215044579584008,0.00244316115100831
"2020-09-24","ES","ESGA",2699499,0.00678039675642254,0,0,0.00227931923664354,0.0205769318499442,0.0184528200533223,0.0227010436465661,2.22044604925031e-16,-3.87864803231324e-12,3.87909212152309e-12,0.00247869651714111,0.00233030907050831,0.0026270839637739
"2020-09-25","ES","ESGA",2699499,0.00678039675642254,0,0,0.00227931923664354,0.0205769318499442,0.0184528200533223,0.0227010436465661,2.22044604925031e-16,-4.12898490285139e-12,4.12942899206124e-12,0.00255829994697857,0.002416748049835,0.00269985184412215
"2020-09-26","ES","ESGA",2699499,0.00678039675642254,0,0,0.00227931923664354,0.0205769318499442,0.0184528200533223,0.0227010436465661,2.22044604925031e-16,-4.37645146383967e-12,4.37689555304952e-12,0.00255154257144783,0.00242229915773691,0.00268078598515876
"2020-09-27","ES","ESGA",2699499,0.00678039675642254,0,0,0.00227931923664354,0.0205769318499442,0.0184528200533223,0.0227010436465661,2.22044604925031e-16,-4.62010171272231e-12,4.62054580193216e-12,0.00248468932379504,0.00236571900470654,0.00260365964288354
"2020-09-28","ES","ESGA",2699499,0.00678039675642254,0,0,0.00227931923664354,0.0205769318499442,0.0184528200533223,0.0227010436465661,2.22044604925031e-16,-4.85863322707643e-12,4.85907731628628e-12,0.00238700843632368,0.002271114267299,0.00250290260534836
"2020-09-29","ES","ESGA",2699499,0.00696189181770395,0,0,0.00227931923664354,0.0205769318499442,0.0184528200533223,0.0227010436465661,2.22044604925031e-16,-5.09054130148334e-12,5.09098539069319e-12,0.00228582545848471,0.00216722223338995,0.00240442868357948
"2020-09-30","ES","ESGA",2699499,0.00696189181770395,0,0,0.00227931923664354,0.0205769318499442,0.0184528200533223,0.0227010436465661,2.22044604925031e-16,-5.31428573671309e-12,5.31472982592294e-12,0.00220449530662239,0.00208277647843134,0.00232621413481344
"2020-10-01","ES","ESGA",2699499,0.00696189181770395,0,0,0.00227931923664354,0.0205769318499442,0.0184528200533223,0.0227010436465661,2.22044604925031e-16,-5.52853132777196e-12,5.52897541698181e-12,0.00215399996571751,0.00203263009108223,0.00227536984035279
"2020-10-02","ES","ESGA",2699499,0.00696189181770395,0,0,0.00227931923664354,0.0205769318499442,0.0184528200533223,0.0227010436465661,2.22044604925031e-16,-5.73321403341983e-12,5.73365812262968e-12,0.00212958105692432,0.00201221147142281,0.00224695064242583
"2020-10-03","ES","ESGA",2699499,0.00696189181770395,0,0,0.00227931923664354,0.0205769318499442,0.0184528200533223,0.0227010436465661,2.22044604925031e-16,-5.92912466093e-12,5.92956875013985e-12,0.00212615279086502,0.00201512549397949,0.00223718008775055
"2020-10-04","ES","ESGA",2699499,0.00696189181770395,0,0,0.00227931923664354,0.0205769318499442,0.0184528200533223,0.0227010436465661,2.22044604925031e-16,-6.11686514816988e-12,6.11730923737973e-12,0.00213937256891022,0.002035042977975,0.00224370215984544
"2020-10-05","ES","ESGA",2699499,0.00696189181770395,0,0,0.00227931923664354,0.0205769318499442,0.0184528200533223,0.0227010436465661,2.22044604925031e-16,-6.29672114497504e-12,6.29716523418489e-12,0.0021652591115591,0.00206563235844414,0.00226488586467405
"2020-10-06","ES","ESGA",2699499,0.00696189181770395,0,0,0.00227931923664354,0.0205769318499442,0.0184528200533223,0.0227010436465661,2.22044604925031e-16,-6.46862207840787e-12,6.46906616761772e-12,0.0021999087637122,0.0021009655671621,0.00229885196026229
"2020-10-07","ES","ESGA",2699499,0.00919168828487558,0,0,0.00227931923664354,0.0205769318499442,0.0184528200533223,0.0227010436465661,2.22044604925031e-16,-6.63215020723328e-12,6.63259429644313e-12,0.00223929160191267,0.00213646760773855,0.00234211559608679
"2020-10-08","ES","ESGA",2699499,0.00919168828487558,0,0,0.00227931923664354,0.0205769318499442,0.0184528200533223,0.0227010436465661,2.22044604925031e-16,-6.78658969153943e-12,6.78703378074928e-12,0.00227912247001338,0.00216939623679871,0.00238884870322805
"2020-10-09","ES","ESGA",2699499,0.00919168828487558,0,0,0.00227931923664354,0.0205769318499442,0.0184528200533223,0.0227010436465661,2.22044604925031e-16,-6.93100935950822e-12,6.93145344871807e-12,0.00231481105514508,0.00219813981587026,0.0024314822944199
"2020-10-10","ES","ESGA",2699499,0.00919168828487558,0,0,0.00227931923664354,0.0205769318499442,0.0184528200533223,0.0227010436465661,2.22044604925031e-16,-7.06437507812859e-12,7.06481916733844e-12,0.00234151465272411,0.0022211423370153,0.00246188696843291
"2020-10-11","ES","ESGA",2699499,0.00919168828487558,0,0,0.00227931923664354,0.0205769318499442,0.0184528200533223,0.0227010436465661,2.22044604925031e-16,-7.18574422945222e-12,7.18618831866208e-12,0.00235628759201605,0.00223727443919719,0.00247530074483491
"2020-10-12","ES","ESGA",2699499,0.00919168828487558,0,0,0.00227931923664354,0.0205769318499442,0.0184528200533223,0.0227010436465661,2.22044604925031e-16,-7.29513758690718e-12,7.29558167611703e-12,0.00236035702464329,0.00224665608054344,0.00247405796874315
"2020-10-13","ES","ESGA",2699499,0.013590468588296,0,0,0.00227931923664354,0.0205769318499442,0.0184528200533223,0.0227010436465661,2.22044604925031e-16,-7.39325682558957e-12,7.39370091479942e-12,0.00235560716111272,0.00224893350013727,0.00246228082208817
"2020-10-14","ES","ESGA",2699499,0.013590468588296,0,0,0.00227931923664354,0.0205769318499442,0.0184528200533223,0.0227010436465661,2.22044604925031e-16,-7.48071660603656e-12,7.48116069524641e-12,0.00234402142191425,0.00224343805419982,0.00244460478962868
"2020-10-15","ES","ESGA",2699499,0.085227747815428,0,0,0.00227931923664354,0.0205769318499442,0.0184528200533223,0.0227010436465661,2.22044604925031e-16,-7.55792247568767e-12,7.55836656489752e-12,0.00232761747328827,0.00222987222469148,0.00242536272188506
"2020-10-16","ES","ESGA",2699499,0.085227747815428,0,0,0.00227931923664354,0.0205769318499442,0.0184528200533223,0.0227010436465661,2.22044604925031e-16,-7.6250103070709e-12,7.62545439628075e-12,0.00230839827838961,0.00220928281515403,0.00240751374162518
"2020-10-17","ES","ESGA",2699499,0.085227747815428,0,0,0.00227931923664354,0.0205769318499442,0.0184528200533223,0.0227010436465661,2.22044604925031e-16,-7.68182626256103e-12,7.68227035177088e-12,0.00228831998729468,0.00218453219671969,0.00239210777786968
"2020-10-18","ES","ESGA",2699499,0.085227747815428,0,0,0.00227931923664354,0.0205769318499442,0.0184528200533223,0.0227010436465661,2.22044604925031e-16,-7.72794403965006e-12,7.72838812885991e-12,0.00226927654341762,0.00215966146372962,0.00237889162310561
"2020-10-19","ES","ESGA",2699499,0.085227747815428,0,0,0.00227931923664354,0.0205769318499442,0.0184528200533223,0.0227010436465661,2.22044604925031e-16,-7.76271744936043e-12,7.76316153857028e-12,0.00225310032710508,0.00213887324116267,0.00236732741304748
"2020-10-20","ES","ESGA",2699499,0.085227747815428,0,0,0.00227931923664354,0.0205769318499442,0.0184528200533223,0.0227010436465661,2.22044604925031e-16,-7.78536761003996e-12,7.78581169924981e-12,0.00224157562973248,0.00212593523372589,0.00235721602573907
"2020-10-21","ES","ESGA",2699499,0.085227747815428,0,0,0.00227931923664354,0.0205769318499442,0.0184528200533223,0.0227010436465661,2.22044604925031e-16,-7.7951622899977e-12,7.79560637920755e-12,0.00223574094156974,0.00212268354252381,0.00234879834061567
"2020-10-22","ES","ESGA",2699499,0.085227747815428,0,0,0.00227931923664354,0.0205769318499442,0.0184528200533223,0.0227010436465661,2.22044604925031e-16,-7.79224923293993e-12,7.79269332214978e-12,0.00223489939957063,0.00212720132443597,0.00234259747470528
"2020-10-23","ES","ESGA",2699499,0.085227747815428,0,0,0.00227931923664354,0.0205769318499442,0.0184528200533223,0.0227010436465661,2.22044604925031e-16,-7.77740777374443e-12,7.77785186295428e-12,0.00223813103346309,0.00213663895278317,0.00233962311414301
"2020-10-24","ES","ESGA",2699499,0.085227747815428,0,0,0.00227931923664354,0.0205769318499442,0.0184528200533223,0.0227010436465661,2.22044604925031e-16,-7.75137591168028e-12,7.75182000089013e-12,0.00224453657341555,0.00214791968148951,0.00234115346534159
"2020-10-25","ES","ESGA",2699499,0.085227747815428,0,0,0.00227931923664354,0.0205769318499442,0.0184528200533223,0.0227010436465661,2.22044604925031e-16,-7.71472744761642e-12,7.71517153682627e-12,0.0022532227439401,0.00215826553660281,0.0023481799512774
"2020-10-26","ES","ESGA",2699499,0.00227931923664354,0,0,0.00227931923664354,0.0205769318499442,0.0184528200533223,0.0227010436465661,2.22044604925031e-16,-7.66779740541665e-12,7.6682414946265e-12,0.00226329125160322,0.00216602203068928,0.00236056047251716
"2020-10-27","ES","ESGA",2699499,0.00227931923664354,0,0,0.00227931923664354,0.0205769318499442,0.0184528200533223,0.0227010436465661,2.22044604925031e-16,-7.61064289777641e-12,7.61108698698626e-12,0.00227383138841032,0.00217112254840356,0.00237654022841708
"2020-10-28","ES","ESGA",2699499,0.00227931923664354,0,0,0.00227931923664354,0.0205769318499442,0.0184528200533223,0.0227010436465661,2.22044604925031e-16,-7.54303984684475e-12,7.5434839360546e-12,0.00228391627720857,0.00217465165075198,0.00239318090366515
"2020-10-29","ES","ESGA",2699499,0.00227931923664354,0,0,0.00227931923664354,0.0205769318499442,0.0184528200533223,0.0227010436465661,2.22044604925031e-16,-7.46451711063876e-12,7.46496119984861e-12,0.00229260284865719,0.00217801623311456,0.00240718946419982
"2020-10-30","ES","ESGA",2699499,0.00227931923664354,0,0,0.00227931923664354,0.0205769318499442,0.0184528200533223,0.0227010436465661,2.22044604925031e-16,-7.37443081706248e-12,7.37487490627233e-12,0.00229893594867162,0.00218236335431918,0.00241550854302406
"2020-10-31","ES","ESGA",2699499,0.00227931923664354,0,0,0.00227931923664354,0.0205769318499442,0.0184528200533223,0.0227010436465661,2.22044604925031e-16,-7.27215201998713e-12,7.27259610919698e-12,0.00230227620452036,0.00218805259231201,0.00241649981672871
"2020-11-01","ES","ESGA",2699499,0.00227931923664354,0,0,0.00227931923664354,0.0205769318499442,0.0184528200533223,0.0227010436465661,2.22044604925031e-16,-7.15798466664747e-12,7.15842875585732e-12,0.00230292452924566,0.00219414022405239,0.00241170883443893
"2020-11-02","ES","ESGA",2699499,0.00227931923664354,0,0,0.00227931923664354,0.0205769318499442,0.0184528200533223,0.0227010436465661,2.22044604925031e-16,-7.03291114307494e-12,7.03335523228479e-12,0.00230136141920003,0.00219900115534143,0.00240372168305863
"2020-11-03","ES","ESGA",2699499,0.00227931923664354,0,0,0.00227931923664354,0.0205769318499442,0.0184528200533223,0.0227010436465661,2.22044604925031e-16,-6.89791292391331e-12,6.89835701312316e-12,0.00229807345731726,0.00220077566635257,0.00239537124828195
"2020-11-04","ES","ESGA",2699499,0.00227931923664354,0,0,0.00227931923664354,0.0205769318499442,0.0184528200533223,0.0227010436465661,2.22044604925031e-16,-6.75383313066904e-12,6.7542772198789e-12,0.0022935491717835,0.00219800629060933,0.00238909205295766
"2020-11-05","ES","ESGA",2699499,0.00227931923664354,0,0,0.00227931923664354,0.0205769318499442,0.0184528200533223,0.0227010436465661,2.22044604925031e-16,-6.6012790275747e-12,6.60172311678455e-12,0.00228827591145276,0.00219050713040407,0.00238604469250146
"2020-11-06","ES","ESGA",2699499,0.00227931923664354,0,0,0.00227931923664354,0.0205769318499442,0.0184528200533223,0.0227010436465661,2.22044604925031e-16,-6.44055637002038e-12,6.44100045923023e-12,0.00228273775065201,0.00217973339455303,0.00238574210675099
"2020-11-07","ES","ESGA",2699499,0.00227931923664354,0,0,0.00227931923664354,0.0205769318499442,0.0184528200533223,0.0227010436465661,2.22044604925031e-16,-6.27163958902427e-12,6.27208367823412e-12,0.00227741442063177,0.00216820834055228,0.00238662050071125
"2020-11-08","ES","ESGA",2699499,0.00227931923664354,0,0,0.00227931923664354,0.0205769318499442,0.0184528200533223,0.0227010436465661,2.22044604925031e-16,-6.09418372443228e-12,6.09462781364213e-12,0.0022727812555825,0.00215865850901647,0.00238690400214852
"2020-11-09","ES","ESGA",2699499,0.00227931923664354,0,0,0.00227931923664354,0.0205769318499442,0.0184528200533223,0.0227010436465661,2.22044604925031e-16,-5.9075863753991e-12,5.90803046460895e-12,0.00226931012959367,0.00215348080567197,0.00238513945351536
"2020-11-10","ES","ESGA",2699499,0.00227931923664354,0,0,0.00227931923664354,0.0205769318499442,0.0184528200533223,0.0227010436465661,2.22044604925031e-16,-5.71120937799448e-12,5.71165346720433e-12,0.00226733856311835,0.00215393879508251,0.00238073833115418
"2020-11-11","ES","ESGA",2699499,0.00227931923664354,0,0,0.00227931923664354,0.0205769318499442,0.0184528200533223,0.0227010436465661,2.22044604925031e-16,-5.50557418725061e-12,5.50601827646046e-12,0.00226673585407768,0.0021587024765403,0.00237476923161505
"2020-11-12","ES","ESGA",2699499,0.00227931923664354,0,0,0.00227931923664354,0.0205769318499442,0.0184528200533223,0.0227010436465661,2.22044604925031e-16,-5.2920775695399e-12,5.29252165874975e-12,0.00226727031601422,0.00216548457225212,0.00236905605977632
"2020-11-13","ES","ESGA",2699499,0.00227931923664354,0,0,0.00227931923664354,0.0205769318499442,0.0184528200533223,0.0227010436465661,2.22044604925031e-16,-5.07219744405953e-12,5.07264153326938e-12,0.00226871201159754,0.00217176807628108,0.002365655946914
"2020-11-14","ES","ESGA",2699499,0.00227931923664354,0,0,0.00227931923664354,0.0205769318499442,0.0184528200533223,0.0227010436465661,2.22044604925031e-16,-4.84731944325701e-12,4.84776353246686e-12,0.00227083171398746,0.00217541108159168,0.00236625234638323
"2020-11-15","ES","ESGA",2699499,0.00227931923664354,0,0,0.00227931923664354,0.0205769318499442,0.0184528200533223,0.0227010436465661,2.22044604925031e-16,-4.61859176374011e-12,4.61903585294996e-12,0.00227340010303183,0.00217550780968291,0.00237129239638076
"2020-11-16","ES","ESGA",2699499,0.00227931923664354,0,0,0.00227931923664354,0.0205769318499442,0.0184528200533223,0.0227010436465661,2.22044604925031e-16,-4.38680225229661e-12,4.38724634150646e-12,0.00227618719420329,0.00217278602554787,0.00237958836285872
"2020-11-17","ES","ESGA",2699499,0.00227931923664354,0,0,0.00227931923664354,0.0205769318499442,0.0184528200533223,0.0227010436465661,2.22044604925031e-16,-4.15228596959215e-12,4.152730058802e-12,0.00227896200013372,0.00216907251891471,0.00238885148135273
"2020-11-18","ES","ESGA",2699499,0.00227931923664354,0,0,0.00227931923664354,0.0205769318499442,0.0184528200533223,0.0227010436465661,2.22044604925031e-16,-3.91487649602957e-12,3.91532058523942e-12,0.00228149242589693,0.00216643971366387,0.00239654513812998
"2020-11-19","ES","ESGA",2699499,0.00227931923664354,0,0,0.00227931923664354,0.0205769318499442,0.0184528200533223,0.0227010436465661,2.22044604925031e-16,-3.67392078519246e-12,3.67436487440231e-12,0.00228354539982004,0.00216665076860778,0.00240044003103231
"2020-11-20","ES","ESGA",2699499,0.00227931923664354,0,0,0.00227931923664354,0.0205769318499442,0.0184528200533223,0.0227010436465661,2.22044604925031e-16,-3.42856966194843e-12,3.42901375115828e-12,0.0022849365790954,0.00217053526558232,0.00239933789260848
"2020-11-21","ES","ESGA",2699499,0.00227931923664354,0,0,0.00227931923664354,0.0205769318499442,0.0184528200533223,0.0227010436465661,2.22044604925031e-16,-3.17979944680632e-12,3.18024353601617e-12,0.0022856940423283,0.00217682621500986,0.00239456186964674
"2020-11-22","ES","ESGA",2699499,0.00227931923664354,0,0,0.00227931923664354,0.0205769318499442,0.0184528200533223,0.0227010436465661,2.22044604925031e-16,-2.93013855040612e-12,2.93058263961597e-12,0.00228590357699998,0.00218330235508035,0.00238850479891961
"2020-11-23","ES","ESGA",2699499,0.00227931923664354,0,0,0.00227931923664354,0.0205769318499442,0.0184528200533223,0.0227010436465661,2.22044604925031e-16,-2.68257424945141e-12,2.68301833866126e-12,0.00228565144173318,0.00218754387879549,0.00238375900467087
"2020-11-24","ES","ESGA",2699499,0.00227931923664354,0,0,0.00227931923664354,0.0205769318499442,0.0184528200533223,0.0227010436465661,2.22044604925031e-16,-2.44035254332175e-12,2.4407966325316e-12,0.00228502417489951,0.00218769767369081,0.00238235067610822
"2020-11-25","ES","ESGA",2699499,0.00227931923664354,0,0,0.00227931923664354,0.0205769318499442,0.0184528200533223,0.0227010436465661,2.22044604925031e-16,-2.20676493062775e-12,2.2072090198376e-12,0.00228410843635444,0.00218342912796867,0.00238478774474022
"2020-11-26","ES","ESGA",2699499,0.00227931923664354,0,0,0.00227931923664354,0.0205769318499442,0.0184528200533223,0.0227010436465661,2.22044604925031e-16,-1.98488771177751e-12,1.98533180098736e-12,0.00228299088182071,0.00217616058817795,0.00238982117546348
"2020-11-27","ES","ESGA",2699499,0.00227931923664354,0,0,0.00227931923664354,0.0205769318499442,0.0184528200533223,0.0227010436465661,2.22044604925031e-16,-1.77725638880265e-12,1.7777004780125e-12,0.00228175807005838,0.00216830208306587,0.00239521405705088
"2020-11-28","ES","ESGA",2699499,0.00227931923664354,0,0,0.00227931923664354,0.0205769318499442,0.0184528200533223,0.0227010436465661,2.22044604925031e-16,-1.58547726302597e-12,1.58592135223582e-12,0.00228049640284431,0.00216232916401742,0.0023986636416712
"2020-11-29","ES","ESGA",2699499,0.00227931923664354,0,0,0.00227931923664354,0.0205769318499442,0.0184528200533223,0.0227010436465661,2.22044604925031e-16,-1.40982417731412e-12,1.41026826652397e-12,0.00227929209770278,0.00216024480774976,0.00239833938765581
"2020-11-30","ES","ESGA",2699499,0.00227931923664354,0,0,0.00227931923664354,0.0205769318499442,0.0184528200533223,0.0227010436465661,2.22044604925031e-16,-1.24891194434354e-12,1.24935603355339e-12,0.00227821552412718,0.00216286711786026,0.00239356393039409
"2020-12-01","ES","ESGA",2699499,0.00227931923664354,0,0,0.00227931923664354,0.0205769318499442,0.0184528200533223,0.0227010436465661,2.22044604925031e-16,-1.09992336612993e-12,1.10036745533978e-12,0.00227725478261604,0.00216819541782122,0.00238631414741085
"2020-12-02","ES","ESGA",2699499,0.00227931923664354,0,0,0.00227931923664354,0.0205769318499442,0.0184528200533223,0.0227010436465661,2.22044604925031e-16,-9.6036658967719e-13,9.6081067888704e-13,0.00227637118147206,0.00217301530931807,0.00237972705362605
"2020-12-03","ES","ESGA",2699499,0.00227931923664354,0,0,0.00227931923664354,0.0205769318499442,0.0184528200533223,0.0227010436465661,2.22044604925031e-16,-8.28654423160204e-13,8.29098512370054e-13,0.00227552608486292,0.0021743231477016,0.00237672902202424
"2020-12-04","ES","ESGA",2699499,0.00227931923664354,0,0,0.00227931923664354,0.0205769318499442,0.0184528200533223,0.0227010436465661,2.22044604925031e-16,-7.04049645937616e-13,7.04493735147466e-13,0.00227468091813093,0.0021706840124408,0.00237867782382106
"2020-12-05","ES","ESGA",2699499,0.00227931923664354,0,0,0.00227931923664354,0.0205769318499442,0.0184528200533223,0.0227010436465661,2.22044604925031e-16,-5.86575207753413e-13,5.87019296963263e-13,0.00227379716453533,0.00216308180365637,0.00238451252541428
"2020-12-06","ES","ESGA",2699499,0.00227931923664354,0,0,0.00227931923664354,0.0205769318499442,0.0184528200533223,0.0227010436465661,2.22044604925031e-16,-4.76909034924652e-13,4.77353124134502e-13,0.0022728363685238,0.00215419073319103,0.00239148200385657
"2020-12-07","ES","ESGA",2699499,0.00227931923664354,0,0,0.00227931923664354,0.0205769318499442,0.0184528200533223,0.0227010436465661,2.22044604925031e-16,-3.76273560988468e-13,3.76717650198319e-13,0.00227176014551538,0.00214699343065369,0.00239652686037707
"2020-12-08","ES","ESGA",2699499,0.00227931923664354,0,0,0.00227931923664354,0.0205769318499442,0.0184528200533223,0.0227010436465661,2.22044604925031e-16,-2.86322286065114e-13,2.86766375274964e-13,0.00227053019817316,0.0021438709909181,0.00239718940542822
"2020-12-09","ES","ESGA",2699499,0.00227931923664354,0,0,0.00227931923664354,0.0205769318499442,0.0184528200533223,0.0227010436465661,2.22044604925031e-16,-2.09016216339286e-13,2.09460305549136e-13,0.00226910833913971,0.0021459515375501,0.00239226514072933
"2020-12-10","ES","ESGA",2699499,0.00227931923664354,0,0,0.00227931923664354,0.0205769318499442,0.0184528200533223,0.0227010436465661,2.22044604925031e-16,-1.46198935323889e-13,1.46643024533739e-13,0.00226782345824602,0.00215187756407529,0.00238376935241675
"2020-12-11","ES","ESGA",2699499,0.00227931923664354,0,0,0.00227931923664354,0.0205769318499442,0.0184528200533223,0.0227010436465661,2.22044604925031e-16,-9.73487707217971e-14,9.77928599316472e-14,0.0022693594330045,0.00215757182485537,0.00238114704115363
"2020-12-12","ES","ESGA",2699499,0.00227931923664354,0,0,0.00227931923664354,0.0205769318499442,0.0184528200533223,0.0227010436465661,2.22044604925031e-16,-6.07257263169225e-14,6.11698155267726e-14,0.00227734877473378,0.00216117497225725,0.0023935225772103
"2020-12-13","ES","ESGA",2699499,0.00227931923664354,0,0,0.00227931923664354,0.0205769318499442,0.0184528200533223,0.0227010436465661,2.22044604925031e-16,-3.45802597924456e-14,3.50243490022956e-14,0.00229551770794223,0.00216765659254278,0.00242337882334168
"2020-12-14","ES","ESGA",2699499,0.00227931923664354,0,0,0.00227931923664354,0.0205769318499442,0.0184528200533223,0.0227010436465661,2.22044604925031e-16,-1.71628309925523e-14,1.76069202024024e-14,0.00232781899974689,0.00218719279532881,0.00246844520416497
"2020-12-15","ES","ESGA",2699499,0.00227931923664354,0,0,0.00227931923664354,0.0205769318499442,0.0184528200533223,0.0227010436465661,2.10276340740325e-10,-6.36755897990939e-09,6.78811166139004e-09,0.00237863526855808,0.00223064352591752,0.00252662701119864
"2020-12-16","ES","ESGA",2699499,0.00227931923664354,0,0,0.00227931923664354,0.0205769318499442,0.0184528200533223,0.0227010436465661,1.73567499019581e-05,-0.000118370820888929,0.000153084320692845,0.00245306584665272,0.00230649800448509,0.00259963368882036
"2020-12-17","ES","ESGA",2699499,0.0159425026643833,0.000610459570461037,0.00829484285787844,0.00288977880710458,0.0205769318499442,0.0184528200533223,0.0227010436465661,0.000609034212094004,0.000456525978882844,0.000761542445305165,0.00255732478074289,0.00241447727500323,0.00270017228648255
"2020-12-18","ES","ESGA",2699499,0.0156983188361989,0.00048836765636883,0.00829484285787844,0.00276768689301237,0.0205769318499442,0.0184528200533223,0.0227010436465661,0.000490068555090107,0.000337606525277701,0.000642530584902514,0.00269929605289463,0.00252885301173912,0.00286973909405015
"2020-12-19","ES","ESGA",2699499,0.0156983188361989,0.00048836765636883,0.00829484285787844,0.00276768689301237,0.0205769318499442,0.0184528200533223,0.0227010436465661,0.000487820922889526,0.000335221222718888,0.000640420623060164,0.00288932054902164,0.002609568370401,0.00316907272764227
