"date","p_cases","p_cases_recent","p_cases_fatalities","p_cases_stillsick","p_cases_smooth","p_cases_smooth_low","p_cases_smooth_high","p_cases_recent_smooth","p_cases_recent_smooth_low","p_cases_recent_smooth_high","p_cases_stillsick_smooth","p_cases_stillsick_smooth_low","p_cases_stillsick_smooth_high"
"2020-03-23",0.142857142857143,0,0,0,0.0310665299226217,0.0273035536678772,0.0348295061773662,1.51447113121578,-5.68283259923313,8.7117748616647,1.63119059340916,-2617.5515490783,2620.81393026512
"2020-03-24",0.142857142857143,0,0,0,0.0310665828871694,0.0273036306916848,0.0348295350826539,1.43069196120269,-5.27876686917903,8.1401507915844,1.53944154424859,-2437.71415158469,2440.79303467319
"2020-03-25",0.142857142857143,0,0,0,0.0310666359016722,0.0273037071822438,0.0348295646211006,1.35154737892349,-4.90201573299084,7.60511049083781,1.45285307414965,-2269.82618845635,2272.73189460465
"2020-03-26",0.105263157894737,0,0,0,0.0310666889881735,0.0273037831880687,0.0348295947882783,1.27678100318632,-4.55079367451434,7.10435568088698,1.37113491769275,-2113.11237657906,2115.85464641445
"2020-03-27",0.105263157894737,0,0,0,0.0310667421687168,0.0273038587566859,0.0348296255807478,1.20615063557438,-4.22342913577606,6.63573040692482,1.29401313592337,-1966.84684277989,1969.43486905174
"2020-03-28",0.105263157894737,0,0,0,0.0310667954653459,0.0273039339352727,0.0348296569954191,1.13942747586775,-3.91835737289577,6.19721232463128,1.22122919804269,-1830.35001829097,1832.79247668706
"2020-03-29",0.105263157894737,0,0,0,0.0310668489001045,0.0273040087711278,0.0348296890290813,1.07639538086725,-3.63411375367232,5.78690451540682,1.15253911474999,-1702.98572624767,1705.29080447717
"2020-03-30",0.105263157894737,0,0,0,0.0310669024950368,0.0273040833119722,0.0348297216781014,1.01685016421951,-3.36932746984022,5.40302779827925,1.08771262033178,-1584.15845033134,1586.333875572
"2020-03-31",0.0752941176470588,0,0,0,0.0310669562721867,0.0273041576060807,0.0348297549382927,0.960598934975149,-3.12271563862886,5.04391350857916,1.02653240075559,-1473.31077339314,1475.36383819465
"2020-04-01",0.0752941176470588,0,0,0,0.0310670102535987,0.0273042317022447,0.0348297888049527,0.907459472737217,-2.8930777697945,4.70799671526894,0.968793365180969,-1369.92097557842,1371.85856230879
"2020-04-02",0.0752941176470588,0,0,0,0.0310670644613171,0.0273043056495649,0.0348298232730693,0.857259637375937,-2.67929057574017,4.39380985049205,0.91430195844557,-1273.5007821123,1275.3293860292
"2020-04-03",0.0752941176470588,0,0,0,0.0310671189173867,0.0273043794970759,0.0348298583376975,0.809836811397456,-2.48030310369693,4.09997672649184,0.862875512221584,-1183.59325150933,1185.31900253377
"2020-04-04",0.0752941176470588,0,0,0,0.0310671736438521,0.0273044532931998,0.0348298939945045,0.76503737316025,-2.29513217021621,3.82520691653671,0.814341632667503,-1099.77079553579,1101.39947880112
"2020-04-05",0.0752941176470588,0,0,0,0.031067228663387,0.0273045270858729,0.0348299302409012,0.722716199232749,-2.12285807942272,3.56829047788821,0.768537622522402,-1021.63332278441,1023.17039802946
"2020-04-06",0.0752941176470588,0,0,0,0.0310672840131225,0.0273046009402375,0.0348299670860076,0.682736194280043,-1.96262060760438,3.32809299616446,0.72530993570551,-948.806498220041,950.257118091452
"2020-04-07",0.0752941176470588,0,0,0,0.0310673397446476,0.0273046749384914,0.0348300045508037,0.644967846956867,-1.81361523777543,3.10355093168916,0.684513662592748,-880.940111523602,882.309138848787
"2020-04-08",0.08,0,0,0,0.03106739591018,0.0273047491621032,0.0348300426582568,0.609288810368166,-1.67508962884398,2.89366724958031,0.646012044244737,-817.706547501412,818.998571589902
"2020-04-09",0.08,0,0,0,0.0310674525619382,0.0273048236916754,0.0348300814322009,0.575583505738205,-1.54634030495093,2.69750731642734,0.609676013957894,-758.799352240329,760.018704268245
"2020-04-10",0.08,0,0,0,0.0310675097521408,0.0273048986074522,0.0348301208968294,0.543742748004342,-1.4267095514258,2.51419504743448,0.575383764601715,-703.931889077007,705.08265660621
"2020-04-11",0.0110024449877751,0,0,0,0.031067567533007,0.0273049739896319,0.0348301610763821,0.513663392122614,-1.31558250463129,2.34290928887652,0.543020340291928,-652.836078814116,653.922119494699
"2020-04-12",0.00073909830007391,0,0,0,0.0310676259567562,0.0273050499184819,0.0348302019950306,0.485247998939387,-1.21238442374387,2.18288042162265,0.512477251030663,-605.261218958341,606.286173460402
"2020-04-13",0.00073909830007391,0,0,0,0.0310676850756085,0.0273051264742577,0.0348302436769594,0.45840451954667,-1.1165781332472,2.03338717234054,0.483652109021834,-560.97287707634,561.940181294383
"2020-04-14",0.00073909830007391,0,0,0,0.0310677449417843,0.027305203736925,0.0348302861466437,0.433045997098612,-1.02766162559982,1.89375361979704,0.456448285442571,-519.751853666432,520.664750237317
"2020-04-15",0.00073909830007391,0,0,0,0.0310678056075044,0.027305281785685,0.0348303294293238,0.409090285123244,-0.945165814182294,1.76334638442878,0.430774586520117,-481.393210227074,482.254759400114
"2020-04-16",0.0052102716784518,0,0,0,0.0310678671249901,0.0273053606983042,0.0348303735516761,0.386459781416955,-0.868652427233579,1.64157199006749,0.406544947828322,-445.705358469055,446.518448364712
"2020-04-17",0.00684670977558007,0,0,0,0.0310679295464633,0.0273054405502457,0.034830418542681,0.365081176659688,-0.797712034054193,1.52787438737357,0.383678145778953,-412.509206868079,413.276563159637
"2020-04-18",0.00806776926179911,0,0,0,0.0310679929304645,0.0273055214221021,0.0348304644388269,0.344885216936508,-0.731962195287514,1.42173262916053,0.36209752534064,-381.637360988763,382.361556039444
"2020-04-19",0.00806776926179911,0,0,0,0.0310680573608075,0.0273056034249938,0.0348305112966211,0.325806479396275,-0.671045729591745,1.32265868838429,0.341730743072749,-352.933374231216,353.616835717362
"2020-04-20",0.0103177878662815,0,0,0,0.0310681229276252,0.0273056866768628,0.0348305591783876,0.307783160320659,-0.614629089485791,1.23019541012711,0.322509524612722,-326.25104585791,326.896064907135
"2020-04-21",0.0103177878662815,0,0,0,0.0310681897210514,0.0273057712950649,0.0348306081470379,0.290756874917007,-0.562400839594737,1.14391458942875,0.304369435803969,-301.453763352581,302.062502224189
"2020-04-22",0.0103177878662815,0,0,0,0.0310682578312209,0.0273058573970026,0.0348306582654392,0.274672468186459,-0.514070230935881,1.0634151673088,0.287249666697044,-278.413886344955,278.98838567835
"2020-04-23",0.0118393234672304,0,0,0,0.0310683273482691,0.027305945100456,0.0348307095960823,0.259477836254693,-0.46936586527663,0.988321537786017,0.271092827700038,-257.012169506015,257.554355161415
"2020-04-24",0.0118393234672304,0,0,0,0.0310683983623329,0.0273060345236154,0.0348307622010504,0.245123757586479,-0.428034443961903,0.91828195913486,0.255844757194835,-237.137221979007,237.648911493397
"2020-04-25",0.0118393234672304,0,0,0,0.0310684709635498,0.0273061257848132,0.0348308161422864,0.231563733537291,-0.389839595953022,0.852967063027604,0.241454339974316,-218.68500106199,219.167909741939
"2020-04-26",0.0118393234672304,0,0,0,0.0310685452420586,0.0273062190019558,0.0348308714821614,0.218753837725469,-0.354560780143272,0.792068455594209,0.227873335891871,-201.558337999112,202.014084670896
"2020-04-27",0.0118393234672304,0,0,0,0.0310686212879991,0.0273063142916559,0.0348309282843424,0.206652573736959,-0.321992257318922,0.735297404792841,0.215056218148794,-185.666493870479,186.096606306776
"2020-04-28",0.0152671755725191,0,0,0,0.0310686991915124,0.0273064117680647,0.0348309866149601,0.195220740701718,-0.291942127419695,0.682383608823131,0.202960020677485,-170.924743695089,171.330663736444
"2020-04-29",0.0152671755725191,0,0,0,0.0310687790427408,0.027306511541404,0.0348310465440776,0.184421306306292,-0.26423142802032,0.633074040632904,0.191544194108837,-157.253986978154,157.637075366371
"2020-04-30",0.0152671755725191,0,0,0,0.0310688609338645,0.0273066137191091,0.0348311081486199,0.174219286831237,-0.238693290206345,0.58713186386882,0.18077046984098,-144.580383043884,144.941923983566
"2020-05-01",0.0183908045977011,0,0,0,0.0310689450039095,0.0273067184687404,0.0348311715390786,0.164581633824753,-0.215172148253454,0.544335415902961,0.1706027317537,-132.835009597807,133.176215061315
"2020-05-02",0.0183908045977011,0,0,0,0.0310690314387484,0.0273068260207558,0.034831236856741,0.155477127045435,-0.193522999741273,0.504477253832142,0.161006895138505,-121.953543059297,122.275556849574
"2020-05-03",0.0183908045977011,0,0,0,0.0310691204262931,0.0273069366071149,0.0348313042454712,0.146876273327326,-0.173610712940847,0.467363259595499,0.151950792438465,-111.87595929575,112.179860880627
"2020-05-04",0.0183908045977011,0,0,0,0.031069212154458,0.0273070504594594,0.0348313738494567,0.138751211039673,-0.155309378510484,0.43281180058983,0.143404065414809,-102.546253474933,102.833061605762
"2020-05-05",0.0183908045977011,0,0,0,0.0310693068111608,0.0273071678095635,0.0348314458127581,0.13107561983188,-0.138501702718235,0.400652942381996,0.135338063378793,-93.9121778319526,94.1828539587102
"2020-05-06",0.0187471422039323,0,0,0,0.031069404584322,0.0273072888891669,0.0348315202794771,0.123824635371285,-0.123078439581679,0.370727710324248,0.127725747147686,-85.924996222265,86.1804477165603
"2020-05-07",0.0187471422039323,0,0,0,0.0310695056618655,0.0273074139291907,0.0348315973945403,0.116974768797563,-0.108937859477569,0.342887397072696,0.120541598402915,-78.539254402522,78.7803375993278
"2020-05-08",0.0187471422039323,0,0,0,0.0310696102317186,0.0273075431583363,0.0348316773051008,0.110503830632855,-0.095985251925955,0.316992913191665,0.113761534146507,-71.7125650471208,71.9400881154138
"2020-05-09",0.0187471422039323,0,0,0,0.0310697184818123,0.0273076768010677,0.0348317601625568,0.104390858901095,-0.0841324603962046,0.292914178198396,0.10736282596908,-65.405406570326,65.6201322222642
"2020-05-10",0.0187471422039323,0,0,0,0.0310698306000814,0.0273078150749755,0.0348318461251872,0.0986160512237339,-0.0732974471165476,0.270529549564015,0.101324023858735,-59.5809348820615,59.783582929779
"2020-05-11",0.0187471422039323,0,0,0,0.0310699467744649,0.0273079581875248,0.034831935361405,0.093160700671848,-0.0634038859948873,0.249725287338583,0.0956248842954468,-54.2048072601553,54.3960570287462
"2020-05-12",0.0187471422039323,0,0,0,0.0310700671929062,0.0273081063321852,0.0348320280536272,0.0880071351668652,-0.0543807818772472,0.230395052210978,0.0902463023899074,-49.2450175732041,49.4255101779839
"2020-05-13",0.0187471422039323,0,0,0,0.0310701920937638,0.027308259758835,0.0348321244286926,0.0831386602335787,-0.0461621144818699,0.212439434949027,0.0851702478393316,-44.6717421365427,44.8420826322213
"2020-05-14",0.0187471422039323,0,0,0,0.0310703219170455,0.0273084189997777,0.0348322248343132,0.078539504920015,-0.0386865054522527,0.195765515292283,0.0803797044855369,-40.4571955292855,40.6179549382566
"2020-05-15",0.0187471422039323,0,0,0,0.0310704571531796,0.0273085846547549,0.0348323296516042,0.0741947707089667,-0.0318969070718395,0.180286448489773,0.0758586132726811,-36.5754957433059,36.7272129698512
"2020-05-16",0.0187471422039323,0,0,0,0.0310705982926057,0.0273087573194422,0.0348324392657691,0.0700903832556918,-0.025740311277369,0.165921077788753,0.0715918184134358,-33.0025380755769,33.1457217124038
"2020-05-17",0.0187471422039323,0,0,0,0.0310707458257754,0.0273089375859558,0.034832554065595,0.0662130467954403,-0.0201674776977605,0.152593571288641,0.0675650165831354,-29.7158772138332,29.8510072469994
"2020-05-18",0.0187471422039323,0,0,0,0.0310709002431536,0.027309126041591,0.0348326744447161,0.0625502010731141,-0.0151326795318613,0.140233081678089,0.0637647089715861,-26.6946170023671,26.8221464203102
"2020-05-19",0.0187471422039323,0,0,0,0.0310710620352189,0.0273093232657907,0.0348328008046471,0.0590899806555412,-0.0105934661626912,0.128773427473774,0.0601781560317997,-23.9193074104424,24.039663722506
"2020-05-20",0.0187471422039323,0,0,0,0.0310712316924656,0.0273095298253466,0.0348329335595845,0.0558211764945552,-0.00651044148989568,0.118152794479006,0.0567933347739634,-21.3718482609552,21.4854349305031
"2020-05-21",0.0187471422039323,0,0,0,0.0310714097054041,0.0273097462678296,0.0348330731429785,0.0527331996163735,-0.0028470570488481,0.108313456281595,0.0535988984614793,-19.0353993126192,19.1425971095422
"2020-05-22",0.0187471422039323,0,0,0,0.0310715965645627,0.027309973113251,0.0348332200158744,0.0498160468196423,0.000430580921053275,0.0992015127182314,0.0505841385739687,-16.8942963267368,16.9954646038848
"2020-05-23",0.0187471422039323,0,0,0,0.0310717927604887,0.0273102108439533,0.0348333746770241,0.0470602682710394,0.00335389118692241,0.0907666453551563,0.047738948909732,-14.9339727922777,15.0294506900972
"2020-05-24",0.0187471422039323,0,0,0,0.03107199878375,0.0273104598927303,0.0348335376747697,0.044456936893454,0.00595198460097034,0.0829618891859376,0.045053791707324,-13.1408870353449,13.2309946187595
"2020-05-25",0.0187471422039323,0,0,0,0.0310722151485268,0.0273107206647447,0.0348337096323088,0.041997619447589,0.00825181894232693,0.0757434199528511,0.0425196656726796,-11.5024545100134,11.5874938413588
"2020-05-26",0.0187471422039323,0,0,0,0.031072442911605,0.0273109943132323,0.0348338915099777,0.0396743492132992,0.0102783416185677,0.0690703568080307,0.0401280758046065,-10.0069851738834,10.0872413254926
"2020-05-27",0.0187471422039323,0,0,0,0.0310726836723992,0.0273112827659672,0.0348340845788312,0.037479600182176,0.0120546198208481,0.0629045805435038,0.0378710049174937,-8.64362602737118,8.71936803720616
"2020-05-28",0.0187471422039323,0,0,0,0.0310729390539793,0.0273115879597622,0.0348342901481965,0.0354062626777729,0.0136019568112216,0.0572105685443242,0.0357408867657741,-7.4023092120939,7.47379098562544
"2020-05-29",0.0187471422039323,0,0,0,0.0310732106794879,0.0273119118036174,0.0348345095553585,0.0334476203244994,0.0149399912265185,0.0519552494224802,0.0337305806800446,-6.27370667975162,6.34116784111171
"2020-05-30",0.0187471422039323,0,0,0,0.0310735001721481,0.0273122561693904,0.0348347441749057,0.0315973282905732,0.0160867724982241,0.0471078840829223,0.0318333476298222,-5.24919373802733,5.31286043328698
"2020-05-31",0.0187471422039323,0,0,0,0.0310738091552724,0.0273126228746743,0.0348349954358706,0.0298493927345548,0.0170587968409388,0.0426399886281708,0.0300428276326894,-4.32082673339599,4.38091238866137
"2020-06-01",0.0187471422039323,0,0,0,0.0310741392522729,0.0273130136578803,0.0348352648466656,0.028198151388879,0.0178709665899637,0.0385253361877943,0.0283530184341007,-3.48134752517883,3.53805356204703
"2020-06-02",0.0187471422039323,0,0,0,0.0310744920866713,0.0273134301455228,0.0348355540278198,0.0266382552174893,0.018536374812044,0.0347401356229346,0.0267582553863787,-2.72424815287662,2.77776466364937
"2020-06-03",0.0187471422039323,0,0,0,0.0310748692821108,0.0273138738117024,0.0348358647525191,0.0251646510881544,0.019065619329827,0.0312636828464818,0.0252531924594494,-2.04399647083488,2.09450285575378
"2020-06-04",0.0187471422039323,0,0,0,0.031075272462368,0.0273143459297828,0.0348361989949532,0.0237725654033369,0.0194645670290513,0.0280805637776225,0.0238327843196619,-1.43679000018189,1.48445556882121
"2020-06-05",0.0187471422039323,0,0,0,0.0310757032513664,0.027314847516256,0.0348365589864769,0.0224574886365882,0.0197253692415572,0.0251896080316192,0.0224922694166132,-0.90360373039857,0.948588269231797
"2020-06-06",0.0216003927344134,0.02,0,0.02,0.0310761632731905,0.0273153792667927,0.0348369472795883,0.0212046523823715,0.019756865505139,0.0226524392596041,0.0212168143530541,-0.470181759770401,0.512615388476509
"2020-06-07",0.0216003927344134,0.02,0,0.02,0.0310766551845639,0.0273159430512856,0.0348373673178422,0.0197091679580617,0.0188466784576095,0.0205716574585139,0.0197064806149206,-0.273557529208659,0.3129704904385
"2020-06-08",0.0216003927344134,0.02,0,0.02,0.0310771857723969,0.027316546645727,0.0348378248990669,0.0179650068927642,0.0171269375166147,0.0188030762689136,0.0179558938190731,-0.266263374317066,0.302175161955212
"2020-06-09",0.0216003927344134,0.02,0,0.02,0.0310777628566928,0.0273171991765936,0.034838326536792,0.0161332023899322,0.0152944939828353,0.0169719107970292,0.0161234616270674,-0.26808892346889,0.300335846723025
"2020-06-10",0.0225636101776284,0.01,0,0.01,0.0310783942582229,0.0273179095364796,0.0348388789799661,0.0143403583443603,0.0135849821375896,0.0150957345511309,0.0143333295905098,-0.241899171932101,0.27056583111312
"2020-06-11",0.0225636101776284,0.01,0,0.01,0.0310790877986531,0.0273186862804499,0.0348394893168563,0.0126752865251105,0.0120196866947068,0.0133308863555141,0.0126723647146372,-0.210087177041849,0.235431906471124
"2020-06-12",0.0225636101776284,0.01,0,0.01,0.0310798513006908,0.027319537457911,0.0348401651434707,0.0111924730751598,0.0105862404667499,0.0117987056835697,0.0111937152335084,-0.194925959537583,0.2173133900046
"2020-06-13",0.0225636101776284,0.01,0,0.01,0.031080692588251,0.0273204703799446,0.0348409147965574,0.00991920702267566,0.00930489041982255,0.0105335236255288,0.00992387070654765,-0.198758752843085,0.21860649425618
"2020-06-14",0.0225636101776284,0.01,0,0.01,0.0310816194866419,0.0273214913220337,0.0348417476512501,0.0088638542362089,0.00822488542971897,0.00950282304269883,0.00887079270199663,-0.20794758323062,0.225689168634613
"2020-06-15",0.0225636101776284,0.01,0,0.01,0.0310826398227707,0.0273226051621043,0.0348426744834372,0.00802370234619029,0.00738165372910338,0.0086657509632772,0.00803160169078664,-0.209700448146026,0.225763651527599
"2020-06-16",0.0225636101776284,0.01,0,0.01,0.0310837614253693,0.0273238149537993,0.0348437078969392,0.0073819225960616,0.00677084121352036,0.00799300397860284,0.00738953940261235,-0.199822166973341,0.214601245778565
"2020-06-17",0.0243546030199708,0.00588235294117647,0,0.00588235294117647,0.0310849921252386,0.0273251214349135,0.0348448628155637,0.00689739664081237,0.00633534671614885,0.0074594465654759,0.00690391388312267,-0.183744387971863,0.197552215738109
"2020-06-18",0.0243546030199708,0.00588235294117647,0,0.00588235294117647,0.0310863397555139,0.027326522470956,0.0348461570400718,0.00653531430831701,0.00602062338967703,0.00705000522695698,0.00654025492702907,-0.168165975890064,0.181246485744122
"2020-06-19",0.0243546030199708,0.00588235294117647,0,0.00588235294117647,0.0310878137389688,0.0273280147637958,0.0348476127141418,0.00626986007685358,0.00578423752396526,0.00675548262974189,0.00627297891778579,-0.158703721765936,0.171249679601507
"2020-06-20",0.0243546030199708,0.00588235294117647,0,0.00588235294117647,0.0310894600049882,0.0273296447454923,0.0348492752644841,0.00608140374758778,0.00559738572716112,0.00656542176801444,0.00608262923234166,-0.158427850909989,0.170593109374672
"2020-06-21",0.0243546030199708,0.00588235294117647,0,0.00588235294117647,0.0310913610006972,0.0273315091066891,0.0348512128947054,0.00595455035684614,0.00544725639216963,0.00646184432152265,0.00595395780347443,-0.166443847408286,0.178351763015235
"2020-06-22",0.0243546030199708,0.00588235294117647,0,0.00588235294117647,0.0310936007858227,0.0273337023496878,0.0348534992219576,0.00587675764949615,0.00533362560920199,0.00641988968979031,0.00587456314303964,-0.178605470095369,0.190354596381448
"2020-06-23",0.0243546030199708,0.00588235294117647,0,0.00588235294117647,0.0310962634537701,0.0273363109201025,0.0348562159874377,0.00583733733604275,0.00526137353921987,0.00641330113286563,0.00583390484835461,-0.189690656810018,0.201358466506727
"2020-06-24",0.0243546030199708,0.00588235294117647,0,0.00588235294117647,0.0310994331419189,0.0273394077336993,0.0348594585501384,0.00582672512662037,0.00523526955988653,0.00641818069335422,0.00582258146415755,-0.194895860297957,0.206541023226272
"2020-06-25",0.0243546030199708,0.00588235294117647,0,0.00588235294117647,0.0311031940441943,0.0273430447729179,0.0348633433154708,0.00583651821015793,0.00525531776102239,0.00641771865929347,0.00583231629613962,-0.191409522681463,0.203074155273742
"2020-06-26",0.0243546030199708,0.00588235294117647,0,0.00588235294117647,0.0311076304259201,0.0273472437463052,0.034868017105535,0.0058609544189085,0.00530866936877807,0.00641323946903893,0.00585725712429377,-0.181629200214368,0.193343714462955
"2020-06-27",0.0243546030199708,0.00588235294117647,0,0.00588235294117647,0.0311128266409546,0.0273519848080137,0.0348736684738955,0.0058949596081294,0.00537628128547583,0.00641363793078297,0.00589218508631022,-0.17026514367228,0.182049513844901
"2020-06-28",0.0243546030199708,0.00588235294117647,0,0.00588235294117647,0.0311188671511182,0.0273571933475926,0.0348805409546437,0.00593340673832049,0.00543727877703369,0.00642953469960729,0.00593182714279072,-0.162625909671861,0.174489563957443
"2020-06-29",0.0243546030199708,0.00588235294117647,0,0.00588235294117647,0.0311258365479171,0.0273627248894978,0.0348889482063364,0.00597105415911941,0.00547437638006028,0.00646773193817855,0.00597078940196888,-0.162778030295494,0.174719609099432
"2020-06-30",0.0243546030199708,0.00588235294117647,0,0.00588235294117647,0.0311338195765734,0.02736834819653,0.0348992909566168,0.00600252958764721,0.00548121151335687,0.00652384766193754,0.00600353883603527,-0.171074135515006,0.183081213187076
"2020-07-01",0.0243546030199708,0.00588235294117647,0,0.00588235294117647,0.0311429011623711,0.0273737267637475,0.0349120755609948,0.00602236153902032,0.00546356377205193,0.00658115930598872,0.00602443530500766,-0.183737654034036,0.195786524644051
"2020-07-02",0.0243546030199708,0.00588235294117647,0,0.00588235294117647,0.0311548300571166,0.0273802175963963,0.0349294425178369,0.00602505977164992,0.00543288097346605,0.0066172385698338,0.00602781562355042,-0.195054264719876,0.207109895966977
"2020-07-03",0.0243546030199708,0.00588235294117647,0,0.00588235294117647,0.0311780171397856,0.0273964109563296,0.0349596233232416,0.00600524489994323,0.00539969591733588,0.00661079388255058,0.00600812989835756,-0.199638391690157,0.211654651486872
"2020-07-04",0.0243546030199708,0.00588235294117647,0,0.00588235294117647,0.0312225739505721,0.0274328801429782,0.035012267758166,0.00595944270998347,0.00536952056648521,0.00654936485348174,0.0059617864952048,-0.194434955057162,0.206358528047572
"2020-07-05",0.0243546030199708,0.00588235294117647,0,0.00588235294117647,0.0312987030611625,0.0275004682003106,0.0350969379220144,0.00589400335613641,0.00533969022376632,0.0064483164885065,0.00589527506636015,-0.182462466790765,0.194253016923485
"2020-07-06",0.0243546030199708,0.00588235294117647,0,0.00588235294117647,0.0314167842240462,0.0276103911904694,0.035223177257623,0.00581864457288409,0.0053024928958932,0.00633479624987499,0.00581854031955365,-0.169578706939845,0.181215787578952
"2020-07-07",0.0243546030199708,0.00588235294117647,0,0.00588235294117647,0.0315874949824182,0.0277743676540633,0.0354006223107731,0.00574271527297121,0.00525010719438501,0.00623532335155741,0.00574114463342373,-0.161560568185599,0.173042857452447
"2020-07-08",0.0243546030199708,0.00588235294117647,0,0.00588235294117647,0.0318219678693955,0.0280047809368575,0.0356391548019334,0.0056751066338112,0.00518123799652736,0.00616897527109504,0.00567217391625535,-0.161862831874032,0.173207179706543
"2020-07-09",0.0243546030199708,0.00588235294117647,0,0.00588235294117647,0.0321319876234681,0.0283148806265287,0.0359490946204075,0.00562431114545878,0.00510651421308977,0.0061421080778278,0.00562029801942067,-0.169822928841404,0.181063524880245
"2020-07-10",0.0243546030199708,0.00588235294117647,0,0.00588235294117647,0.0325302335422377,0.0287190280929678,0.0363414389915076,0.00559861372146474,0.00504614976182431,0.00615107768110516,0.00559396896640716,-0.181471286284244,0.192659224217059
"2020-07-11",0.0243546030199708,0.00588235294117647,0,0.00588235294117647,0.0330305742667791,0.0292329885652457,0.0368281599683125,0.00560640937584122,0.00502308197816642,0.00618973677351603,0.0056017510889203,-0.191924465335428,0.203127967513269
"2020-07-12",0.0243546030199708,0.00588235294117647,0,0.00588235294117647,0.0336484250502959,0.0298742670279219,0.0374225830726699,0.00565665286947607,0.00505881032930205,0.00625449540965009,0.00565278872517647,-0.196944247299772,0.208249824750125
"2020-07-13",0.0243546030199708,0.00588235294117647,0,0.00588235294117647,0.0344011810831548,0.0306624746773677,0.0381398874889418,0.00575708116323402,0.00516852342660361,0.00634563889986443,0.00575500490780386,-0.193971680465092,0.2054816902807
"2020-07-14",0.0243546030199708,0.00588235294117647,0,0.00588235294117647,0.035308026813337,0.0316188928498053,0.0389971607768687,0.00589680685714762,0.00533399514251541,0.00645961857177983,0.00589734162621107,-0.185357054455649,0.197151737708071
"2020-07-15",0.0243546030199708,0.00588235294117647,0,0.00588235294117647,0.0363741915521666,0.0327485807499061,0.0399998023544272,0.00605432706236013,0.00551594941217424,0.00659270471254603,0.00605789598979735,-0.176939695266896,0.189055487246491
"2020-07-16",0.0243546030199708,0.00588235294117647,0,0.00588235294117647,0.0375887791675292,0.034037555195264,0.0411400031397944,0.00620592680128725,0.00567111744275069,0.00674073615982382,0.00621246754044066,-0.175257129653092,0.187682064733974
"2020-07-17",0.0243546030199708,0.00588235294117647,0,0.00588235294117647,0.0389389637506862,0.0354682444318352,0.0424096830695372,0.00632552513106067,0.00576389870725877,0.00688715155486258,0.00633439444865876,-0.183715577946353,0.196384366843671
"2020-07-18",0.0243546030199708,0.00588235294117647,0,0.00588235294117647,0.0404099381598326,0.0370191823811072,0.043800693938558,0.00638547280523566,0.00577684631352375,0.00699409929694758,0.00639538336466252,-0.199223513305555,0.21201428003488
"2020-07-19",0.0243546030199708,0.00588235294117647,0,0.00588235294117647,0.041984205336344,0.0386642131916293,0.0453041974810587,0.00635848194268186,0.00570638654353711,0.00701057734182661,0.00636752159928639,-0.213996865446599,0.226731908645172
"2020-07-20",0.0243546030199708,0.00588235294117647,0,0.00588235294117647,0.0436409276259732,0.0403722609853674,0.046909594266579,0.00622064051393557,0.00555153163772428,0.00688974939014685,0.00622642114429208,-0.220294962332242,0.232747804620826
"2020-07-21",0.0321957501609788,0.00588235294117647,0,0.00588235294117647,0.0453553604064589,0.042107971043147,0.0486027497697708,0.00595518719271592,0.00530585337160423,0.0066045210138276,0.00595514905419746,-0.214408859828546,0.226319157936941
"2020-07-22",0.0765696784073507,0.00588235294117647,0,0.00588235294117647,0.0470984064400603,0.0438333434960495,0.0503634693840712,0.00555812359390955,0.00495197124357702,0.00616427594424207,0.00555009932758518,-0.200295576959839,0.21139577561501
"2020-07-23",0.0765696784073507,0.00588235294117647,0,0.00588235294117647,0.0488363361712958,0.0455100050292274,0.0521626673133642,0.00505807579404649,0.00447678214722553,0.00563936944086744,0.0050420294516493,-0.191353560284327,0.201437619187626
"2020-07-24",0.0765696784073507,0.00588235294117647,0,0.00588235294117647,0.0505307256949725,0.0471012498770244,0.0539602015129206,0.00450011442067671,0.0039050074134793,0.00509522142787411,0.00447848955202869,-0.194855987123957,0.203812966228015
"2020-07-25",0.0765696784073507,0.00588235294117647,0,0.00588235294117647,0.0521386670807786,0.0485729698668378,0.0557043642947193,0.00392481932722421,0.00329949244397863,0.00455014621046979,0.00390144822939996,-0.204456788685244,0.212259685144044
"2020-07-26",0.067842605156038,0.00187963923697023,0,0.00187963923697023,0.05361330374691,0.0498932645268993,0.0573333429669206,0.00336473194516735,0.00272312344615191,0.00400634044418279,0.00334375738353591,-0.210464739934049,0.21715225470112
"2020-07-27",0.0668989547038328,0.00175855708136913,0,0.00175855708136913,0.0549136867651461,0.0510386923954868,0.0587886811348054,0.00284310409803597,0.00221339059710645,0.00347281759896548,0.00282816554131747,-0.207880812388864,0.213537143471499
"2020-07-28",0.0671480144404332,0.00160968358462519,0,0.00160968358462519,0.056034351832395,0.0520154409810123,0.0600532626837777,0.00237423300744445,0.00178217243332655,0.00296629358156236,0.00236800483019116,-0.196917250315022,0.201653259975405
"2020-07-29",0.0671480144404332,0.00160968358462519,0,0.00160968358462519,0.0569816413112898,0.052836800990827,0.0611264816317527,0.00196480295138616,0.00142326752414008,0.00250633837863225,0.00196885875806685,-0.181105004225646,0.18504272174178
"2020-07-30",0.0668670172802404,0.00148053210765899,0,0.00148053210765899,0.0577648354777616,0.0535158740393728,0.0620137969161505,0.00161568447080922,0.00112007857121431,0.00211129037040413,0.00163059944985123,-0.165544272626986,0.168805471526689
"2020-07-31",0.0611550223936027,0.000900634476825465,0,0.000900634476825465,0.0583957504548888,0.0540657694648409,0.0627257314449366,0.00132383575640379,0.000853588520385973,0.0017940829924216,0.00134936569941376,-0.155376897963119,0.158075629361947
"2020-08-01",0.0635825824635272,0.000900634476825465,0,0.000900634476825465,0.0588883244145333,0.0544997780304523,0.0632768707986142,0.00108479954379162,0.000615432291575328,0.00155416679600791,0.0011193215450367,-0.152965495464761,0.155204138554834
"2020-08-02",0.0624970598463176,0.000803135792993805,0,0.000803135792993805,0.0592582106324064,0.0548314946813666,0.0636849265834462,0.000893008344861611,0.000412713189860348,0.00137330349986287,0.000933803265573722,-0.155516959210417,0.157384565741564
"2020-08-03",0.0631118755727993,0.000801641586867305,0,0.000801641586867305,0.0595223932961238,0.0550748930594953,0.0639698935327522,0.000741852086858537,0.000252178139470944,0.00123152603424613,0.000786077045692302,-0.158916530696864,0.160488684788248
"2020-08-04",0.0631118755727993,0.000801641586867305,0,0.000801641586867305,0.059698839044849,0.0552443623704461,0.0641533157192519,0.000624741068237145,0.000133376993219303,0.00111610514325499,0.000669912243302879,-0.160666227896197,0.162006052382803
"2020-08-05",0.0631118755727993,0.000801641586867305,0,0.000801641586867305,0.0598061942946345,0.0553547160751582,0.0642576725141108,0.000535758243646422,5.09561541809061e-05,0.00102056033311194,0.00057989272811118,-0.159978559067501,0.161138344523724
"2020-08-06",0.0631118755727993,0.000801641586867305,0,0.000801641586867305,0.0598635356668615,0.0554211780571321,0.0643058932765908,0.000469990291980672,-1.92694110571926e-06,0.000941907525067063,0.000511550166889816,-0.157029189878738,0.158052290212518
"2020-08-07",0.0621123239854016,0.00065077755240027,0,0.00065077755240027,0.0598901784361739,0.055459348111866,0.0643210087604818,0.000423667623628708,-3.14995047595278e-05,0.000878834752016945,0.000461395646079584,-0.152359120296879,0.153281911589038
"2020-08-08",0.0595736545243409,0.00065077755240027,0,0.00065077755240027,0.0599051426441623,0.0554848272788912,0.0643254580094334,0.000394224105256745,-4.24438228165005e-05,0.00083089203332999,0.000426910974994853,-0.146568843161362,0.147422665111352
"2020-08-09",0.0595736545243409,0.00065077755240027,0,0.00065077755240027,0.0599182088431887,0.0555060807176622,0.0643303369687153,0.000380309933018206,-3.78340097735282e-05,0.000798453875809939,0.000406504097696077,-0.140276433748142,0.141089441943535
"2020-08-10",0.0580342111013842,0.000527681660899654,0,0.000527681660899654,0.0599298878581433,0.0555241720446551,0.0643356036716314,0.000380088982023657,-2.22283906039736e-05,0.000782406354651287,0.000398199505596363,-0.134595325770804,0.135391724781997
"2020-08-11",0.0580342111013842,0.000527681660899654,0,0.000527681660899654,0.05994028749012,0.055539694736292,0.064340880243948,0.000390879452345542,-2.47897946681509e-06,0.000784237884157898,0.000399456668606383,-0.131052542255766,0.131851455592978
"2020-08-12",0.0580342111013842,0.000527681660899654,0,0.000527681660899654,0.0599495157023576,0.0555531153241982,0.064345916080517,0.000410691953236742,1.43318472839716e-05,0.000807052059189512,0.000408405830992222,-0.131091135940237,0.131907947602221
"2020-08-13",0.0580342111013842,0.000527681660899654,0,0.000527681660899654,0.0599576805981005,0.0555647982060782,0.0643505629901227,0.00043773490785166,2.13626996421001e-05,0.00085410711606122,0.000423533356371131,-0.135787788142743,0.136634854855485
"2020-08-14",0.0580342111013842,0.000527681660899654,0,0.000527681660899654,0.0599648904004014,0.05557502816157,0.0643547526392328,0.000469930515821357,1.46743737031289e-05,0.000925186657939585,0.000443380778594978,-0.145274362202606,0.146161123759796
"2020-08-15",0.0579988265032171,0.000490918016691213,0,0.000490918016691213,0.0599712534338693,0.0555840302328055,0.064358476634933,0.000504532835161861,-3.89753715826231e-06,0.00101296320748198,0.000466315431877129,-0.158283111108051,0.159215741971805
"2020-08-16",0.0579988265032171,0.000490918016691213,0,0.000490918016691213,0.0599768781083693,0.0555919867605489,0.0643617694561898,0.000537878751679103,-2.63331360637956e-05,0.001102090639422,0.00049036168302969,-0.17215812492847,0.17313884829453
"2020-08-17",0.0579988265032171,0.000490918016691213,0,0.000490918016691213,0.0599818729046786,0.0555990514486521,0.064364694360705,0.0005653590508666,-4.06032693894986e-05,0.0011713213711227,0.000513106135008312,-0.183264849153681,0.184291061423697
"2020-08-18",0.0579988265032171,0.000490918016691213,0,0.000490918016691213,0.0599863463621007,0.0556053603785889,0.0643673323456126,0.000581764179354209,-3.47225015205083e-05,0.00119825086022893,0.000531728933887502,-0.187716065060417,0.188779522928192
"2020-08-19",0.0579988265032171,0.000490918016691213,0,0.000490918016691213,0.0599904070680433,0.0556110399244957,0.0643697742115908,0.000584635111429908,-7.21486812737268e-06,0.00117648509098719,0.000544570296125661,-0.184162436803727,0.185251577395979
"2020-08-20",0.0595521474846037,0.00049825610363727,0,0.00049825610363727,0.0599941636495587,0.0556162115361545,0.064372115762963,0.000576518730218855,2.79237163044753e-05,0.00112511374413323,0.000552328538455406,-0.175602709315847,0.176707366392758
"2020-08-21",0.0595521474846037,0.00049825610363727,0,0.00049825610363727,0.0599977086341803,0.0556209826019723,0.0643744346663883,0.000560898411240851,5.32402626403969e-05,0.00106855655984131,0.000556134010399381,-0.166398512172048,0.167510780192847
"2020-08-22",0.0595521474846037,0.00049825610363727,0,0.00049825610363727,0.0600010700400295,0.0556254111008266,0.0643767289792324,0.000541313565287983,5.58662427052118e-05,0.00102676088787075,0.000557260707491602,-0.160823494236941,0.161938015651924
"2020-08-23",0.059940432096746,0.00050709939148073,0,0.00050709939148073,0.0600042597589517,0.0556295346106915,0.064378984907212,0.000521025734876724,3.42480555900754e-05,0.00100780341416337,0.000557048414002207,-0.161410443864364,0.162524540692369
"2020-08-24",0.0604900526198337,0.000562113546936481,0,0.000562113546936481,0.0600072896868719,0.0556333829109499,0.0643811964627938,0.000502882651488747,-1.90046648022944e-06,0.00100766576945772,0.000556854294827185,-0.167801780406359,0.168915488996013
"2020-08-25",0.0604900526198337,0.000562113546936481,0,0.000562113546936481,0.0600101717234653,0.0556369802162618,0.0643833632306688,0.000489353836915638,-3.87367197423263e-05,0.0010174443935736,0.000558036844997702,-0.177302063359227,0.178418137049222
"2020-08-26",0.0604900526198337,0.000562113546936481,0,0.000562113546936481,0.0600129177718527,0.0556403470696555,0.06438548847405,0.000482702845479804,-6.41986924116563e-05,0.00102960438337126,0.000561972939277273,-0.186471427131691,0.187595373010246
"2020-08-27",0.0604900526198337,0.000562113546936481,0,0.000562113546936481,0.0600155397383183,0.0556435018923578,0.0643875775842787,0.000485266208738507,-6.90953682535728e-05,0.00103962778573059,0.000570101149683728,-0.192317354405263,0.19345755670463
"2020-08-28",0.0604900526198337,0.000562113546936481,0,0.000562113546936481,0.0600180495320511,0.0556464621885632,0.0643896368755391,0.000498153944136335,-4.96554404252397e-05,0.00104596332869791,0.000582691445432562,-0.193551450233009,0.194716833123874
"2020-08-29",0.0604900526198337,0.000562113546936481,0,0.000562113546936481,0.0600204590649114,0.0556492454038164,0.0643916727260065,0.000519377870885506,-1.1717309833345e-05,0.00105047305160436,0.000597241109825018,-0.191558396353918,0.192752878573568
"2020-08-30",0.061626304813509,0.00056369785794814,0,0.00056369785794814,0.0600227802512189,0.0556518694360358,0.064393691066402,0.000546494827733009,3.43110224357501e-05,0.00105867863303027,0.000610649859497841,-0.188844904176329,0.190066203895325
"2020-08-31",0.061626304813509,0.00056369785794814,0,0.00056369785794814,0.0600250250075657,0.0556543527984943,0.0643956972166371,0.000576657328658255,7.34554391058297e-05,0.00107985921821068,0.000619545968247272,-0.187972645444467,0.189211737380962
"2020-09-01",0.061626304813509,0.00056369785794814,0,0.00056369785794814,0.0600272052526529,0.0556567144343086,0.0643976960709971,0.000606352428243252,9.00408831061232e-05,0.00112266397338038,0.000620441307607222,-0.189994677144653,0.191235559759867
"2020-09-02",0.061626304813509,0.00056369785794814,0,0.00056369785794814,0.0600293327652218,0.0556589730642881,0.0643996924661556,0.000631327012511555,7.75426215324276e-05,0.00118511140349068,0.00061007181239363,-0.193150743697179,0.194370887321967
"2020-09-03",0.061626304813509,0.00056369785794814,0,0.00056369785794814,0.0600314160613803,0.0556611435622331,0.0644016885605276,0.000646773128278747,4.48442274066442e-05,0.00124870202915085,0.000585897290782726,-0.193250199090666,0.194421993672232
"2020-09-04",0.061626304813509,0.00056369785794814,0,0.00056369785794814,0.0600334603939527,0.0556632357506422,0.0644036850372632,0.000647834852951116,1.09768665247697e-05,0.00128469283937746,0.000546675342215077,-0.185668209670872,0.186761560355303
"2020-09-05",0.061626304813509,0.00056369785794814,0,0.00056369785794814,0.0600354708746196,0.0556652573370057,0.0644056844122336,0.000630433910441401,-5.29597251960304e-06,0.0012661637934024,0.000492964335035584,-0.167608549773283,0.168594478443354
"2020-09-06",0.0624729467717621,0.00057372346528973,0,0.00057372346528973,0.0600374526158106,0.0556672148452156,0.0644076903864055,0.000594811072682688,2.13236690863624e-06,0.00118748977845674,0.000430835474073884,-0.141427130334782,0.14228880128293
"2020-09-07",0.0624729467717621,0.00057372346528973,0,0.00057372346528973,0.0600394107306771,0.0556691142710704,0.0644097071902837,0.000549725766996459,1.95582806664297e-05,0.00107989325332649,0.00037466085934757,-0.115643554222759,0.116392875941454
"2020-09-08",0.0624729467717621,0.00057372346528973,0,0.00057372346528973,0.0600413503330703,0.0556709615689687,0.064411739097172,0.000503927722839594,3.13546088490254e-05,0.000976500836830163,0.000334232946309707,-0.0961581676620572,0.0968266335546766
"2020-09-09",0.0624729467717621,0.00057372346528973,0,0.00057372346528973,0.0600432765375235,0.055672762969624,0.064413790105423,0.000463952002604481,2.89094978018785e-05,0.000898994507407084,0.000315353314280886,-0.085700638055304,0.0863313446838658
"2020-09-10",0.0624729467717621,0.00057372346528973,0,0.00057372346528973,0.0600451944592379,0.0556745251286841,0.0644158637897916,0.000434398222157946,1.26833023157935e-05,0.000856113142000098,0.000324441125544727,-0.0859507338654988,0.0865996161165882
"2020-09-11",0.06305048517378,0.000608642726719416,0,0.000608642726719416,0.0600471092140737,0.055676255106182,0.0644179633219654,0.000418832857862236,-1.06181187673113e-05,0.000848283834491784,0.000375247583241106,-0.100165207393013,0.100915702559495
"2020-09-12",0.06305048517378,0.000608642726719416,0,0.000608642726719416,0.0600490259185454,0.0556779601767858,0.064420091660305,0.00042107427472217,-3.26531116662113e-05,0.000874801661110552,0.000503033097307513,-0.137656822323099,0.138662888517714
"2020-09-13",0.06305048517378,0.000608642726719416,0,0.000608642726719416,0.060050949689821,0.0556796474708484,0.0644222519087937,0.00044696083427952,-4.50062061162576e-05,0.000938927874675298,0.000805795832671893,-0.22566087559447,0.227272467259814
"2020-09-14",0.0630120059206123,0.000619962802231866,0,0.000619962802231866,0.060052885645726,0.0556813234462765,0.0644244478451754,0.000507224896152323,-3.60202385210805e-05,0.00105047003082573,0.00159021710481555,-0.451562687596789,0.45474312180642
"2020-09-15",0.0631354882927368,0,0,0,0.0600548398089116,0.0556829946312016,0.0644266849866215,0.000616866227496647,1.38507941670898e-05,0.0012198816608262,0.00391355508275568,-1.13845568778314,1.14628279794865
"2020-09-16",0.0639420760739418,0.000962801961642602,0,0.000941214473713395,0.0600568218195871,0.0556846715139715,0.0644289721252027,0.000773972703753801,0.000121003358287264,0.00142694204922034,0.0112969424543211,-3.56002811821647,3.58262200312511
"2020-09-17",0.0631285450234099,0.000959055944971247,0,0.000937552448447228,0.0600588422234861,0.055686364768356,0.0644313196786161,0.000954774608941251,0.000272216868612377,0.00163733234927012,0.0353218269396264,-12.9334666986569,13.0041103525361
"2020-09-18",0.0653306774918714,0.000939023317553608,0,0.000917968983079312,0.0600609115678226,0.0556880844023151,0.0644337387333302,0.00110360330229384,0.00037990805247087,0.00182729855211682,0.110468006605866,-48.8192007828035,49.0401367960152
"2020-09-19",0.0651646555746613,0.00098034298697778,0,0.000958362202516395,0.0600630404013684,0.0556898400872237,0.064436240715513,0.00113909090219641,0.000323767443856134,0.00195441436053669,0.319123902298416,-170.239925489399,170.878173293996
"2020-09-20",0.0608493530277862,0.000978564204393164,0,0.000956623302949371,0.0600652392745475,0.0556916412435226,0.0644388373055724,0.00100053753148975,0.000123011681425841,0.00187806338155367,0.78637545474732,-496.077650220221,497.650401129716
"2020-09-21",0.0592004502090431,0.000949210640538336,0,0.00092792789075048,0.0600675187395503,0.0556934968828019,0.0644415405962986,0.000712745267117061,-6.60601581293576e-05,0.00149155069236348,1.52639418972635,-1107.36019508598,1110.41298346543
"2020-09-22",0.0592004502090431,0.000949210640538336,0,0.00092792789075048,0.0600698893504657,0.0556954152063558,0.0644443634945755,0.000392425847197209,-0.000132653829705467,0.000917505524099886,2.15520179149649,-1746.56942289992,1750.87982648291
"2020-09-23",0.0573951902776376,0,0,0,0.060072361663432,0.0556974029602648,0.0644473203665992,0.000159147389458851,-9.82325867388743e-05,0.000416527365656577,2.04414639680672,-1799.63238625694,1803.72067905055
"2020-09-24",0.0573951902776376,0,0,0,0.0600749462368063,0.0556994645471019,0.0644504279265107,4.61320281092881e-05,-4.41582919140922e-05,0.000136422348132669,1.2281724299935,-1146.2049183861,1148.66126324609
"2020-09-25",0.0573951902776376,0,0,0,0.0600776536313522,0.0557016008944203,0.0644537063682841,1.02551698077044e-05,-1.41614489956236e-05,3.46717886110325e-05,0.495300876593272,-482.169996109632,483.160597862819
"2020-09-26",0.058903954363017,0.000988161183544125,0,0.000966562031991248,0.0600804944104464,0.0557038080803111,0.0644571807405818,1.94212217765233e-06,-3.65343100059411e-06,7.53767535589877e-06,0.147902093243723,-148.888621623531,149.184425810018
"2020-09-27",0.0594079949174182,0.000983764470825353,0,0.000962355015529915,0.060083480480799,0.0557060780745181,0.0644608828870799,3.48076042814872e-07,-8.45300940200792e-07,1.54145302583054e-06,0.0360765330005162,-37.396430659693,37.4685837256941
"2020-09-28",0.0567663181359875,0.000937329761139134,0,0.000916930854476694,0.0600866545854903,0.0557084496297617,0.0644648595412188,6.55852414519574e-08,-1.95668137418806e-07,3.26838620322721e-07,0.00792994723274779,-8.44188364763186,8.45774354209736
"2020-09-29",0.0565667658320294,0.000937329761139134,0,0.000916930854476694,0.0600900903129273,0.0557110105368569,0.0644691700889977,1.44325484433281e-08,-5.05603790860422e-08,7.94254759726984e-08,0.00173284855153079,-1.88750974486554,1.8909754419686
"2020-09-30",0.0565667658320294,0.000937329761139134,0,0.000916930854476694,0.0600938626119341,0.0557138463372496,0.0644738788866186,4.12055152670722e-09,-1.62544739403043e-08,2.44955769937188e-08,0.000415284291542789,-0.459695272572501,0.460525841155587
"2020-10-01",0.0556741181039954,0.000937329761139134,0,0.000916930854476694,0.0600980464550527,0.055717035406009,0.0644790575040964,1.69556173808779e-09,-7.23183868178265e-09,1.06229621579582e-08,0.000120413384874153,-0.133904672012734,0.134145498782483
"2020-10-02",0.0556741181039954,0.000937329761139134,0,0,0.0601027168432077,0.0557206441944514,0.0644847894919641,1.11709037317859e-09,-4.94004181221434e-09,7.17422255857152e-09,4.66013146937649e-05,-0.0511571075530546,0.0512503101824421
"2020-10-03",0.0556741181039954,0.000937329761139134,0,0,0.0601079488113071,0.0557247203003834,0.0644911773222308,1.28791170613173e-09,-5.64131404423323e-09,8.21713745649669e-09,2.62277527141111e-05,-0.0277361917479682,0.0277886472533964
"2020-10-04",0.0568792861057855,0.00092701810260075,0,0,0.0601138174347799,0.0557292833675941,0.0644983515019658,2.50004604978417e-09,-1.0376621063076e-08,1.53767131626444e-08,2.12153336441105e-05,-0.021032431429472,0.0210748620967603
"2020-10-05",0.0568792861057855,0.00092701810260075,0,0,0.0601203978370518,0.0557343138206701,0.0645064818534336,7.40299839008237e-09,-2.78957106353267e-08,4.27017074154914e-08,2.3279660568509e-05,-0.0210355467481855,0.0210821060693225
"2020-10-06",0.0559959952721753,0,0,0,0.0601277651979603,0.0557397394530182,0.0645157909429024,3.02862217401858e-08,-9.90005276423666e-08,1.59572971122738e-07,3.26991204757755e-05,-0.0261361584451015,0.0262015566860531
"2020-10-07",0.0559959952721753,0,0,0,0.0601359947631104,0.0557454199111212,0.0645265696150996,1.55038801913767e-07,-4.16888794880388e-07,7.26966398707921e-07,5.54782568874455e-05,-0.037951067401181,0.0380620239149559
"2020-10-08",0.0559959952721753,0,0,0,0.0601451618541742,0.055751129164896,0.0645391945434523,8.99442986768959e-07,-1.85748244083182e-06,3.65636841436973e-06,0.000107283148209163,-0.0604956036965305,0.0607101699929489
"2020-10-09",0.0559959952721753,0,0,0,0.0601553418801347,0.0557565361334388,0.0645541476268306,5.35580644204128e-06,-7.68233062815729e-06,1.83939435122399e-05,0.000223129419722174,-0.0992749641606322,0.0997212230000765
"2020-10-10",0.0547156956537671,0,0,0,0.0601670659938614,0.0557622032938224,0.0645719286939005,2.9646550669557e-05,-2.47189538759394e-05,8.40120552150535e-05,0.00047097021813648,-0.157082570156043,0.158024510592316
"2020-10-11",0.0547156956537671,0,0,0,0.0601826888882582,0.0557727099573864,0.06459266781913,0.000138166132280164,-4.15328156528643e-05,0.000317865080213192,0.000951997911232617,-0.224856991742583,0.226760987565048
"2020-10-12",0.0547156956537671,0,0,0,0.0602050241774232,0.0557936861103393,0.0646163622445072,0.000494329076610116,6.45810526633596e-05,0.000924077100556871,0.00174507580206474,-0.277269829052711,0.28075998065684
"2020-10-13",0.0537423980283337,0,0,0,0.0602368913974184,0.0558306297446652,0.0646431530501717,0.00133671094367489,0.000607128176406611,0.00206629371094316,0.00285967989333025,-0.293187171620534,0.298906531407195
"2020-10-14",0.0495682032508283,0,0,0,0.0602811198052492,0.0558885594409385,0.0646736801695598,0.00282377887206214,0.00192358206203597,0.0037239756820883,0.00423660001354984,-0.275665915856487,0.284139115883587
"2020-10-15",0.054982035378933,0.00766054050240074,0,0.00867443556889496,0.0603405535068255,0.0559714830336446,0.0647096239800064,0.00482056527259448,0.00395483497581711,0.00568629556937184,0.00574067901271437,-0.252283884120718,0.263765242146147
"2020-10-16",0.0554539841804689,0.00773082069049616,0,0.00875165606357355,0.0604180579290343,0.0560816405926077,0.0647544752654608,0.00687925839407155,0.00606570236306471,0.00769281442507839,0.00719786451923636,-0.245939933883904,0.260335662922377
"2020-10-17",0.058254592566488,0.00876249000274608,0,0.00988042912369945,0.0605165276586826,0.0562184606905343,0.0648145946268309,0.00848914432643577,0.00762702454384971,0.00935126410902184,0.00844865386889971,-0.244814889184475,0.261712196922274
"2020-10-18",0.058254592566488,0.00876249000274608,0,0.00988042912369945,0.0606388956805287,0.0563771762488426,0.0649006151122148,0.00937059398529277,0.00852413017330787,0.0102170577972777,0.00939212053676611,-0.230468772403793,0.249253013477326
"2020-10-19",0.058254592566488,0.00876249000274608,0,0.00988042912369945,0.0607881440579597,0.0565471365015211,0.0650291516143982,0.00957091594970417,0.00883940936941833,0.01030242252999,0.0100041669408704,-0.209796363630674,0.229804697512415
"2020-10-20",0.058254592566488,0.00876249000274608,0,0.00988042912369945,0.0609673161132162,0.0567101236170619,0.0652245086093706,0.00935675655880697,0.00870731869766257,0.0100061944199514,0.0103297111929145,-0.204393006835744,0.225052429221573
"2020-10-21",0.058254592566488,0.00876249000274608,0,0.00988042912369945,0.0611795301795157,0.0568395086432101,0.0655195517158213,0.0090479812465477,0.00839229024758223,0.00970367224551317,0.0104574313926196,-0.214260840541644,0.235175703326884
"2020-10-22",0.058254592566488,0.00876249000274608,0,0.00988042912369945,0.06142791393321,0.056901784442791,0.065954043423629,0.00878993586018475,0.00811793149857552,0.00946194022179398,0.0104528803283164,-0.219892825521187,0.24079858617782
"2020-10-23",0.058254592566488,0.00876249000274608,0,0.00988042912369945,0.0617138275497231,0.0568676722962801,0.0665599828031661,0.00858648480923291,0.00792782930443628,0.00924514031402953,0.0103504835282261,-0.213714595173939,0.234415562230391
"2020-10-24",0.058254592566488,0.00876249000274608,0,0.00988042912369945,0.0620368326266726,0.056729674389535,0.0673439908638101,0.00843777253725423,0.00782034776296145,0.00905519731154701,0.0101856305014252,-0.198238320747464,0.218609581750314
"2020-10-25",0.058254592566488,0.00876249000274608,0,0.00988042912369945,0.0623964565205301,0.0565024846414431,0.0682904283996171,0.00834468507878966,0.00778015214444734,0.00890921801313197,0.00999324943700605,-0.180168790989176,0.200155289863188
"2020-10-26",0.058254592566488,0.00876249000274608,0,0.00988042912369945,0.0627922685670315,0.0562151601024928,0.0693693770315702,0.0083090015800285,0.00778788414147817,0.00883011901857882,0.00980631822071177,-0.16701098283584,0.186623619277264
"2020-10-27",0.058254592566488,0.00876249000274608,0,0.00988042912369945,0.0632238757161284,0.0559030193172527,0.0705447321150041,0.00833357803100873,0.00782802163963592,0.00883913442238154,0.00965549611895932,-0.163654246452062,0.182965238689981
"2020-10-28",0.058254592566488,0.00876249000274608,0,0.00988042912369945,0.0636909183120735,0.0556026738852355,0.0717791627389116,0.00842257656913533,0.00790018496044837,0.00894496817782228,0.00956976943978928,-0.169488550675397,0.188628089554976
"2020-10-29",0.058254592566488,0.00876249000274608,0,0.00988042912369945,0.0641930659970425,0.055349991304274,0.073036140689811,0.00858175770168214,0.00802393864823399,0.00913957675513028,0.00957801555574034,-0.179219285729274,0.198375316840755
"2020-10-30",0.058254592566488,0.00876249000274608,0,0.00988042912369945,0.0647300137184736,0.0551796773225329,0.0742803501144143,0.00881853031129339,0.0082302964397054,0.00940676418288137,0.00971056670357644,-0.186243769302015,0.205664902709168
"2020-10-31",0.0596941623992677,0.00899636429107561,0,0.0101350793588463,0.0653014778219624,0.0551254791423592,0.0754774765015656,0.00913294573902927,0.00853525476735868,0.00973063671069987,0.00997638999888351,-0.186809400061418,0.206762180059185
"2020-11-01",0.0596941623992677,0.00899636429107561,0,0.0101350793588463,0.0659071922130949,0.0552204906563325,0.0765938937698573,0.00951487003396729,0.00892934051524205,0.0101003995526925,0.0103584533014689,-0.181298306130825,0.202015212733763
"2020-11-02",0.0648199580972371,0.0109436292891439,0,0.012237792918773,0.066546904573064,0.055497317070036,0.077596492076092,0.00995237783928542,0.00939435160937666,0.0105104040691942,0.0108385415953319,-0.17186883305503,0.193545916245694
"2020-11-03",0.0680784120051772,0.00987491549137596,0,0.0110876244113695,0.0672203726142975,0.0559879429094596,0.0784528023191355,0.0104312788844891,0.00990422117535405,0.0109583365936241,0.0113962775365871,-0.162266963219931,0.185059518293105
"2020-11-04",0.0680784120051772,0.00987491549137596,0,0.0110876244113695,0.0679263292017951,0.056713047676275,0.0791396107273152,0.0109342665803108,0.0104257003876931,0.0114428327729285,0.0120069639977566,-0.157403035657708,0.181416963653221
"2020-11-05",0.0691964881147512,0.0100516038401282,0,0.0112784248314504,0.0686592957091794,0.0576504542335014,0.0796681371848574,0.0114403116025894,0.0109245079312904,0.0119561152738884,0.0126398876206444,-0.161161567238069,0.186441342479358
"2020-11-06",0.0733565150787928,0.0125457983414007,0,0.0139447191178453,0.0694125043373572,0.0587640390135899,0.0800609696611245,0.0119244082924556,0.0113758586140216,0.0124729579708896,0.0132572919513495,-0.173051324343425,0.199565908246124
"2020-11-07",0.0733565150787928,0.0125457983414007,0,0.0139447191178453,0.0701788837132011,0.0600131187627836,0.0803446486636185,0.0123578040589509,0.0117675947369906,0.0129480133809111,0.0138143298564289,-0.187422292736385,0.215050952449243
"2020-11-08",0.0750313213591306,0.01286502985136,0,0.0142823636485438,0.0709510412311696,0.0613517015310316,0.0805503809313075,0.01270915251339,0.0120927537825856,0.0133255512441943,0.0142608166044987,-0.196144251857643,0.22466588506664
"2020-11-09",0.0819544108610952,0.013270227641954,0,0.0147097660519915,0.0717212529272634,0.0627278525979991,0.0807146532565278,0.0129632595268028,0.0123508760135489,0.0135756430400566,0.0145702556333936,-0.194364222486307,0.223504733753095
"2020-11-10",0.0819544108610952,0.013270227641954,0,0.0147097660519915,0.0724814614946137,0.0640837987017896,0.0808791242874379,0.0131330434271562,0.0125495520367267,0.0137165348175857,0.0147589690044718,-0.184083483521023,0.213601421529967
"2020-11-11",0.0819544108610952,0.013270227641954,0,0.0147097660519915,0.0732232830680269,0.0653579853346767,0.0810885808013771,0.0132365157145475,0.012692836364599,0.013780195064496,0.0148513754623798,-0.170244754752932,0.199947505677692
"2020-11-12",0.0796213658517243,0.0140054203090983,0,0.0154819322489464,0.0739380233969179,0.0664908221812509,0.081385224612585,0.0132936030936853,0.01278301919441,0.0138041869929607,0.0148749281989518,-0.158954312179304,0.188704168577207
"2020-11-13",0.078733332941341,0.0134466934350651,0,0.0148954954213348,0.0746167039895797,0.0674350534257914,0.081798354553368,0.0133252712969639,0.0128259798292296,0.0138245627646982,0.0148585474988686,-0.155231907624923,0.18494900262266
"2020-11-14",0.078733332941341,0.0134466934350651,0,0.0148954954213348,0.0752500987441184,0.0681680679533895,0.0823321295348473,0.0133529532897584,0.0128389349945815,0.0138669715849352,0.014831560568938,-0.160220982748215,0.189884103886091
"2020-11-15",0.078733332941341,0.0134466934350651,0,0.0148954954213348,0.0758287814804063,0.0686989710998244,0.0829585918609882,0.0133983127851732,0.012852852997937,0.0139437725724093,0.0148232042086224,-0.170562680283234,0.200209088700479
"2020-11-16",0.078733332941341,0.0134466934350651,0,0.0148954954213348,0.0763434800817247,0.0690646152813312,0.0836223448821182,0.0134833560093963,0.0129061134692754,0.0140605985495173,0.0148627036393662,-0.1807482298015,0.210473637080232
"2020-11-17",0.078733332941341,0.0134466934350651,0,0.0148954954213348,0.0767916923861081,0.0693161289249429,0.0842672558472733,0.0136308081017573,0.0130376078564211,0.0142240083470934,0.0149798145131075,-0.185506186831123,0.215465815857338
"2020-11-18",0.078733332941341,0.0134466934350651,0,0.0148954954213348,0.0771779299157267,0.069497731400869,0.0848581284305844,0.0138517849631507,0.0132665931037666,0.0144369768225348,0.0151899823472469,-0.182275259773455,0.212655224467949
"2020-11-19",0.078733332941341,0.0134466934350651,0,0.0148954954213348,0.0775072779740004,0.0696398972249447,0.085374658723056,0.0141317785070334,0.0135725424914715,0.0146910145225953,0.0154776796316727,-0.173120717965856,0.204076077229202
"2020-11-20",0.078733332941341,0.0134466934350651,0,0.0148954954213348,0.0777850595289295,0.0697622395227369,0.085807879535122,0.0144524165364844,0.0139249813684908,0.014979851704478,0.0158232420421313,-0.162040090937759,0.193686575022021
"2020-11-21",0.0766054050240074,0.0157506440236277,0,0.0172979946828404,0.0780167954905514,0.0698765576076051,0.0861570333734977,0.0147938873731281,0.0142887436789116,0.0152990310673447,0.0162057601865086,-0.15407728956987,0.186488809942888
"2020-11-22",0.0766054050240074,0.0157506440236277,0,0.0172979946828404,0.0782081683844377,0.0699892648924999,0.0864270718763754,0.0151344958733514,0.0146287887508858,0.0156402029958171,0.0166024028092518,-0.153685248629443,0.186890054247946
"2020-11-23",0.0766054050240074,0.0157506440236277,0,0.0172979946828404,0.0783649897850519,0.0701031680126627,0.0866268115574412,0.0154505180847107,0.0149187185878969,0.0159823175815245,0.0169880437645474,-0.161930494365232,0.195906581894326
"2020-11-24",0.0766054050240074,0.0157506440236277,0,0.0172979946828404,0.0784931718017536,0.07021872577939,0.0867676178241172,0.0157164043376937,0.015144326937111,0.0162884817382764,0.0173352442662206,-0.175270681553099,0.20994117008554
"2020-11-25",0.0766054050240074,0.0157506440236277,0,0.0172979946828404,0.0785987028461748,0.070334920705682,0.0868624849866676,0.0159053790144369,0.0152979421790134,0.0165128158498604,0.0176146498134326,-0.187447023142931,0.222676322769797
"2020-11-26",0.0766054050240074,0.0157506440236277,0,0.0172979946828404,0.0786876278536595,0.0704498389116115,0.0869254167957075,0.0159904832843108,0.015371280112573,0.0166096864560485,0.0177958688713031,-0.19213134598423,0.227723083726836
"2020-11-27",0.0766054050240074,0.0157506440236277,0,0.0172979946828404,0.0787660330842669,0.0705610158505462,0.0869710503179876,0.0159569861753128,0.0153575321630006,0.016556440187625,0.0178601030163151,-0.186351530154934,0.222071736187565
"2020-11-28",0.0766054050240074,0.0157506440236277,0,0.0172979946828404,0.0788400355910806,0.0706655765830225,0.0870144945991387,0.01582257837267,0.0152612929031453,0.0163838638421948,0.0178213610641071,-0.174058314365184,0.209701036493398
"2020-11-29",0.0761281127808672,0.0157506440236277,0,0.018375751360899,0.0789153880102781,0.0707618391817807,0.0870689368387756,0.015611536781505,0.0150865921229669,0.016136481440043,0.0177007117863075,-0.161780651281485,0.1971820748541
"2020-11-30",0.0761281127808672,0.0157506440236277,0,0.018375751360899,0.0789963060614931,0.0708547504283711,0.0871378616946152,0.0153483247171615,0.0148395828393227,0.0158570665950004,0.0175200099680103,-0.155822547422884,0.190862567358905
"2020-12-01",0.0761281127808672,0.0157506440236277,0,0.018375751360899,0.0790866332822839,0.0709520802030609,0.0872211863615069,0.0150566421514483,0.0145369263709667,0.01557635793193,0.0173010526871818,-0.159134850343966,0.19373695571833
"2020-12-02",0.0793640484182238,0.0140054203090983,0.00233423671818305,0.0163396570272814,0.0791902333318487,0.071062907280379,0.0873175593833184,0.0147588328133287,0.0142090252766079,0.0153086403500495,0.0170649914426781,-0.169506913014579,0.203636895899935
"2020-12-03",0.0793640484182238,0.0140054203090983,0.00233423671818305,0.0163396570272814,0.0793109955085259,0.0711971440869787,0.0874248469300732,0.014475632158513,0.0138927953940441,0.0150584689229818,0.0168320027010686,-0.181480030834261,0.215144036236399
"2020-12-04",0.0793640484182238,0.0140054203090983,0.00233423671818305,0.0163396570272814,0.0794528421733046,0.0713645800846662,0.087541104261943,0.0142262229996897,0.0136229598295804,0.014829486169799,0.0166212042173137,-0.189441533263108,0.222683941697736
"2020-12-05",0.0793640484182238,0.0140054203090983,0.00233423671818305,0.0163396570272814,0.0796197381120058,0.0715734177693207,0.0876660584546909,0.0140285614607682,0.0134283139394576,0.0146288089820789,0.0164507975952327,-0.18928032363203,0.222181918822495
"2020-12-06",0.0793640484182238,0.0140054203090983,0.00233423671818305,0.0163396570272814,0.0798157018803005,0.0718282052906876,0.0878031984699135,0.0138951259328474,0.0133226061910993,0.0144676456745954,0.0163337380701755,-0.180255862584657,0.212923338725008
"2020-12-07",0.0793640484182238,0.0140054203090983,0.00233423671818305,0.0163396570272814,0.0800448191900034,0.0721269890941955,0.0879626492858113,0.0138204384686721,0.0132840448342469,0.0143568321030972,0.0162653508457031,-0.167950436442387,0.200481138133793
"2020-12-08",0.0793640484182238,0.0140054203090983,0.00233423671818305,0.0163396570272814,0.0803112584122512,0.0724574961363861,0.0881650206881163,0.0137955915223219,0.0132825565871229,0.0143086264575209,0.0162373069243668,-0.159793675236646,0.19226828908538
"2020-12-09",0.0793640484182238,0.0140054203090983,0.00233423671818305,0.0163396570272814,0.080619288293404,0.0727924042995475,0.0884461722872606,0.0138123376416796,0.0132943775644087,0.0143302977189505,0.0162416734892294,-0.161289492016337,0.193772838994796
"2020-12-10",0.0793640484182238,0.0140054203090983,0.00233423671818305,0.0163396570272814,0.0809732980030357,0.0730846445085056,0.0888619514975658,0.0138628199846902,0.0133114248377332,0.0144142151316472,0.0162707382016744,-0.172545465940257,0.205086942343605
"2020-12-11",0.0793640484182238,0.0140054203090983,0.00233423671818305,0.0163396570272814,0.0813777168594447,0.0732662905183254,0.0894891432005641,0.0139393558015933,0.0133410437567306,0.0145376678464559,0.0163168732710155,-0.188294059219111,0.220927805761142
"2020-12-12",0.0793640484182238,0.0140054203090983,0.00233423671818305,0.0163396570272814,0.081834762254898,0.0732828191689678,0.0903867053408283,0.0140342668332233,0.0133961171709441,0.0146724164955025,0.0163724367122645,-0.201401825419358,0.234146698843886
"2020-12-13",0.0793640484182238,0.0140054203090983,0.00233423671818305,0.0163396570272814,0.0823443922172826,0.0731499140769526,0.0915388703576126,0.0141397537278836,0.0134866407437315,0.0147928667120357,0.0164297097807538,-0.205841352150667,0.238700771712174
"2020-12-14",0.0793640484182238,0.0140054203090983,0.00233423671818305,0.0163396570272814,0.0829065399802145,0.0729445009262602,0.0928685790341688,0.014247813944299,0.0136136066100373,0.0148820212785606,0.0164808706433792,-0.198808760265458,0.231770501552217
"2020-12-15",0.0793640484182238,0.0140054203090983,0.00233423671818305,0.0163396570272814,0.0835212127164934,0.0727701405139677,0.0942722849190192,0.014350139307668,0.013754294680162,0.0149459839351741,0.0165182494069647,-0.185679291114226,0.218715789928155
"2020-12-16",0.0802532814537221,0.014162343785951,0.00236039063099183,0.0165227344169428,0.0841884881829137,0.0727209429440277,0.0956560334217998,0.014437844744461,0.0138490794888035,0.0150266100001185,0.0165354202220154,-0.183789731418163,0.216860571862194
"2020-12-17",0.093206124848623,0.0152173265058976,0.00760866325294882,0.0171194923191348,0.0849085115426981,0.0728486832636148,0.0969683398217815,0.0145017519849181,0.0138622469330186,0.0151412570368176,0.0165264137750668,-0.201315270427945,0.234368097978079
"2020-12-18",0.0891799423497624,0.0145599905877163,0.00727999529385816,0.0163799894111809,0.0856814923430835,0.0731231663364238,0.0982398183497431,0.0145326200924097,0.0138166754344289,0.0152485647503906,0.0164853815387094,-0.226767556319753,0.259738319397172
"2020-12-19",0.0891799423497624,0.0145599905877163,0.00727999529385816,0.0163799894111809,0.0865077016268356,0.0733756388514812,0.0996397644021901,0.0145213232859743,0.0137567966119439,0.0152858499600048,0.0164066988045129,-0.242364404119681,0.275177801728707
"2020-12-20",0.0891799423497624,0.0145599905877163,0.00727999529385816,0.0163799894111809,0.0873874691575925,0.0732392793347926,0.101535658980392,0.014459083966273,0.0137053683437202,0.0152127995888259,0.0162850859782212,-0.238242886507669,0.270813058464111
"2020-12-21",0.0887874256828149,0.0140443242544014,0.00702216212720068,0.0157998647862015,0.0883211807399216,0.0721624154130597,0.104479946066784,0.0143377552530297,0.0136168430451408,0.0150586674609186,0.016115744769918,-0.227850567430819,0.260082056970655
"2020-12-22",0.0887874256828149,0.0140443242544014,0.00702216212720068,0.0157998647862015,0.0893092756158665,0.0695748785002671,0.109043672731466,0.0141501429827122,0.0132980671997506,0.0150022187656738,0.0158945049734405,-0.273583246237129,0.30537225618401
"2020-12-23",0.0887874256828149,0.0140443242544014,0.00702216212720068,0.0157998647862015,0.0903522439205389,0.0650807955084029,0.115623692332675,0.0138903523376288,0.0125437884048467,0.0152369162704109,0.015617976313432,-0.441112495885679,0.472348448512543
