"date","country","region","population","p_cases","p_cases_recent","p_cases_fatalities","p_cases_stillsick","p_cases_smooth","p_cases_smooth_low","p_cases_smooth_high","p_cases_stillsick_smooth","p_cases_stillsick_smooth_low","p_cases_stillsick_smooth_high"
"2020-03-22","PT","PT15",851258,0,0,0,0,0.000291539128342467,-0.00018152499762449,0.000764603254309424,0.0368276358480109,-6.9847462709363,7.05840154263232
"2020-03-23","PT","PT15",851258,0,0,0,0,0.000298646496995025,-0.000182790315928181,0.000780083309918231,0.0365872360448626,-6.90780595264967,6.9809804247394
"2020-03-24","PT","PT15",851258,0,0,0,0,0.000305927134633639,-0.000184016102977938,0.000795870372245216,0.0363484054998011,-6.83157249634067,6.90426930734028
"2020-03-25","PT","PT15",851258,0,0,0,0,0.000313385265345026,-0.000185199977509991,0.000811970508200043,0.0361111339691782,-6.7560399521462,6.82826222008456
"2020-03-26","PT","PT15",851258,0,0,0,0,0.000321025216193992,-0.00018633947964596,0.000828389912033943,0.0358754112762129,-6.6812024177611,6.75295324031352
"2020-03-27","PT","PT15",851258,0,0,0,0,0.000328851419733908,-0.000187432069159971,0.000845134908627788,0.0356412273105556,-6.60705403807097,6.67833649269208
"2020-03-28","PT","PT15",851258,0.02,NA,NA,NA,0.000336868416578395,-0.000188475123742566,0.000862211956899355,0.0354085720278553,-6.53358900478767,6.60440614884338
"2020-03-29","PT","PT15",851258,0.0166666666666667,NA,NA,NA,0.000345080860689265,-0.000189466078348054,0.000879627799726585,0.0351774354493253,-6.46080155608687,6.53115642698552
"2020-03-30","PT","PT15",851258,0.0166666666666667,NA,NA,NA,0.000353493522172262,-0.000190402236329849,0.000897389280674373,0.0349478076613191,-6.38868597624961,6.45858159157225
"2020-03-31","PT","PT15",851258,0.0166666666666667,NA,NA,NA,0.000362111286300099,-0.000191280642973065,0.000915503215573264,0.0347196788149032,-6.31723659530565,6.38667595293546
"2020-04-01","PT","PT15",851258,0.0166666666666667,NA,NA,NA,0.000370939157736705,-0.000192098238395043,0.000933976553868453,0.0344930391254341,-6.24644778867952,6.31543386693038
"2020-04-02","PT","PT15",851258,0.0166666666666667,NA,NA,NA,0.000379982263461949,-0.000192851847069683,0.00095281637399358,0.034267878872142,-6.17631397684016,6.24484973458445
"2020-04-03","PT","PT15",851258,0.0166666666666667,NA,NA,NA,0.000389245855768243,-0.000193538167957701,0.000972029879494188,0.0340441883977059,-6.10682962495111,6.17491800174652
"2020-04-04","PT","PT15",851258,0.0166666666666667,NA,NA,NA,0.000398735315330782,-0.000194153765539599,0.000991624396201163,0.0338219581078515,-6.03798924252684,6.10563315874254
"2020-04-05","PT","PT15",851258,0.0116279069767442,NA,NA,NA,0.000408456154353252,-0.000194695062093216,0.00101160737079972,0.0336011784709289,-5.9697873830877,6.03698974002956
"2020-04-06","PT","PT15",851258,0.0116279069767442,NA,NA,NA,0.000418414019790849,-0.000195158331607613,0.00103198637118931,0.0333818400175109,-5.90221864382066,5.96898232385568
"2020-04-07","PT","PT15",851258,0.0116279069767442,NA,NA,NA,0.000428614696652541,-0.000195539695780254,0.00105276908908534,0.0331639333399814,-5.83527766524032,5.90160553192028
"2020-04-08","PT","PT15",851258,0.0093167701863354,NA,NA,NA,0.000439064111384509,-0.00019583512260542,0.00107396334537444,0.0329474490921358,-5.76895913085411,5.83485402903838
"2020-04-09","PT","PT15",851258,0.00501392757660167,NA,NA,NA,0.000449768335336776,-0.000196040428129115,0.00109557709880267,0.0327323779887733,-5.70325776682826,5.76872252280581
"2020-04-10","PT","PT15",851258,0.00615384615384615,NA,NA,NA,0.000460733589125725,-0.000196151304195684,0.00111761848244713,0.032518710805316,-5.63816834166041,5.70320576327104
"2020-04-11","PT","PT15",851258,0.00592592592592593,NA,NA,NA,0.000471966249349262,-0.000196163408235861,0.00114009590693439,0.032306438377391,-5.57368566584781,5.63829854260259
"2020-04-12","PT","PT15",851258,0.00575539568345324,NA,NA,NA,0.000483472850001352,-0.00019607229182733,0.00116301799183003,0.0320955516004506,-5.50980459156425,5.57399569476515
"2020-04-13","PT","PT15",851258,0.00575539568345324,NA,NA,NA,0.000495260085311989,-0.000195873357861575,0.00118639352848555,0.0318860414293782,-5.44652001233638,5.51029209519513
"2020-04-14","PT","PT15",851258,0.00575539568345324,NA,NA,NA,0.000507334813697217,-0.00019556184553209,0.00121023147292652,0.0316778988781032,-5.3838268627238,5.44718266048
"2020-04-15","PT","PT15",851258,0.00575539568345324,NA,NA,NA,0.000519704061807272,-0.000195132816175027,0.00123454093978957,0.0314711150192145,-5.32172011800071,5.38466234803914
"2020-04-16","PT","PT15",851258,0.00476190476190476,NA,NA,NA,0.000532375028675211,-0.00019458114039159,0.00125933119774201,0.0312656809835705,-5.26019479383902,5.32272615580616
"2020-04-17","PT","PT15",851258,0.00476190476190476,NA,NA,NA,0.000545355089968538,-0.000193901486950546,0.00128461166688762,0.0310615879599315,-5.19924594599716,5.26136912191703
"2020-04-18","PT","PT15",851258,0.00476190476190476,NA,NA,NA,0.000558651802346417,-0.000193088314043318,0.00131039191873615,0.0308588271945678,-5.1388686700069,5.20058632439603
"2020-04-19","PT","PT15",851258,0.00476190476190476,NA,NA,NA,0.000572272907925099,-0.000192135863546185,0.00133668167939638,0.0306573899908993,-5.07905810086717,5.14037288084897
"2020-04-20","PT","PT15",851258,0.00476190476190476,NA,NA,NA,0.000586226338854293,-0.000191038159034981,0.00136349083674357,0.0304572677091096,-5.01980941273572,5.08072394815394
"2020-04-21","PT","PT15",851258,0.00476190476190476,NA,NA,NA,0.000600520222007236,-0.000189789008398163,0.00139082945241263,0.0302584517657804,-4.96111781862599,5.02163472215755
"2020-04-22","PT","PT15",851258,0.00476190476190476,NA,NA,NA,0.000615162884403023,-0.000188382039371113,0.00141870780817716,0.0300609336335257,-4.90297857010586,4.96310043737292
"2020-04-23","PT","PT15",851258,0.00476190476190476,NA,NA,NA,0.000630162860895204,-0.000186810831416157,0.00144713655320656,0.0298647048406222,-4.84538695699767,4.90511636667892
"2020-04-24","PT","PT15",851258,0.00476190476190476,NA,NA,NA,0.00064552889734341,-0.000185068822153471,0.00147612661684029,0.029669756970647,-4.78833830708131,4.84767782102261
"2020-04-25","PT","PT15",851258,0.00476190476190476,NA,NA,NA,0.000661269954806545,-0.000183149241017842,0.00150568915063093,0.0294760816621207,-4.73182798580002,4.79078014912426
"2020-04-26","PT","PT15",851258,0.00476190476190476,NA,NA,NA,0.000677395214876403,-0.000181045087671046,0.00153583551742385,0.0292836706081401,-4.67585139596636,4.73441873718264
"2020-04-27","PT","PT15",851258,0.00476190476190476,NA,NA,NA,0.000693914085145334,-0.000178749111634856,0.00156657728192552,0.0290925155560286,-4.62040397747299,4.67858900858505
"2020-04-28","PT","PT15",851258,0.00476190476190476,NA,NA,NA,0.000710836204810735,-0.000176253793748901,0.00159792620337037,0.0289026083069822,-4.56548120700437,4.62328642361834
"2020-04-29","PT","PT15",851258,0.00476190476190476,NA,NA,NA,0.000728171450419837,-0.000173551330184009,0.00162989423102368,0.028713940715717,-4.51107859775066,4.56850647918209
"2020-04-30","PT","PT15",851258,0.00139567341242149,NA,NA,NA,0.000745929941758329,-0.000170633619852361,0.00166249350336902,0.0285265046901151,-4.45719169912309,4.51424470850332
"2020-05-01","PT","PT15",851258,0.00139567341242149,NA,NA,NA,0.00076412204788646,-0.000167492256178773,0.00169573635195169,0.0283402921908842,-4.40381609647341,4.46049668085518
"2020-05-02","PT","PT15",851258,0.00139567341242149,NA,NA,NA,0.000782758393326363,-0.000164118524333813,0.00172963531098654,0.028155295231211,-4.35094741081389,4.40725800127631
"2020-05-03","PT","PT15",851258,0.00139567341242149,NA,NA,NA,0.00080184986440442,-0.000160503405180608,0.00176420313398945,0.0279715058764154,-4.29858129853957,4.3545243102924
"2020-05-04","PT","PT15",851258,0.00139567341242149,NA,NA,NA,0.000821407616092269,-0.000156637621302244,0.00179945285348678,0.0277889162436136,-4.24671345115325,4.30229128364048
"2020-05-05","PT","PT15",851258,0.00139567341242149,NA,NA,NA,0.000841443080469122,-0.000152511831237639,0.00183539799217588,0.0276075185013787,-4.19533959499222,4.25055463199498
"2020-05-06","PT","PT15",851258,0.00139567341242149,NA,NA,NA,0.000861967972462472,-0.000148116508197695,0.00187205245312264,0.0274273048694072,-4.14445549095733,4.19931010069614
"2020-05-07","PT","PT15",851258,0.00139567341242149,NA,NA,NA,0.000882994296139398,-0.000143441836601739,0.00190943042888054,0.0272482676181776,-4.09405693424271,4.14855346947907
"2020-05-08","PT","PT15",851258,0.00139567341242149,NA,NA,NA,0.000904534351904044,-0.000138477680875325,0.00194754638468341,0.0270703990686309,-4.04413975407059,4.09828055220785
"2020-05-09","PT","PT15",851258,0.00139567341242149,NA,NA,NA,0.000926600743877581,-0.000133213556056254,0.00198641504381142,0.0268936915918305,-3.99469981342452,4.04848719660818
"2020-05-10","PT","PT15",851258,0.00139567341242149,NA,NA,NA,0.000949206387463965,-0.000127638601006234,0.00202605137593416,0.02671813760864,-3.94573300878716,3.99916928400444
"2020-05-11","PT","PT15",851258,0.00139567341242149,NA,NA,NA,0.000972364517106215,-0.000121741555305857,0.00206647058951829,0.0265437295893978,-3.8972352698791,3.95032272905789
"2020-05-12","PT","PT15",851258,0.00139567341242149,NA,NA,NA,0.000996088694238072,-0.000115510741077442,0.00210768812955359,0.0263704600535952,-3.84920255940002,3.90194347950721
"2020-05-13","PT","PT15",851258,0.00139567341242149,NA,NA,NA,0.00102039281543605,-0.000108934051166099,0.00214971968203819,0.026198321569551,-3.80163087277092,3.85402751591002
"2020-05-14","PT","PT15",851258,0.00139567341242149,NA,NA,NA,0.00104529112077692,-0.000101998945315837,0.00219258118686968,0.0260273067540978,-3.75451623787961,3.8065708513878
"2020-05-15","PT","PT15",851258,0.00139567341242149,NA,NA,NA,0.00107079820240601,-9.46924562068847e-05,0.0022362888610189,0.0258574082722623,-3.70785471482719,3.75956953137172
"2020-05-16","PT","PT15",851258,0.00139567341242149,NA,NA,NA,0.00109692901343738,-8.70012497404483e-05,0.0022808592766152,0.0256886188369526,-3.66164239567695,3.71301963335086
"2020-05-17","PT","PT15",851258,0.00139567341242149,NA,NA,NA,0.00112369887768311,-7.89119119800786e-05,0.0023263096673463,0.0255209312086448,-3.61587540420487,3.66691726662216
"2020-05-18","PT","PT15",851258,0.00139567341242149,NA,NA,NA,0.0011511234985014,-7.04107944868107e-05,0.00237265779148962,0.0253543381950714,-3.570549895652,3.62125857204214
"2020-05-19","PT","PT15",851258,0.00139567341242149,NA,NA,NA,0.0011792189679441,-6.1483851946409e-05,0.00241992178783461,0.0251888326509146,-3.52566205647912,3.57603972178095
"2020-05-20","PT","PT15",851258,0.00139567341242149,NA,NA,NA,0.00120800177646905,-5.21165967584144e-05,0.00246812014969651,0.0250244074774988,-3.48120810412282,3.53125691907782
"2020-05-21","PT","PT15",851258,0.00139567341242149,NA,NA,NA,0.00123748882289924,-4.22940564350318e-05,0.00251727170223351,0.0248610556224863,-3.43718428675366,3.48690639799863
"2020-05-22","PT","PT15",851258,0.00139567341242149,NA,NA,NA,0.00126769742463384,-3.20007347310526e-05,0.00256739558399874,0.0246987700795755,-3.39358688303616,3.44298442319531
"2020-05-23","PT","PT15",851258,0.00139567341242149,NA,NA,NA,0.00129864532811758,-2.1220578105265e-05,0.00261851123434042,0.0245375438882002,-3.35041220189063,3.39948728966703
"2020-05-24","PT","PT15",851258,0.00139567341242149,NA,NA,NA,0.001330350719575,-9.936949367633e-06,0.00267063838851764,0.0243773701332301,-3.30765658225659,3.35641132252305
"2020-05-25","PT","PT15",851258,0.00139567341242149,NA,NA,NA,0.00136283223601661,1.86738935028011e-06,0.00272379708268293,0.0242182419446744,-3.26531639285815,3.3137528767475
"2020-05-26","PT","PT15",851258,0.00139567341242149,NA,NA,NA,0.00139610897652359,1.42102818486199e-05,0.00277800767119856,0.0240601524973872,-3.22338803197122,3.27150833696599
"2020-05-27","PT","PT15",851258,0.00139567341242149,NA,NA,NA,0.00143020051381854,2.71101685319097e-05,0.00283329085910516,0.0239030950107772,-3.18186792719279,3.22967411721435
"2020-05-28","PT","PT15",851258,0.00139567341242149,NA,NA,NA,0.00146512690608511,4.05860066772078e-05,0.00288966780549302,0.0237470627485128,-3.14075253521103,3.18824666070806
"2020-05-29","PT","PT15",851258,0.00139567341242149,NA,NA,NA,0.00150090870880716,5.46568459091495e-05,0.00294716057170517,0.0235920490182355,-3.10003834157811,3.14722243961458
"2020-05-30","PT","PT15",851258,0.00139567341242149,NA,NA,NA,0.00153756698739022,6.93420200753945e-05,0.00300579195470505,0.0234380471712733,-3.05972186048436,3.10659795482691
"2020-05-31","PT","PT15",851258,0.00139567341242149,NA,NA,NA,0.00157512333011079,8.4661403204787e-05,0.0030655852570168,0.0232850506023537,-3.019799634534,3.06636973573871
"2020-06-01","PT","PT15",851258,0.00139567341242149,NA,NA,NA,0.0016135998612278,0.00010063547619312,0.00312656424626248,0.0231330527493232,-2.98026823452305,3.02653434002169
"2020-06-02","PT","PT15",851258,0.00139567341242149,NA,NA,NA,0.00165301925442577,0.00011728538887631,0.00318875311997522,0.0229820470928624,-2.94112425921817,2.98708835340389
"2020-06-03","PT","PT15",851258,0.00139567341242149,NA,NA,NA,0.0016934047465992,0.000134633016747294,0.0032521764764511,0.0228320271562078,-2.90236433513789,2.94802838945031
"2020-06-04","PT","PT15",851258,0.00139567341242149,NA,NA,NA,0.00173478015198708,0.000152701009921918,0.00331685929405224,0.0226829865048751,-2.86398511633532,2.90935108934507
"2020-06-05","PT","PT15",851258,0.00139567341242149,NA,NA,NA,0.00177716987666644,0.000171512831569286,0.00338282692176359,0.0225349187463831,-2.82598328418247,2.87105312167523
"2020-06-06","PT","PT15",851258,0.00139567341242149,NA,NA,NA,0.0018205989334142,0.000191092782586039,0.00345010508424237,0.022387817529977,-2.78835554715583,2.83313118221579
"2020-06-07","PT","PT15",851258,0.00139567341242149,NA,NA,NA,0.00186509295694695,0.000211466008806835,0.00351871990508706,0.0222416765463598,-2.75109864062452,2.79558199371724
"2020-06-08","PT","PT15",851258,0.00139567341242149,NA,NA,NA,0.00191067821954812,0.000232658486499402,0.00358869795259683,0.0220964895274185,-2.71420932663895,2.75840230569379
"2020-06-09","PT","PT15",851258,0.00139470013947001,NA,NA,NA,0.00195738164661017,0.000254696915990246,0.00366006637723009,0.0219522502459573,-2.677684393722,2.72158889421392
"2020-06-10","PT","PT15",851258,0.00139470013947001,NA,NA,NA,0.00200523082885614,0.000277608093743554,0.00373285356396873,0.0218089525154275,-2.64152065666098,2.68513856169183
"2020-06-11","PT","PT15",851258,0.00139470013947001,NA,NA,NA,0.00205425404077175,0.000301419139606131,0.00380708894193737,0.0216665901896677,-2.60571495630227,2.64904813668161
"2020-06-12","PT","PT15",851258,0.00139470013947001,NA,NA,NA,0.00210448026018025,0.00032615790120784,0.00388280261915266,0.0215251571626336,-2.57026415934617,2.61331447367144
"2020-06-13","PT","PT15",851258,0.00139470013947001,NA,NA,NA,0.00215593918593933,0.000351853052985266,0.0039600253188934,0.0213846473681415,-2.53516515814453,2.57793445288082
"2020-06-14","PT","PT15",851258,0.00139470013947001,NA,NA,NA,0.0022086612560624,0.000378534187227898,0.00403878832489691,0.0212450547796056,-2.50041487049923,2.54290498005844
"2020-06-15","PT","PT15",851258,0.00139470013947001,NA,NA,NA,0.00226267766630067,0.000406231897418035,0.00411912343518331,0.0211063734097786,-2.46601023946218,2.50822298628174
"2020-06-16","PT","PT15",851258,0.00139470013947001,NA,NA,NA,0.00231802038919785,0.000434977850251722,0.00420106292814397,0.0209685973104976,-2.43194823313743,2.47388542775843
"2020-06-17","PT","PT15",851258,0.00139470013947001,NA,NA,NA,0.00237472219362973,0.000464804842122997,0.00428463954513645,0.0208317205724266,-2.39822584448411,2.43988928562896
"2020-06-18","PT","PT15",851258,0.00139470013947001,NA,NA,NA,0.0024328166648411,0.000495746835174982,0.00436988649450721,0.0206957373248053,-2.36484009112136,2.40623156577097
"2020-06-19","PT","PT15",851258,0.00139470013947001,NA,NA,NA,0.00249233822499282,0.000527838967260806,0.00445683748272483,0.0205606417351937,-2.33178801513429,2.37290929860468
"2020-06-20","PT","PT15",851258,0.00139470013947001,NA,NA,NA,0.00255332215423222,0.000561117529305546,0.0045455267791589,0.0204264280092258,-2.29906668288201,2.33991953890046
"2020-06-21","PT","PT15",851258,0.00139470013947001,NA,NA,NA,0.00261580461076048,0.000595619821864066,0.00463598939965689,0.02029309039036,-2.26667318480678,2.3072593655875
"2020-06-22","PT","PT15",851258,0.00139470013947001,NA,NA,NA,0.0026798226370128,0.000631383224723478,0.00472826204930212,0.0201606231596305,-2.23460463524438,2.27492588156364
"2020-06-23","PT","PT15",851258,0.00139470013947001,NA,NA,NA,0.00274541418701626,0.000668445445862159,0.00482238292817036,0.0200290206354034,-2.20285817223642,2.24291621350723
"2020-06-24","PT","PT15",851258,0.00139470013947001,NA,NA,NA,0.00281261815935283,0.000706845162541133,0.00491839115616453,0.019898277173133,-2.17143095734386,2.21122751169012
"2020-06-25","PT","PT15",851258,0.00139470013947001,NA,NA,NA,0.00288147442102193,0.000746622170313857,0.00501632667173001,0.0197683871651195,-2.14032017546192,2.17985694979216
"2020-06-26","PT","PT15",851258,0.00139470013947001,NA,NA,NA,0.0029520238317508,0.000787817517629356,0.00511623014587224,0.0196393450402691,-2.10952303463655,2.14880172471709
"2020-06-27","PT","PT15",851258,0.00139470013947001,NA,NA,NA,0.00302430826892089,0.00083047362933122,0.00521814290851056,0.0195111452638532,-2.07903676588196,2.11805905640966
"2020-06-28","PT","PT15",851258,0.00139470013947001,NA,NA,NA,0.00309837065312616,0.000874634413553329,0.00532210689269898,0.0193837823372737,-2.04885862300012,2.08762618767467
"2020-06-29","PT","PT15",851258,0.00139470013947001,NA,NA,NA,0.0031742549743792,0.000920345345563043,0.00542816460319536,0.0192572507978236,-2.01898588240095,2.0575003839966
"2020-06-30","PT","PT15",851258,0.00139470013947001,NA,NA,NA,0.00325200631898206,0.000967653521033443,0.00553635911693068,0.0191315452184567,-1.98941584292466,2.02767893336158
"2020-07-01","PT","PT15",851258,0.00139470013947001,NA,NA,NA,0.00333167089707863,0.00101660767002407,0.0056467341241332,0.0190066602075534,-1.96014582566486,1.99815914607997
"2020-07-02","PT","PT15",851258,0.00139470013947001,NA,NA,NA,0.00341329607090613,0.00106725812159904,0.00575933402021322,0.018882590408687,-1.93117317379303,1.96893835461041
"2020-07-03","PT","PT15",851258,0.00139470013947001,NA,NA,NA,0.00349693037990745,0.00111965660785794,0.00587420415195696,0.0187593305003964,-1.90249525238474,1.94001391338553
"2020-07-04","PT","PT15",851258,0.00139470013947001,NA,NA,NA,0.00358262352254389,0.00117385487887973,0.00599139216620805,0.018636875195959,-1.87410944824708,1.911383198639
"2020-07-05","PT","PT15",851258,0.00139470013947001,NA,NA,NA,0.00367042639625909,0.00122990493518058,0.00611094785733759,0.0185152192431608,-1.846013169747,1.88304360823333
"2020-07-06","PT","PT15",851258,0.00139470013947001,NA,NA,NA,0.00376039116079863,0.00128786004968597,0.0062329222719113,0.0183943574240728,-1.81820384664152,1.85499256148967
"2020-07-07","PT","PT15",851258,0.00139470013947001,NA,NA,NA,0.00385257127036007,0.0013477749954339,0.00635736754528623,0.0182742845548276,-1.79067892990894,1.8272274990186
"2020-07-08","PT","PT15",851258,0.00139470013947001,NA,NA,NA,0.00394702150582588,0.00140970624638975,0.00648433676526201,0.0181549954853966,-1.76343589158147,1.79974588255227
"2020-07-09","PT","PT15",851258,0.00139470013947001,NA,NA,NA,0.00404379800780157,0.00147371216225372,0.00661388385334943,0.0180364850993691,-1.73647222457903,1.77254519477777
"2020-07-10","PT","PT15",851258,0.00139470013947001,NA,NA,NA,0.00414295831047894,0.00153985314880915,0.00674606347214872,0.0179187483137317,-1.70978544254432,1.74562293917178
"2020-07-11","PT","PT15",851258,0.00139470013947001,NA,NA,NA,0.00424456137634509,0.00160819178384863,0.00688093096884155,0.0178017800786524,-1.68337307967938,1.71897663983669
"2020-07-12","PT","PT15",851258,0.00139470013947001,NA,NA,NA,0.00434866763175866,0.00167879289700861,0.00701854236650871,0.017685575377263,-1.65723269058325,1.69260384133778
"2020-07-13","PT","PT15",851258,0.00139470013947001,NA,NA,NA,0.00445533900341461,0.00175172358991803,0.00715895441691118,0.017570129225444,-1.6313618500908,1.66650210854169
"2020-07-14","PT","PT15",851258,0.00139470013947001,NA,NA,NA,0.00456463895572011,0.00182705318089533,0.0073022247305449,0.0174554366716098,-1.60575815311285,1.64066902645607
"2020-07-15","PT","PT15",851258,0.00139470013947001,NA,NA,NA,0.00467663253114558,0.0019048529380134,0.00744841212427777,0.017341492796498,-1.58041921447771,1.61510220007071
"2020-07-16","PT","PT15",851258,0.00139470013947001,NA,NA,NA,0.00479138642009888,0.00198519407510741,0.00759757876509036,0.0172282927129582,-1.55534266877377,1.58979925419968
"2020-07-17","PT","PT15",851258,0.00139470013947001,NA,NA,NA,0.00490896899813349,0.00206814787557089,0.00774979012069609,0.0171158315657408,-1.53052617019318,1.56475783332467
"2020-07-18","PT","PT15",851258,0.00139470013947001,NA,NA,NA,0.00502945034450242,0.00215378728211889,0.00790511340688595,0.0170041045312903,-1.50596739237706,1.53997560143964
"2020-07-19","PT","PT15",851258,0.00185701021355617,NA,NA,NA,0.00515290228416443,0.00224218725054777,0.00806361731778109,0.0168931068175381,-1.48166402826165,1.51545024189673
"2020-07-20","PT","PT15",851258,0.00228310502283105,NA,NA,NA,0.00527939843152691,0.00233342505365991,0.00822537180939391,0.0167828336636964,-1.45761378992576,1.49117945725315
"2020-07-21","PT","PT15",851258,0,NA,NA,NA,0.00540901423529183,0.00242758056219243,0.00839044790839123,0.0166732803400547,-1.43381440843935,1.46716096911946
"2020-07-22","PT","PT15",851258,0,NA,NA,NA,0.00554182702443264,0.00252473648962946,0.00855891755923582,0.0165644421477766,-1.41026363371336,1.44339251800891
"2020-07-23","PT","PT15",851258,0,NA,NA,NA,0.00567791605533079,0.00262497858534187,0.00873085352531971,0.0164563144186975,-1.38695923435052,1.41987186318792
"2020-07-24","PT","PT15",851258,0.0212765957446809,NA,NA,NA,0.00581736256010148,0.00272839575773666,0.0089063293624663,0.0163488925151269,-1.36389899749773,1.39659678252798
"2020-07-25","PT","PT15",851258,0.0212765957446809,NA,NA,NA,0.00596024979613865,0.00283508010596915,0.00908541948630816,0.0162421718296468,-1.34108072869903,1.37356507235832
"2020-07-26","PT","PT15",851258,0.0454545454545455,NA,NA,NA,0.00610666309691033,0.00294512683522707,0.00926819935859359,0.016136147784914,-1.31850225175001,1.35077454731984
"2020-07-27","PT","PT15",851258,0.0454545454545455,NA,NA,NA,0.00625668998499734,0.00305863391561409,0.00945474605438059,0.0160308158334666,-1.29616140855357,1.3282230402205
"2020-07-28","PT","PT15",851258,0.0454545454545455,NA,NA,NA,0.00641042134133763,0.00317569968126542,0.00964514300140984,0.0159261714575266,-1.27405605897638,1.30590840189143
"2020-07-29","PT","PT15",851258,0.0454545454545455,NA,NA,NA,0.0065679514699833,0.00329642270436421,0.00983948023560239,0.0158222101688061,-1.25218408070664,1.28382850104426
"2020-07-30","PT","PT15",851258,0.0454545454545455,NA,NA,NA,0.00672937723901638,0.00342090387355547,0.0100378506044773,0.015718927508316,-1.23054336911308,1.26198122412971
"2020-07-31","PT","PT15",851258,0.0454545454545455,NA,NA,NA,0.00689479811822365,0.00354924694765783,0.0102403492887895,0.0156163190461735,-1.20913183710482,1.24036447519716
"2020-08-01","PT","PT15",851258,0.0212765957446809,0,0,0,0.00706431625338939,0.00368155903211804,0.0104470734746607,0.015514380381414,-1.18794741499262,1.21897617575545
"2020-08-02","PT","PT15",851258,0.0212765957446809,0,0,0,0.00723803654284366,0.00381795102294817,0.0106581220627391,0.0154131071418001,-1.16698805035095,1.19781426463455
"2020-08-03","PT","PT15",851258,0.0212765957446809,0,0,0,0.00741606671633867,0.00395853799757181,0.0108735954351055,0.0153124949836346,-1.14625170788118,1.17687669784845
"2020-08-04","PT","PT15",851258,0.0212765957446809,0,0,0,0.00759851741632812,0.00410343952801793,0.0110935953046383,0.0152125395915764,-1.12573636927621,1.15616144845936
"2020-08-05","PT","PT15",851258,0.0212765957446809,0,0,0,0.00778550228172722,0.00425277988735425,0.0113182246761002,0.0151132366784519,-1.10544003308552,1.13566650644243
"2020-08-06","PT","PT15",851258,0.0212765957446809,0,0,0,0.00797713803423345,0.00440668811506921,0.0115475879533977,0.0150145819850737,-1.08536071458198,1.11538987855212
"2020-08-07","PT","PT15",851258,0.0212765957446809,0,0,0,0.00817354456729108,0.00456529790120453,0.0117817912333776,0.0149165712800572,-1.06549644562922,1.09532958818934
"2020-08-08","PT","PT15",851258,0.0212765957446809,0,0,0,0.00837484511799652,0.00472874711969892,0.0120209431162941,0.0148192003596382,-1.04584527455027,1.07548367526954
"2020-08-09","PT","PT15",851258,0.0228571428571429,0,0,0,0.00858116817961276,0.00489717447336358,0.0122651618858619,0.0147224650474948,-1.02640526599732,1.05585019609231
"2020-08-10","PT","PT15",851258,0.0228571428571429,0,0,0,0.00879264783241043,0.00507071892288523,0.0125145767419356,0.0146263611945653,-1.00717450082227,1.0364272232114
"2020-08-11","PT","PT15",851258,0.0228571428571429,0,0,0,0.0090094221966617,0.00524952283170029,0.0127693215616231,0.0145308846788733,-0.988151075948687,1.01721284530643
"2020-08-12","PT","PT15",851258,0.0228571428571429,0,0,0,0.00923163348316729,0.00543373286829334,0.0130295340980412,0.0144360314053482,-0.969333104244377,0.998205167055074
"2020-08-13","PT","PT15",851258,0.0228571428571429,0,0,0,0.00945942812660649,0.00562350077226187,0.0132953554809511,0.0143417973056519,-0.95071871439545,0.979402309006754
"2020-08-14","PT","PT15",851258,0.0228571428571429,0,0,0,0.00969295692359851,0.00581898407479023,0.0135669297724068,0.0142481783380023,-0.932306050781009,0.960802407457014
"2020-08-15","PT","PT15",851258,0.0228571428571429,0,0,0,0.00993237517565441,0.00602034674068146,0.0138444036106274,0.0141551704870012,-0.91409327334916,0.942403614323162
"2020-08-16","PT","PT15",851258,0.0228571428571429,0,0,0,0.0101778428372055,0.00622775969237906,0.0141279259820319,0.0140627697634617,-0.896078557493921,0.924204097020844
"2020-08-17","PT","PT15",851258,0.0228571428571429,0,0,0,0.0104295246689021,0.00644140116869546,0.0144176481691088,0.0139709722042373,-0.878260093933186,0.906202038341661
"2020-08-18","PT","PT15",851258,0.0228571428571429,0,0,0,0.0106875903963844,0.00666145686210369,0.014713723930665,0.0138797738720516,-0.860636088587748,0.888395636331851
"2020-08-19","PT","PT15",851258,0.0228571428571429,0,0,0,0.0109522148747346,0.00688811976826917,0.0150163099812001,0.0137891708553292,-0.843204762461275,0.870783104171933
"2020-08-20","PT","PT15",851258,0.0228571428571429,0,0,0,0.011223578341691,0.00712158952327247,0.0153255671601096,0.0136991592680291,-0.825964351521452,0.853362670057511
"2020-08-21","PT","PT15",851258,0.0228571428571429,0,0,0,0.0115018689623235,0.0073620673079993,0.0156416706166476,0.0136097352494764,-0.808913106582015,0.836132577080968
"2020-08-22","PT","PT15",851258,0.0228571428571429,0,0,0,0.011787283630858,0.00760975434626868,0.0159648129154472,0.0135208949641978,-0.792049293185919,0.819091083114315
"2020-08-23","PT","PT15",851258,0.0228571428571429,0,0,0,0.0120800257915355,0.00786485707066012,0.0162951945124109,0.0134326346017571,-0.775371191489551,0.802236460693065
"2020-08-24","PT","PT15",851258,0.0228571428571429,0,0,0,0.0123803055311608,0.00812758864865592,0.0166330224136656,0.0133449503765913,-0.758877096147934,0.785566996901117
"2020-08-25","PT","PT15",851258,0.0228571428571429,0,0,0,0.0126883398205398,0.0083981702470581,0.0169785093940216,0.0132578385278484,-0.742565316201018,0.769080993256715
"2020-08-26","PT","PT15",851258,0.0228571428571429,0,0,0,0.0130043527654775,0.0086768322333283,0.0173318732976267,0.0131712953192259,-0.726434174961085,0.752776765599537
"2020-08-27","PT","PT15",851258,0.0228571428571429,0,0,0,0.0133285758677442,0.00896381525991779,0.0176933364755706,0.0130853170388114,-0.710482009901201,0.736652643978824
"2020-08-28","PT","PT15",851258,0.0228571428571429,0,0,0,0.013661248296441,0.00925937116586876,0.0180631254270133,0.012999899998922,-0.694707172544723,0.720706972542568
"2020-08-29","PT","PT15",851258,0.0228571428571429,0,0,0,0.0140026171702115,0.00956376361631011,0.018441470724113,0.0129150405359475,-0.679108028356039,0.704938109427934
"2020-08-30","PT","PT15",851258,0.0228571428571429,0,0,0,0.0143529378507695,0.00987726838464345,0.0188286073168955,0.0128307350101922,-0.663682956632306,0.689344426652691
"2020-08-31","PT","PT15",851258,0.0228571428571429,0,0,0,0.0147124742482341,0.0102001731638557,0.0192247753326124,0.0127469798057195,-0.648430350396477,0.673924310007916
"2020-09-01","PT","PT15",851258,0.0228571428571429,0,0,0,0.0150814992223069,0.0105327765914794,0.0196302218531343,0.0126637713301965,-0.63334861629143,0.658676158951824
"2020-09-02","PT","PT15",851258,0.0228571428571429,0,0,0,0.0154602979940454,0.0108753801165605,0.0200452158715303,0.0125811060147401,-0.618436174475366,0.643598386504846
"2020-09-03","PT","PT15",851258,0.0228571428571429,0,0,0,0.0158491697556456,0.0112282844996382,0.0204700550116529,0.0124989803137636,-0.603691458518465,0.628689419145992
"2020-09-04","PT","PT15",851258,0.0228571428571429,0,0,0,0.0162484246307615,0.0115917987342643,0.0209050505272588,0.0124173907048248,-0.589112915300832,0.613947696710482
"2020-09-05","PT","PT15",851258,0.0228571428571429,0,0,0,0.016658383854046,0.0119662427340849,0.021350524974007,0.0123363336884751,-0.574699004911852,0.599371672288802
"2020-09-06","PT","PT15",851258,0.0228571428571429,0,0,0,0.0170793802147291,0.0123519494886356,0.0218068109408226,0.0122558057881094,-0.560448200550942,0.58495981212716
"2020-09-07","PT","PT15",851258,0.0228571428571429,0,0,0,0.0175117585195625,0.0127492671348367,0.0222742499042884,0.0121758035498162,-0.546358988429775,0.570710595529408
"2020-09-08","PT","PT15",851258,0.0228571428571429,0,0,0,0.0179558760760468,0.0131585608522016,0.0227531912998919,0.012096323542231,-0.532429867676194,0.556622514760656
"2020-09-09","PT","PT15",851258,0.0228571428571429,0,0,0,0.0184121031969099,0.01358021446796,0.0232439919258598,0.0120173623563876,-0.518659350239675,0.54269407495245
"2020-09-10","PT","PT15",851258,0.0228571428571429,0,0,0,0.0188808237268539,0.0140146316327648,0.0237470158209431,0.0119389166055727,-0.505045960798693,0.528923794009839
"2020-09-11","PT","PT15",851258,0.0228571428571429,0,0,0,0.0193624355926369,0.0144622363977585,0.0242626347875152,0.0118609829251805,-0.491588236669988,0.515310202520349
"2020-09-12","PT","PT15",851258,0.0228571428571429,0,0,0,0.0198573513776151,0.0149234729887128,0.0247912297665173,0.0117835579725682,-0.478284727719925,0.501851843665062
"2020-09-13","PT","PT15",851258,0.0228571428571429,0,0,0,0.020365998976851,0.0153988042817973,0.0253331936719048,0.0117066384269129,-0.465133996278155,0.48854727313198
"2020-09-14","PT","PT15",851258,0.0228571428571429,0,0,0,0.0208888249202493,0.0158886970414893,0.0258889527990094,0.011630220989069,-0.452134617053759,0.475395059031897
"2020-09-15","PT","PT15",851258,0.0228571428571429,0,0,0,0.021426296592123,0.0163936133103387,0.0264589798739074,0.0115543023814266,-0.439285177054174,0.462393781817027
"2020-09-16","PT","PT15",851258,0.0228571428571429,0,0,0,0.0219788996426791,0.016914027922431,0.0270437713629271,0.0114788793477714,-0.42658427550719,0.449542034202733
"2020-09-17","PT","PT15",851258,0.0228571428571429,0,0,0,0.022547138470056,0.0174504335610735,0.0276438433790385,0.0114039486531443,-0.414030523786359,0.436838421092648
"2020-09-18","PT","PT15",851258,0.0235294117647059,0,0,0,0.0231315370254365,0.0180033445602115,0.0282597294906615,0.0113295070837033,-0.401622545340332,0.424281559507739
"2020-09-19","PT","PT15",851258,0.0235294117647059,0,0,0,0.0237326396560765,0.018573300602397,0.0288919787097561,0.0112555514465855,-0.389358975626524,0.411870078519695
"2020-09-20","PT","PT15",851258,0.0235294117647059,0,0,0,0.0243510119881947,0.0191608701483578,0.0295411538280316,0.0111820785697695,-0.377238462049845,0.399602619189384
"2020-09-21","PT","PT15",851258,0.0235294117647059,0,0,0,0.024987241851774,0.0197666533901021,0.0302078303134458,0.0111090853019406,-0.365259663907181,0.387477834511062
"2020-09-22","PT","PT15",851258,0.0235294117647059,0,0,0,0.0256419402494397,0.020391284468507,0.0308925960303724,0.0110365685123546,-0.353421252338565,0.375494389363275
"2020-09-23","PT","PT15",851258,0.0235294117647059,0,0,0,0.0263157423716999,0.0210354326360274,0.0315960521073724,0.0109645250907038,-0.341721910286101,0.363650960467508
"2020-09-24","PT","PT15",851258,0.0235294117647059,0,0,0,0.0270093086609588,0.0216998019736077,0.0323188153483099,0.0108929519469839,-0.330160332462052,0.35194623635602
"2020-09-25","PT","PT15",851258,0.0235294117647059,0,0,0,0.0277233258753879,0.0223851287813599,0.0330615229694159,0.0108218460113608,-0.318735225327684,0.340378917350405
"2020-09-26","PT","PT15",851258,0.0235294117647059,0,0,0,0.0284585047591027,0.0230921495456179,0.0338248599725875,0.0107512042340399,-0.307445307084926,0.328947715553006
"2020-09-27","PT","PT15",851258,0.0235294117647059,0,0,0,0.0292155785611864,0.023821576447546,0.0346095806748268,0.0106810235851345,-0.296289307683358,0.317651354853627
"2020-09-28","PT","PT15",851258,0.0235294117647059,0,0,0,0.029995308992695,0.0245741384529289,0.0354164795324611,0.0106113010545359,-0.285265968845667,0.306488570954739
"2020-09-29","PT","PT15",851258,0.0235294117647059,0,0,0,0.0307984879870803,0.025350591855756,0.0362463841184045,0.0105420336517848,-0.274374044115515,0.295458111419084
"2020-09-30","PT","PT15",851258,0.0235294117647059,0,0,0,0.0316259390278383,0.02615172714706,0.0371001509086166,0.0104732184059426,-0.263612298932774,0.284558735744659
"2020-10-01","PT","PT15",851258,0.0235294117647059,0,0,0,0.0324785185398814,0.0269783757851008,0.037978661294662,0.0104048523654641,-0.252979510742448,0.273789215473376
"2020-10-02","PT","PT15",851258,0.0235294117647059,0,0,0,0.0333571173479408,0.0278314165522286,0.0388828181436531,0.0103369325980708,-0.242474469145363,0.263148334341504
"2020-10-03","PT","PT15",851258,0.0235294117647059,0,0,0,0.0342626622054949,0.0287117810918822,0.0398135433191077,0.0102694561906254,-0.232095976101057,0.252634888482307
"2020-10-04","PT","PT15",851258,0.0235294117647059,0,0,0,0.0351961173979097,0.0296204581098275,0.0407717766859919,0.0102024202490066,-0.221842846196429,0.242247686694442
"2020-10-05","PT","PT15",851258,0.0235294117647059,0,0,0,0.0361584864236885,0.0305584955936063,0.0417584772537707,0.0101358218979852,-0.211713906997981,0.231985550793951
"2020-10-06","PT","PT15",851258,0.0235294117647059,0,0,0,0.0371508137579432,0.0315270002485863,0.0427746272673002,0.0100696582811005,-0.201707999511246,0.221847316073447
"2020-10-07","PT","PT15",851258,0.0235294117647059,0,0,0,0.0381741863572227,0.0325271324080556,0.0438212403063898,0.0100039265605379,-0.191823978779062,0.211831831900138
"2020-10-08","PT","PT15",851258,0.0235294117647059,0,0,0,0.0392297012728738,0.0335600218864105,0.0448993806593371,0.00993862391700714,-0.182060714661501,0.201937962495515
"2020-10-09","PT","PT15",851258,0.0235294117647059,0,0,0,0.0403184335079135,0.0346266852643676,0.0460101817514595,0.00987374754962176,-0.172417092856207,0.192164587955451
"2020-10-10","PT","PT15",851258,0.0235294117647059,0,0,0,0.0414414884685178,0.0357281427057724,0.0471548342312633,0.00980929467577837,-0.162892016240668,0.182510605592225
"2020-10-11","PT","PT15",851258,0.0235294117647059,0,0,0,0.0426000096168941,0.0368654435147019,0.0483345757190863,0.00974526253103764,-0.153484406651297,0.172974931713372
"2020-10-12","PT","PT15",851258,0.0235294117647059,0,0,0,0.0437951797979055,0.0380396784290452,0.0495506811667658,0.00968164836900572,-0.144193207263614,0.163556504001625
"2020-10-13","PT","PT15",851258,0.0235294117647059,0,0,0,0.0450282226117147,0.0392519919208551,0.0508044533025742,0.00961844946121644,-0.135017385812571,0.154254284735004
"2020-10-14","PT","PT15",851258,0.0235294117647059,0,0,0,0.0463004038340009,0.0405035938617488,0.0520972138062531,0.00955566309701406,-0.125955939007283,0.145067265201311
"2020-10-15","PT","PT15",851258,0.0235294117647059,0,0,0,0.0476130328853546,0.0417957697013742,0.0534302960693349,0.00949328658343736,-0.117007898676216,0.13599447184309
"2020-10-16","PT","PT15",851258,0.0235294117647059,0,0,0,0.0489674643515056,0.0431298880589064,0.0548050406441048,0.00943131724510393,-0.108172340472589,0.127034974962796
"2020-10-17","PT","PT15",851258,0.0235294117647059,0,0,0,0.0503650995560927,0.0445074043357388,0.0562227947764466,0.0093697524240954,-0.0994483964578529,0.118187901306044
"2020-10-18","PT","PT15",851258,0.0235294117647059,0,0,0,0.0518073881877352,0.0459298586122567,0.0576849177632136,0.00930858947984357,-0.0908352737174185,0.109452452677106
"2020-10-19","PT","PT15",851258,0.0235294117647059,0,0,0,0.0532958290967138,0.0473988643210756,0.059192793872352,0.00924782578901707,-0.0823322826471737,0.100827934225208
"2020-10-20","PT","PT15",851258,0.0235294117647059,0,0,0,0.0548318328517103,0.0489158743981644,0.0607477913052562,0.00918745874540879,-0.0739388812913954,0.0923137987822129
"2020-10-21","PT","PT15",851258,0.0235294117647059,0,0,0,0.0564165495194609,0.0504818918159507,0.0623512072229711,0.0091274857598242,-0.0656547474178605,0.0839097189375089
"2020-10-22","PT","PT15",851258,0.0235294117647059,0,0,0,0.0580510945448918,0.0520978206952759,0.0640043683945078,0.0090679042599703,-0.057479900850009,0.0756157093699496
"2020-10-23","PT","PT15",851258,0.0235294117647059,0,0,0,0.0597365801160102,0.0537645369765278,0.0657086232554925,0.00900871169034517,-0.0494149221639381,0.0674323455446285
"2020-10-24","PT","PT15",851258,0.0235294117647059,0,0,0,0.0614741124786165,0.0554829093398441,0.067465315617389,0.00894990551212852,-0.0414613693376515,0.0593611803619085
"2020-10-25","PT","PT15",851258,0.0235294117647059,0,0,0,0.0632647890656006,0.0572538207257623,0.0692757574054388,0.00889148320307265,-0.0336226374662942,0.0514056038724395
"2020-10-26","PT","PT15",851258,0.0235294117647059,0,0,0,0.0651096954355282,0.0590781890873085,0.0711412017837478,0.00883344225739442,-0.0259059256056325,0.0435728101204214
"2020-10-27","PT","PT15",851258,0.0235294117647059,0,0,0,0.0670099020156048,0.0609569855089853,0.0730628185222243,0.0087757801856676,-0.0183274082930126,0.0358789686643478
"2020-10-28","PT","PT15",851258,0.0235294117647059,0,0,0,0.0689664606445306,0.0628912472747755,0.0750416740142858,0.00871849451471627,-0.0109288221401257,0.0283658111695582
"2020-10-29","PT","PT15",851258,0.0235294117647059,0,0,0,0.0709804009112583,0.0648820828606935,0.0770787189618232,0.0086615827875086,-0.00384983287146066,0.0211729984464779
"2020-10-30","PT","PT15",851258,0.0376344086021505,0,0,0.00862068965517241,0.0730527262862318,0.0669306651611059,0.0791747874113577,0.00860506678495921,0.00214885019340455,0.0150612833765139
"2020-10-31","PT","PT15",851258,0.0376344086021505,0,0,0.00862068965517241,0.0751844092540045,0.069038207231826,0.081330611276183,0.00857204605165596,0.0043189770484408,0.0128251150548711
"2020-11-01","PT","PT15",851258,0.0376344086021505,0,0,0.00862068965517241,0.0773761681618909,0.0712055607860975,0.0835467755376842,0.0086277666599653,0.00420331559376269,0.0130522177261679
"2020-11-02","PT","PT15",851258,0.0258620689655172,0,0,0.00862068965517241,0.079628126111607,0.0734326031752263,0.0858236490479876,0.00880683993227619,0.00463792817980481,0.0129757516847476
"2020-11-03","PT","PT15",851258,0.0258620689655172,0,0,0.00862068965517241,0.0819401951291801,0.0757188617338398,0.0881615285245204,0.00889945022033647,0.00460138747100253,0.0131975129696704
"2020-11-04","PT","PT15",851258,0.0258620689655172,0,0,0.00862068965517241,0.0843121346024851,0.0780636575582874,0.0905606116466827,0.00859964115290665,0.00441401224520387,0.0127852700606094
"2020-11-05","PT","PT15",851258,0.0258620689655172,0,0,0.00862068965517241,0.0867435396752285,0.0804661424326233,0.0930209369178337,0.00784821777209049,0.00374189678317237,0.0119545387610086
"2020-11-06","PT","PT15",851258,0.0258620689655172,0,0,0.00862068965517241,0.0892338294417516,0.0829253380552418,0.0955423208282613,0.00681750333453641,0.00305713626428882,0.010577870404784
"2020-11-07","PT","PT15",851258,0.0258620689655172,0,0,0.00862068965517241,0.0917822349952177,0.0854401747355524,0.098124295254883,0.00645452940093156,0.00361295962195224,0.00929609917991088
"2020-11-08","PT","PT15",851258,0.0258620689655172,0,0,0.00862068965517241,0.09438778738841,0.0880095257590086,0.100766049017811,0.00918795575240334,0.00583823761119551,0.0125376738936112
"2020-11-09","PT","PT15",851258,0.0258620689655172,0,0,0.00862068965517241,0.0970493055732047,0.0906322326748206,0.103466378471589,0.0218613449666518,0.0169936562659732,0.0267290336673303
"2020-11-10","PT","PT15",851258,0.1875,0,0,0.0625,0.0997653843918002,0.093307115912505,0.106223652871095,0.050819990151604,0.0453973952181752,0.0562425850850329
"2020-11-11","PT","PT15",851258,0.1875,0,0,0.0625,0.102534382699881,0.0960329644066574,0.109035800993104,0.0684054267012999,0.0628628391387556,0.0739480142638441
"2020-11-12","PT","PT15",851258,0.1875,0,0,0.0625,0.105354412495331,0.0988084977067038,0.111900327283957,0.0633578354117385,0.0581919202020343,0.0685237506214427
"2020-11-13","PT","PT15",851258,0.1875,0,0,0.0625,0.10822379106819,0.101632543992015,0.114815038144365,0.0595371800841251,0.0547621189428843,0.064312241225366
"2020-11-14","PT","PT15",851258,0.1875,0,0,0.0625,0.111141890403131,0.104504363418732,0.117779417387529,0.0619467511683162,0.0571616932736702,0.0667318090629622
"2020-11-15","PT","PT15",851258,0.1875,0,0,0.0625,0.114108206503717,0.107423065508101,0.120793347499333,0.0640016070102189,0.0588743801983744,0.0691288338220634
"2020-11-16","PT","PT15",851258,0.1875,0,0,0.0625,0.117122162985663,0.110387547142089,0.123856778829236,0.0629963842362605,0.0584256801641085,0.0675670883084126
"2020-11-17","PT","PT15",851258,0.1875,0,0,0.0625,0.120183109128116,0.113396550091964,0.126969668164269,0.061756436094798,0.0565540631991312,0.0669588089904648
"2020-11-18","PT","PT15",851258,0.1875,0,0,0.0625,0.123290317988279,0.116448719414356,0.130131916562203,0.0620631839975536,0.0576849268983744,0.0664414410967328
"2020-11-19","PT","PT15",851258,0.1875,0,0,0.0625,0.12644298458665,0.1195426587435,0.1333433104298,0.0628056887236611,0.0575014384169134,0.0681099390304088
"2020-11-20","PT","PT15",851258,0.1875,0,0,0.0625,0.129640224170332,0.122676977578956,0.136603470761708,0.0628043298756765,0.0583728149737133,0.0672358447776398
"2020-11-21","PT","PT15",851258,0.1875,0,0,0.0625,0.132881070561971,0.125850324833765,0.139911816290177,0.0624059370980199,0.0572428069156907,0.0675690672803491
"2020-11-22","PT","PT15",851258,0.1875,0,0,0.0625,0.136164474601975,0.129061402270424,0.143267546933526,0.0623096155772197,0.0576969597676188,0.0669222713868206
"2020-11-23","PT","PT15",851258,0.1875,0,0,0.0625,0.139489302691796,0.132308951064333,0.146669654319259,0.0625034896806212,0.0575956068104967,0.0674113725507458
"2020-11-24","PT","PT15",851258,0.1875,0,0,0.0625,0.142854335724795,0.135591704773333,0.150116966676257,0.0626072558371776,0.0576939525984798,0.0675205590758755
"2020-11-25","PT","PT15",851258,0.1875,0,0,0.0625,0.146258759589388,0.138908624603519,0.153608894575257,0.0625240558994951,0.0579040353400177,0.0671440764589725
"2020-11-26","PT","PT15",851258,0.1875,0,0,0.0625,0.149703255102851,0.142259461344869,0.157147048860832,0.0624455488824055,0.057281766173394,0.067609331591417
"2020-11-27","PT","PT15",851258,0.1875,0,0,0.0625,0.153188903475675,0.145643958927396,0.160733848023954,0.0624739368479788,0.0580564831350746,0.066891390560883
"2020-11-28","PT","PT15",851258,0.1875,0,0,0.0625,0.156716919293221,0.149061739572365,0.164372099014076,0.0625239650553872,0.0572344893588349,0.0678134407519394
"2020-11-29","PT","PT15",851258,0.1875,0,0,0.0625,0.16028865576421,0.152512381899362,0.168064929629057,0.0625197172659368,0.0581301510657749,0.0669092834660988
"2020-11-30","PT","PT15",851258,0.1875,0,0,0.0625,0.163905610091032,0.155995496615751,0.171815723566312,0.062491729308777,0.057268994237992,0.0677144643795619
"2020-12-01","PT","PT15",851258,0.1875,0,0,0.0625,0.167569428985515,0.159510794837101,0.175628063133929,0.0624872261293823,0.0579469790977307,0.0670274731610339
"2020-12-02","PT","PT15",851258,0.1875,0,0,0.0625,0.171281914355627,0.163058143451437,0.179505685259817,0.0625013224717279,0.0575021754248329,0.0675004695186228
"2020-12-03","PT","PT15",851258,0.1875,0,0,0.0625,0.175045029190478,0.166637601713715,0.18345245666724,0.0625074366746921,0.0576924595905668,0.0673224137588174
"2020-12-04","PT","PT15",851258,0.1875,0,0,0.0625,0.17886090367299,0.170249433586225,0.187472373759754,0.0625011059411334,0.0577943917160318,0.0672078201662351
"2020-12-05","PT","PT15",851258,0.1875,0,0,0.0625,0.18273184155161,0.173894091263447,0.191569591839774,0.0624960895410989,0.0574007060327752,0.0675914730494226
"2020-12-06","PT","PT15",851258,0.1875,0,0,0.0625,0.186660326793214,0.177572166739946,0.195748486846482,0.0624984627619837,0.0580309421914915,0.0669659833324759
"2020-12-07","PT","PT15",851258,0.1875,0,0,0.0625,0.19064888905944,0.181284099727849,0.200013678391031,0.0625018144316476,0.0572316839011551,0.0677719449621402
"2020-12-08","PT","PT15",851258,0.1875,0,0,0.0625,0.194699735970443,0.185029559841467,0.204369912099418,0.0625012547813847,0.0581190295095375,0.0668834800532319
"2020-12-09","PT","PT15",851258,0.1875,0,0,0.0625,0.198815109926443,0.188808045986872,0.208822173866013,0.0624993049973281,0.0572278205115187,0.0677707894831374
"2020-12-10","PT","PT15",851258,0.1875,0,0,0.0625,0.202997396945165,0.192619162612993,0.213375631277338,0.0624991562678902,0.0580175876478655,0.0669807248879149
"2020-12-11","PT","PT15",851258,0.1875,0,0,0.0625,0.207249132475406,0.196462724824234,0.218035540126578,0.062500177956519,0.0573810198480677,0.0676193360649703
"2020-12-12","PT","PT15",851258,0.1875,0,0,0.0625,0.211573007494216,0.200338838509673,0.222807176478759,0.0625005061626565,0.0577754743472302,0.0672255379780827
"2020-12-13","PT","PT15",851258,0.1875,0,0,0.0625,0.215971874912099,0.204247951114798,0.2276957987094,0.0625000100639983,0.0575612091292883,0.0674388109987083
"2020-12-14","PT","PT15",851258,0.1875,0,0,0.0625,0.220448756312177,0.208190870930891,0.232706641693463,0.0624997205007862,0.057484056425157,0.0675153845764155
"2020-12-15","PT","PT15",851258,0.1875,0,0,0.0625,0.22500684905098,0.21216875507736,0.2378449430246,0.0624999616158454,0.0574987887216142,0.0675011345100766
"2020-12-16","PT","PT15",851258,0.1875,0,0,0.0625,0.229649533750274,0.216183068322918,0.243115999177631,0.0625001466543024,0.0572084072709799,0.0677918860376249
"2020-12-17","PT","PT15",851258,0.1875,0,0,0.0625,0.234380382211277,0.22023551626508,0.248525248157473,0.0624999801410272,0.0563072404814535,0.0686927198006009
"2020-12-18","PT","PT15",851258,0.1875,0,0,0.0625,0.239203165784636,0.224327957069048,0.254078374500223,0.0624999836242965,0.0553685522978128,0.0696314149507802
