"date","country","region","population","p_cases","p_cases_recent","p_cases_fatalities","p_cases_stillsick","p_cases_smooth","p_cases_smooth_low","p_cases_smooth_high"
"2020-03-22","US","USMS",2976149,0,0,0,0,0.0115948398276858,-0.00416630943799878,0.0273559890933704
"2020-03-23","US","USMS",2976149,0,0,0,0,0.0116507100403334,-0.00409536708037092,0.0273967871610377
"2020-03-24","US","USMS",2976149,0,0,0,0,0.0117068494658988,-0.00402366615406277,0.0274373650858603
"2020-03-25","US","USMS",2976149,0,0,0,0,0.0117632594015954,-0.00395120148607441,0.0274777202892653
"2020-03-26","US","USMS",2976149,0,0,0,0,0.0118199411508876,-0.00387796788438535,0.0275178501861605
"2020-03-27","US","USMS",2976149,0,0,0,0,0.0118768960235203,-0.0038039601383125,0.0275577521853531
"2020-03-28","US","USMS",2976149,0,0,0,0,0.0119341253355495,-0.00372917301888749,0.0275974236899864
"2020-03-29","US","USMS",2976149,0,0,0,0,0.0119916304093727,-0.00365360127925432,0.0276368620979998
"2020-03-30","US","USMS",2976149,0,0,0,0,0.0120494125737596,-0.00357723965508818,0.0276760648026074
"2020-03-31","US","USMS",2976149,0,0,0,0,0.0121074731638824,-0.00350008286503631,0.0277150291928011
"2020-04-01","US","USMS",2976149,0,0,0,0,0.0121658135213469,-0.00342212561118189,0.0277537526538757
"2020-04-02","US","USMS",2976149,0,0,0,0,0.0122244349942236,-0.00334336257953196,0.0277922325679792
"2020-04-03","US","USMS",2976149,0,0,0,0,0.0122833389370787,-0.00326378844053046,0.0278304663146879
"2020-04-04","US","USMS",2976149,0,0,0,0,0.0123425267110053,-0.0031833978495973,0.027868451271608
"2020-04-05","US","USMS",2976149,0,0,0,0,0.0124019996836553,-0.00310218544769496,0.0279061848150055
"2020-04-06","US","USMS",2976149,0,0,0,0,0.0124617592292703,-0.00302014586192345,0.027943664320464
"2020-04-07","US","USMS",2976149,0,0,0,0,0.0125218067287139,-0.00293727370614511,0.0279808871635729
"2020-04-08","US","USMS",2976149,0,0,0,0,0.0125821435695036,-0.00285356358164052,0.0280178507206477
"2020-04-09","US","USMS",2976149,0,0,0,0,0.0126427711458426,-0.00276901007779695,0.0280545523694821
"2020-04-10","US","USMS",2976149,0,0,0,0,0.0127036908586519,-0.0026836077728307,0.0280909894901345
"2020-04-11","US","USMS",2976149,0,0,0,0,0.0127649041156032,-0.00259735123454498,0.0281271594657515
"2020-04-12","US","USMS",2976149,0,0,0,0,0.0128264123311511,-0.0025102350211248,0.0281630596834271
"2020-04-13","US","USMS",2976149,0,0,0,0,0.0128882169265657,-0.00242225368197073,0.0281986875351022
"2020-04-14","US","USMS",2976149,0,0,0,0,0.0129503193299656,-0.0023334017585731,0.0282340404185042
"2020-04-15","US","USMS",2976149,0,0,0,0,0.0130127209763507,-0.00224367378542861,0.02826911573813
"2020-04-16","US","USMS",2976149,0,0,0,0,0.0130754233076357,-0.00215306429100129,0.0283039109062727
"2020-04-17","US","USMS",2976149,0,0,0,0,0.0131384277726832,-0.00206156779872981,0.0283384233440962
"2020-04-18","US","USMS",2976149,0,0,0,0,0.0132017358273371,-0.00196917882808334,0.0283726504827576
"2020-04-19","US","USMS",2976149,0,0,0,0,0.0132653489344565,-0.00187589189566813,0.0284065897645811
"2020-04-20","US","USMS",2976149,0,0,0,0,0.0133292685639491,-0.00178170151638733,0.0284402386442856
"2020-04-21","US","USMS",2976149,0,0,0,0,0.0133934961928058,-0.00168660220465638,0.0284735945902679
"2020-04-22","US","USMS",2976149,0,0,0,0,0.013458033305134,-0.0015905884756767,0.0285066550859446
"2020-04-23","US","USMS",2976149,0,0,0,0,0.0135228813921925,-0.00149365484677045,0.0285394176311555
"2020-04-24","US","USMS",2976149,0,0,0,0,0.013588041952426,-0.00139579583877923,0.0285718797436313
"2020-04-25","US","USMS",2976149,0,0,0,0,0.0136535164914993,-0.00129700597752967,0.0286040389605283
"2020-04-26","US","USMS",2976149,0,0,0,0,0.0137193065223323,-0.00119727979536944,0.0286358928400341
"2020-04-27","US","USMS",2976149,0,0,0,0,0.0137854135651351,-0.00109661183277669,0.0286674389630469
"2020-04-28","US","USMS",2976149,0,0,0,0,0.0138518391474428,-0.000994996640046819,0.0286986749349325
"2020-04-29","US","USMS",2976149,0,0,0,0,0.0139185848041512,-0.000892428779060107,0.0287295983873626
"2020-04-30","US","USMS",2976149,0,0,0,0,0.013985652077552,-0.000788902825134335,0.0287602069802383
"2020-05-01","US","USMS",2976149,0,0,0,0,0.0140530425173683,-0.000684413368966495,0.0287904984037032
"2020-05-02","US","USMS",2976149,0,0,0,0,0.014120757680791,-0.000578955018667992,0.0288204703802499
"2020-05-03","US","USMS",2976149,0,0,0,0,0.0141887991325139,-0.000472522401898115,0.0288501206669259
"2020-05-04","US","USMS",2976149,0,0,0,0,0.0142571684447708,-0.000365110168100511,0.028879447057642
"2020-05-05","US","USMS",2976149,0,0,0,0,0.014325867197371,-0.000256712990847981,0.02890844738559
"2020-05-06","US","USMS",2976149,0,0,0,0,0.0143948969777365,-0.000147325570301031,0.0289371195257741
"2020-05-07","US","USMS",2976149,0,0,0,0,0.0144642593809381,-3.69426357859446e-05,0.0289654613976622
"2020-05-08","US","USMS",2976149,0,0,0,0,0.0145339560097327,7.44410515015007e-05,0.0289934709679639
"2020-05-09","US","USMS",2976149,0,0,0,0,0.0146039884746,0.000186830695660228,0.0290211462535398
"2020-05-10","US","USMS",2976149,0,0,0,0,0.0146743583937799,0.000300231463109139,0.0290484853244507
"2020-05-11","US","USMS",2976149,0,0,0,0,0.0147450673933101,0.000414648479466291,0.0290754863071538
"2020-05-12","US","USMS",2976149,0,0,0,0,0.0148161171070629,0.0005300868262743,0.0291021473878515
"2020-05-13","US","USMS",2976149,0,0,0,0,0.014887509176784,0.000646551537563983,0.029128466816004
"2020-05-14","US","USMS",2976149,0,0,0,0,0.0149592452521296,0.000764047596247626,0.0291544429080116
"2020-05-15","US","USMS",2976149,0,0,0,0,0.0150313269907051,0.000882579930332902,0.0291800740510773
"2020-05-16","US","USMS",2976149,0,0,0,0,0.0151037560581029,0.00100215340894787,0.0292053587072579
"2020-05-17","US","USMS",2976149,0,0,0,0,0.0151765341279412,0.00112277283816691,0.0292302954177155
"2020-05-18","US","USMS",2976149,0,0,0,0,0.0152496628819027,0.0012444429566269,0.0292548828071784
"2020-05-19","US","USMS",2976149,0,0,0,0,0.0153231440097732,0.00136716843092227,0.029279119588624
"2020-05-20","US","USMS",2976149,0,0,0,0,0.0153969792094808,0.00149095385076685,0.0293030045681948
"2020-05-21","US","USMS",2976149,0,0,0,0,0.0154711701871354,0.00161580372390984,0.0293265366503609
"2020-05-22","US","USMS",2976149,0,0,0,0,0.0155457186570675,0.00174172247079223,0.0293497148433428
"2020-05-23","US","USMS",2976149,0,0,0,0,0.0156206263418684,0.00186871441892951,0.0293725382648074
"2020-05-24","US","USMS",2976149,0,0,0,0,0.0156958949724298,0.00199678379700519,0.0293950061478545
"2020-05-25","US","USMS",2976149,0,0,0,0,0.0157715262879837,0.00212593472865924,0.0294171178473081
"2020-05-26","US","USMS",2976149,0,0,0,0,0.0158475220361425,0.00225617122595399,0.029438872846331
"2020-05-27","US","USMS",2976149,0,0,0,0,0.0159238839729398,0.00238749718249963,0.0294602707633799
"2020-05-28","US","USMS",2976149,0,0,0,0,0.0160006138628706,0.00251991636621961,0.0294813113595215
"2020-05-29","US","USMS",2976149,0,0,0,0,0.0160777134789322,0.00265343241173561,0.0295019945461287
"2020-05-30","US","USMS",2976149,0,0,0,0,0.0161551846026652,0.00278804881235021,0.0295223203929801
"2020-05-31","US","USMS",2976149,0,0,0,0,0.0162330290241945,0.00292376891160397,0.0295422891367851
"2020-06-01","US","USMS",2976149,0,0,0,0,0.016311248542271,0.00306059589438233,0.0295619011901598
"2020-06-02","US","USMS",2976149,0,0,0,0,0.0163898449643129,0.00319853277754609,0.0295811571510797
"2020-06-03","US","USMS",2976149,0,0,0,0,0.0164688201064473,0.00333758240005747,0.0296000578128371
"2020-06-04","US","USMS",2976149,0,0,0,0,0.0165481757935526,0.00347774741257233,0.0296186041745328
"2020-06-05","US","USMS",2976149,0,0,0,0,0.0166279138593004,0.0036190302664666,0.0296367974521342
"2020-06-06","US","USMS",2976149,0,0,0,0,0.0167080361461979,0.00376143320226375,0.0296546390901321
"2020-06-07","US","USMS",2976149,0,0,0,0,0.0167885445056306,0.00390495823742722,0.029672130773834
"2020-06-08","US","USMS",2976149,0,0,0,0,0.0168694407979048,0.00404960715347994,0.0296892744423296
"2020-06-09","US","USMS",2976149,0,0,0,0,0.0169507268922909,0.00419538148241039,0.0297060723021713
"2020-06-10","US","USMS",2976149,0,0,0,0,0.0170324046670663,0.00434228249232208,0.0297225268418106
"2020-06-11","US","USMS",2976149,0,0,0,0,0.0171144760095592,0.0044903111722805,0.029738640846838
"2020-06-12","US","USMS",2976149,0,0,0,0,0.0171969428161919,0.00463946821630874,0.029754417416075
"2020-06-13","US","USMS",2976149,0,0,0,0,0.0172798069925244,0.0047897540064796,0.0297698599785693
"2020-06-14","US","USMS",2976149,0,0,NA,0,0.0173630704532991,0.00494116859504885,0.0297849723115494
"2020-06-15","US","USMS",2976149,0,0,NA,0,0.0174467351224845,0.0050937116855706,0.0297997585593984
"2020-06-16","US","USMS",2976149,0,0,NA,0,0.0175308029333198,0.00524738261293175,0.0298142232537078
"2020-06-17","US","USMS",2976149,0,0,NA,0,0.0176152758283596,0.00540218032223878,0.0298283713344804
"2020-06-18","US","USMS",2976149,0,0,NA,0,0.0177001557595188,0.00555810334648559,0.029842208172552
"2020-06-19","US","USMS",2976149,0,0,NA,0,0.0177854446881177,0.00571514978292625,0.0298557395933092
"2020-06-20","US","USMS",2976149,0,0,NA,0,0.0178711445849274,0.0058733172680723,0.0298689719017824
"2020-06-21","US","USMS",2976149,0,0,NA,0,0.0179572574302149,0.00603260295122834,0.0298819119092015
"2020-06-22","US","USMS",2976149,0,0,NA,0,0.0180437852137897,0.00619300346647467,0.0298945669611047
"2020-06-23","US","USMS",2976149,0,0,NA,0,0.0181307299350487,0.00635451490299965,0.0299069449670978
"2020-06-24","US","USMS",2976149,0,0,NA,0,0.0182180936030235,0.00651713277367865,0.0299190544323684
"2020-06-25","US","USMS",2976149,0,0,NA,0,0.0183058782364261,0.00668085198178952,0.0299309044910626
"2020-06-26","US","USMS",2976149,0,0,NA,0,0.0183940858636955,0.00684566678574821,0.0299425049416429
"2020-06-27","US","USMS",2976149,0,0,NA,0,0.0184827185230453,0.00701157076174081,0.0299538662843498
"2020-06-28","US","USMS",2976149,0,0,NA,0,0.01857177826251,0.0071785567641208,0.0299649997608991
"2020-06-29","US","USMS",2976149,0,0,NA,0,0.0186612671399926,0.00734661688343259,0.0299759173965525
"2020-06-30","US","USMS",2976149,0,0,NA,0,0.0187511872233123,0.00751574240191435,0.0299866320447102
"2020-07-01","US","USMS",2976149,0,0,NA,0,0.0188415405902523,0.00768592374632464,0.0299971574341799
"2020-07-02","US","USMS",2976149,0,0,NA,0,0.0189323293286074,0.00785715043792881,0.030007508219286
"2020-07-03","US","USMS",2976149,0,0,NA,0,0.0190235555362328,0.00802941103947229,0.0300177000329932
"2020-07-04","US","USMS",2976149,0,0,NA,0,0.019115221321092,0.00820269309895878,0.0300277495432253
"2020-07-05","US","USMS",2976149,0,0,NA,0,0.0192073288013062,0.00837698309004224,0.0300376745125702
"2020-07-06","US","USMS",2976149,0,0,NA,0,0.0192998801052025,0.00855226634883279,0.0300474938615722
"2020-07-07","US","USMS",2976149,0,0,NA,0,0.0193928773713636,0.00872852700690717,0.03005722773582
"2020-07-08","US","USMS",2976149,0,0,NA,0,0.019486322748677,0.00890574792030616,0.0300668975770478
"2020-07-09","US","USMS",2976149,0,0,NA,0,0.0195802183963847,0.00908391059429298,0.0300765261984764
"2020-07-10","US","USMS",2976149,0,0,NA,0,0.0196745664841332,0.00926299510363896,0.0300861378646274
"2020-07-11","US","USMS",2976149,0,0,NA,0,0.0197693691920234,0.00944298000819647,0.0300957583758503
"2020-07-12","US","USMS",2976149,0,0,NA,0,0.0198646287106611,0.00962384226351344,0.0301054151578087
"2020-07-13","US","USMS",2976149,0,0,NA,0,0.0199603472412077,0.00980555712624011,0.0301151373561754
"2020-07-14","US","USMS",2976149,0,0,NA,0,0.0200565269954311,0.00998809805407712,0.0301249559367851
"2020-07-15","US","USMS",2976149,0,0,NA,0,0.0201531701957564,0.0101714366000147,0.0301349037914981
"2020-07-16","US","USMS",2976149,0,0,NA,0,0.0202502790753177,0.0103555423006171,0.0301450158500183
"2020-07-17","US","USMS",2976149,0,0,NA,0,0.0203478558780097,0.0105403825581147,0.0301553291979047
"2020-07-18","US","USMS",2976149,0,0,NA,0,0.0204459028585391,0.0107259225160782,0.030165883201
"2020-07-19","US","USMS",2976149,0,0,NA,0,0.0205444222824772,0.01091212492847,0.0301767196364844
"2020-07-20","US","USMS",2976149,0.0625,0,NA,0,0.020643416426312,0.0110989500218908,0.0301878828307333
"2020-07-21","US","USMS",2976149,0.0625,0,NA,0,0.0207428962000813,0.0112863651965446,0.0301994272036179
"2020-07-22","US","USMS",2976149,0.0625,0,NA,0,0.0208428837176058,0.0114743814591479,0.0302113859760637
"2020-07-23","US","USMS",2976149,0.0625,0,NA,0,0.0209433983186601,0.0116630229865096,0.0302237736508106
"2020-07-24","US","USMS",2976149,0.0625,0,NA,0,0.0210444596789294,0.0118523177711675,0.0302366015866913
"2020-07-25","US","USMS",2976149,0.0625,0,NA,0,0.021146087814394,0.0120423000408385,0.0302498755879495
"2020-07-26","US","USMS",2976149,0.0625,0,NA,0,0.0212483030858975,0.0122330106744981,0.0302635954972969
"2020-07-27","US","USMS",2976149,0,0,NA,0,0.0213511262045647,0.0124244953252138,0.0302777570839157
"2020-07-28","US","USMS",2976149,0,0,NA,0,0.021454579380617,0.0126167989797211,0.0302923597815129
"2020-07-29","US","USMS",2976149,0,0,NA,0,0.021558688715792,0.012809960144607,0.030307417286977
"2020-07-30","US","USMS",2976149,0,0,NA,0,0.021663481438061,0.0130040164879672,0.0303229463881548
"2020-07-31","US","USMS",2976149,0,0,NA,0,0.0217689852514511,0.0131990098768516,0.0303389606260507
"2020-08-01","US","USMS",2976149,0,0,NA,0,0.0218752283436956,0.0133949888483986,0.0303554678389927
"2020-08-02","US","USMS",2976149,0,0,NA,0,0.0219822393942357,0.0135920087120508,0.0303724700764205
"2020-08-03","US","USMS",2976149,0,0,NA,0,0.0220900475658085,0.0137901288573286,0.0303899662742884
"2020-08-04","US","USMS",2976149,0,0,NA,0,0.0221986779676864,0.0139893889835032,0.0304079669518697
"2020-08-05","US","USMS",2976149,0,0,NA,0,0.0223081453712414,0.014189780786352,0.0304265099561308
"2020-08-06","US","USMS",2976149,0,0,NA,0,0.0224184632188296,0.0143912891201542,0.030445637317505
"2020-08-07","US","USMS",2976149,0,0,NA,0,0.022529645148034,0.0145939033199428,0.0304653869761251
"2020-08-08","US","USMS",2976149,0,0,NA,0,0.0226417049948526,0.0147976199507864,0.0304857900389188
"2020-08-09","US","USMS",2976149,0,0,NA,0,0.0227546567969556,0.0150024426886264,0.0305068709052849
"2020-08-10","US","USMS",2976149,0,0,NA,0,0.0228685147214259,0.0152083785719946,0.0305286508708573
"2020-08-11","US","USMS",2976149,0,0,NA,0,0.022983285725695,0.0154154023405105,0.0305511691108795
"2020-08-12","US","USMS",2976149,0,0,NA,0,0.0230989632240257,0.0156234288751917,0.0305744975728597
"2020-08-13","US","USMS",2976149,0,0,NA,0,0.0232155389623667,0.0158323665072953,0.0305987114174381
"2020-08-14","US","USMS",2976149,0,0,NA,0,0.0233330044391096,0.016042128935943,0.0306238799422761
"2020-08-15","US","USMS",2976149,0,0,NA,0,0.0234513508996502,0.0162526385667036,0.0306500632325968
"2020-08-16","US","USMS",2976149,0,0,NA,0,0.0235705693309665,0.0164638263516311,0.0306773123103018
"2020-08-17","US","USMS",2976149,0,0,NA,0,0.0236906503032333,0.0166756268278545,0.0307056737786121
"2020-08-18","US","USMS",2976149,0.0163934426229508,0,0,0,0.023811576620824,0.0168879364731023,0.0307352167685456
"2020-08-19","US","USMS",2976149,0.0163934426229508,0,0,0,0.023933319887048,0.017100595555513,0.030766044218583
"2020-08-20","US","USMS",2976149,0.0163934426229508,0,0,0,0.024055850213119,0.0173134406666826,0.0307982597595555
"2020-08-21","US","USMS",2976149,0.0163934426229508,0,0,0,0.0241791370222729,0.0175263162612962,0.0308319577832496
"2020-08-22","US","USMS",2976149,0.0163934426229508,0,0,0,0.0243031490385327,0.0177390789416143,0.0308672191354511
"2020-08-23","US","USMS",2976149,0.0163934426229508,0,0,0,0.0244278542758629,0.0179515975049089,0.0309041110468169
"2020-08-24","US","USMS",2976149,0.0163934426229508,0,0,0,0.024553219965316,0.0181637470620943,0.0309426928685378
"2020-08-25","US","USMS",2976149,0.0303030303030303,0,0,0,0.0246792108014048,0.0183753735402841,0.0309830480625254
"2020-08-26","US","USMS",2976149,0.0303030303030303,0,0,0,0.0248057886577159,0.0185862863137131,0.0310252910017186
"2020-08-27","US","USMS",2976149,0.0303030303030303,0,0,0,0.0249329144685101,0.0187962957273426,0.0310695332096775
"2020-08-28","US","USMS",2976149,0.0303030303030303,0,0,0,0.0250605483265866,0.0190052240934442,0.031115872559729
"2020-08-29","US","USMS",2976149,0.0303030303030303,0,0,0,0.0251886494744737,0.0192129109178283,0.031164388031119
"2020-08-30","US","USMS",2976149,0.0303030303030303,0,0,0,0.0253171762962706,0.0194192130679972,0.0312151395245441
"2020-08-31","US","USMS",2976149,0.0303030303030303,0,0,0,0.0254460864784649,0.0196239977152715,0.0312681752416583
"2020-09-01","US","USMS",2976149,0.028169014084507,0,0,0,0.0255753400090973,0.0198271084859655,0.0313235715322291
"2020-09-02","US","USMS",2976149,0.028169014084507,0,0,0,0.0257048988954936,0.0200283637091783,0.031381434081809
"2020-09-03","US","USMS",2976149,0.028169014084507,0,0,0,0.0258347244850208,0.0202275874528916,0.0314418615171501
"2020-09-04","US","USMS",2976149,0.028169014084507,0,0,0,0.0259647773641407,0.0204246209554885,0.0315049337727929
"2020-09-05","US","USMS",2976149,0.028169014084507,0,0,0,0.0260950173549563,0.0206193284077915,0.0315707063021211
"2020-09-06","US","USMS",2976149,0.028169014084507,0,0,0,0.0262254035123706,0.0208115968322578,0.0316392101924833
"2020-09-07","US","USMS",2976149,0.028169014084507,0,0,0,0.0263558943425711,0.0210013265619683,0.0317104621231739
"2020-09-08","US","USMS",2976149,0.0246913580246914,0,0,0,0.0264864504690388,0.0211883878840626,0.0317845130540151
"2020-09-09","US","USMS",2976149,0.0246913580246914,0,0,0,0.0266170338313686,0.0213726276045278,0.0318614400582093
"2020-09-10","US","USMS",2976149,0.0246913580246914,0,0,0,0.0267476057398779,0.0215539042205629,0.031941307259193
"2020-09-11","US","USMS",2976149,0.0246913580246914,0,0,0,0.0268781268349766,0.0217320998222944,0.0320241538476587
"2020-09-12","US","USMS",2976149,0.0246913580246914,0,0,0,0.027008557088073,0.0219071258242334,0.0321099883519126
"2020-09-13","US","USMS",2976149,0.0246913580246914,0,0,0,0.0271388558030591,0.0220789220367029,0.0321987895694153
"2020-09-14","US","USMS",2976149,0.0246913580246914,0,0,0,0.0272689818285628,0.0222474437768942,0.0322905198802314
"2020-09-15","US","USMS",2976149,0.0246913580246914,0,0,0,0.0273988953387796,0.0224126106874444,0.0323851799901148
"2020-09-16","US","USMS",2976149,0.0246913580246914,0,0,0,0.0275285569823773,0.0225743238744861,0.0324827900902686
"2020-09-17","US","USMS",2976149,0.0246913580246914,0,0,0,0.0276579268255975,0.0227325020493785,0.0325833516018164
"2020-09-18","US","USMS",2976149,0.0246913580246914,0,0,0,0.0277869643453743,0.0228870927939107,0.0326868358968379
"2020-09-19","US","USMS",2976149,0.0246913580246914,0,0,0,0.0279156284340453,0.0230380772806583,0.0327931795874323
"2020-09-20","US","USMS",2976149,0.0246913580246914,0,0,0,0.0280438774046347,0.0231854678933561,0.0329022869159133
"2020-09-21","US","USMS",2976149,0.0246913580246914,0,0,0,0.028171669412533,0.0233292918121909,0.0330140470128751
"2020-09-22","US","USMS",2976149,0.0246913580246914,0,0,0,0.0282989649666168,0.0234695385707847,0.0331283913624488
"2020-09-23","US","USMS",2976149,0.0266666666666667,0,0,0,0.028425725321497,0.0236061849312626,0.0332452657117314
"2020-09-24","US","USMS",2976149,0.0266666666666667,0,0,0,0.0285519112652346,0.023739226687521,0.0333645958429482
"2020-09-25","US","USMS",2976149,0.0266666666666667,0,0,0,0.0286774831220448,0.0238686882304526,0.0334862780136369
"2020-09-26","US","USMS",2976149,0.0266666666666667,0,0,0,0.0288024007600413,0.0239946256048679,0.0336101759152148
"2020-09-27","US","USMS",2976149,0.0266666666666667,0,0,0,0.0289266235994857,0.0241171226235342,0.0337361245754371
"2020-09-28","US","USMS",2976149,0.0266666666666667,0,0,0,0.0290501114523879,0.0242362717637664,0.0338639511410093
"2020-09-29","US","USMS",2976149,0.0266666666666667,0,0,0,0.0291728281045017,0.0243521257945938,0.0339935304144096
"2020-09-30","US","USMS",2976149,0.0266666666666667,0,0,0,0.0292947384531709,0.0244647267426594,0.0341247501636824
"2020-10-01","US","USMS",2976149,0.0266666666666667,0,0,0,0.0294158070964058,0.0245741315097131,0.0342574826830986
"2020-10-02","US","USMS",2976149,0.0266666666666667,0,0,0,0.0295359983408031,0.0246804196456239,0.0343915770359822
"2020-10-03","US","USMS",2976149,0.0266666666666667,0,0,0,0.0296552762106506,0.0247836951176673,0.0345268573036338
"2020-10-04","US","USMS",2976149,0.0266666666666667,0,0,0,0.0297736044573917,0.0248840818360259,0.0346631270787575
"2020-10-05","US","USMS",2976149,0.0266666666666667,0,0,0,0.0298909479539601,0.0249817037106637,0.0348001921972565
"2020-10-06","US","USMS",2976149,0.025,0,0,0,0.0300072769015987,0.0250766444755831,0.0349379093276143
"2020-10-07","US","USMS",2976149,0.025,0,0,0,0.0301225627610019,0.0251689771892149,0.0350761483327889
"2020-10-08","US","USMS",2976149,0.025,0,0,0,0.0302367768866261,0.025258783886363,0.0352147698868892
"2020-10-09","US","USMS",2976149,0.025,0,0,0,0.0303498905347746,0.0253461619911276,0.0353536190784215
"2020-10-10","US","USMS",2976149,0.025,0,0,0,0.0304618748718641,0.0254312255032251,0.035492524240503
"2020-10-11","US","USMS",2976149,0.025,0,0,0,0.0305727009872976,0.0255141008600133,0.0356313011145819
"2020-10-12","US","USMS",2976149,0.025,0,0,0,0.030682347558962,0.0255949113571059,0.0357697837608181
"2020-10-13","US","USMS",2976149,0.141176470588235,0,0,0,0.0307908167709537,0.0256737525381151,0.0359078810037922
"2020-10-14","US","USMS",2976149,0.141176470588235,0,0,0,0.0308981156596479,0.0257507080410835,0.0360455232782122
"2020-10-15","US","USMS",2976149,0.141176470588235,0,0,0,0.0310042516967984,0.0258258619820803,0.0361826414115165
"2020-10-16","US","USMS",2976149,0.141176470588235,0,0,0,0.0311092327845041,0.025899304359129,0.0363191612098791
"2020-10-17","US","USMS",2976149,0.141176470588235,0,0,0,0.0312130672501062,0.0259711321272038,0.0364550023730085
"2020-10-18","US","USMS",2976149,0.141176470588235,0,0,0,0.0313157638768387,0.0260414459058352,0.0365900818478423
"2020-10-19","US","USMS",2976149,0.141176470588235,0,0,0,0.0314173415870987,0.02611033928349,0.0367243438907074
"2020-10-20","US","USMS",2976149,0.0235294117647059,0,0,0,0.0315178427449209,0.0261778857905206,0.0368577996993213
"2020-10-21","US","USMS",2976149,0.0235294117647059,0,0,0,0.0316173138241648,0.0262441474288468,0.0369904802194829
"2020-10-22","US","USMS",2976149,0.0235294117647059,0,0,0,0.0317158021384052,0.0263091830557825,0.037122421221028
"2020-10-23","US","USMS",2976149,0.0235294117647059,0,0,0,0.0318133558243927,0.0263730526138655,0.0372536590349198
"2020-10-24","US","USMS",2976149,0.0235294117647059,0,0,0,0.0319100238261839,0.0264358177974554,0.0373842298549124
"2020-10-25","US","USMS",2976149,0.0235294117647059,0,0,0,0.0320058558398157,0.0264975390949709,0.0375141725846604
"2020-10-26","US","USMS",2976149,0.0235294117647059,0,0,0,0.032100898406578,0.0265582639413342,0.0376435328718218
"2020-10-27","US","USMS",2976149,0.0235294117647059,0,0,0,0.0321951915877318,0.0266180185519703,0.0377723646234932
"2020-10-28","US","USMS",2976149,0.0235294117647059,0,0,0,0.0322887752979234,0.026676822809801,0.0379007277860457
"2020-10-29","US","USMS",2976149,0.0235294117647059,0,0,0,0.032381690054621,0.0267346972891459,0.0380286828200961
"2020-10-30","US","USMS",2976149,0.0235294117647059,0,0,0,0.0324739769688536,0.0267916661942174,0.0381562877434898
"2020-10-31","US","USMS",2976149,0.0235294117647059,0,0,0,0.0325656777364461,0.0268477572653365,0.0382835982075557
"2020-11-01","US","USMS",2976149,0.0235294117647059,0,0,0,0.032656834515332,0.0269029985102792,0.0384106705203848
"2020-11-02","US","USMS",2976149,0.0235294117647059,0,0,0,0.0327474844385828,0.0269574053447422,0.0385375635324233
"2020-11-03","US","USMS",2976149,0.0235294117647059,0,0,0,0.0328376571191843,0.0270109755990577,0.0386643386393109
"2020-11-04","US","USMS",2976149,0.0235294117647059,0,0,0,0.0329273819569778,0.0270637046509852,0.0387910592629704
"2020-11-05","US","USMS",2976149,0.0235294117647059,0,0,0,0.0330166887458652,0.0271155909895918,0.0389177865021386
"2020-11-06","US","USMS",2976149,0.0235294117647059,0,0,0,0.0331056076696834,0.027166638293767,0.0390445770455997
"2020-11-07","US","USMS",2976149,0.0235294117647059,0,0,0,0.0331941692983445,0.0272168548311104,0.0391714837655787
"2020-11-08","US","USMS",2976149,0.0235294117647059,0,0,0,0.0332824044287294,0.0272662498957791,0.0392985589616798
"2020-11-09","US","USMS",2976149,0.0235294117647059,0,0,0,0.0333703397494007,0.0273148203169041,0.0394258591818973
"2020-11-10","US","USMS",2976149,0.0235294117647059,0,0,0,0.0334579972120912,0.0273625485509515,0.0395534458732309
"2020-11-11","US","USMS",2976149,0.0235294117647059,0,0,0,0.0335453987697514,0.0274094168855214,0.0396813806539813
"2020-11-12","US","USMS",2976149,0.0285714285714286,0,0,0,0.0336325666427657,0.0274554119065002,0.0398097213790311
"2020-11-13","US","USMS",2976149,0.0285714285714286,0,0,0,0.0337195233172833,0.0275005259955723,0.0399385206389943
"2020-11-14","US","USMS",2976149,0.0285714285714286,0,0,0,0.0338062915436961,0.0275447563883421,0.04006782669905
"2020-11-15","US","USMS",2976149,0.0285714285714286,0,0,0,0.0338928941667343,0.027588101313499,0.0401976870199695
"2020-11-16","US","USMS",2976149,0.0285714285714286,0,0,0,0.0339793511238157,0.0276305462091252,0.0403281560385063
"2020-11-17","US","USMS",2976149,0.0285714285714286,0,0,0,0.0340656797590032,0.0276720648145506,0.0404592947034558
"2020-11-18","US","USMS",2976149,0.0285714285714286,0,0,0,0.0341518975154151,0.0277126320825195,0.0405911629483107
"2020-11-19","US","USMS",2976149,0.0285714285714286,0,0,0,0.0342380220318992,0.027752227833603,0.0407238162301954
"2020-11-20","US","USMS",2976149,0.0285714285714286,0,0,0,0.0343240711425139,0.0277908378215724,0.0408573044634554
"2020-11-21","US","USMS",2976149,0.0285714285714286,0,0,0,0.0344100628761017,0.027828452531388,0.0409916732208155
"2020-11-22","US","USMS",2976149,0.0285714285714286,0,0,0,0.0344960152564607,0.0278650629724131,0.0411269675405083
"2020-11-23","US","USMS",2976149,0.0285714285714286,0,0,0,0.0345819438991275,0.0279006469775958,0.0412632408206592
"2020-11-24","US","USMS",2976149,0.0285714285714286,0,0,0,0.0346678627627682,0.0279351731147138,0.0414005524108225
"2020-11-25","US","USMS",2976149,0.0285714285714286,0,0,0,0.0347537859166584,0.0279686121615422,0.0415389596717746
"2020-11-26","US","USMS",2976149,0.0285714285714286,0,0,0,0.0348397275778229,0.0280009401461145,0.0416785150095313
"2020-11-27","US","USMS",2976149,0.0285714285714286,0,0,0,0.0349257021111014,0.028032139062524,0.0418192651596788
"2020-11-28","US","USMS",2976149,0.0285714285714286,0,0,0,0.0350117240292734,0.0280621954479393,0.0419612526106075
"2020-11-29","US","USMS",2976149,0.0285714285714286,0,0,0,0.0350978077214567,0.0280910957878999,0.0421045196550135
"2020-11-30","US","USMS",2976149,0.0285714285714286,0,0,0,0.0351839651623702,0.0281188134457972,0.0422491168789431
"2020-12-01","US","USMS",2976149,0.0285714285714286,0,0,0,0.0352702070414857,0.0281453149624855,0.042395099120486
"2020-12-02","US","USMS",2976149,0.0285714285714286,0,0,0,0.0353565441412535,0.0281705699494184,0.0425425183330886
"2020-12-03","US","USMS",2976149,0.0285714285714286,0,0,0,0.0354429873516844,0.0281945536519598,0.0426914210514091
"2020-12-04","US","USMS",2976149,0.0285714285714286,0,0,0,0.0355295476706686,0.0282172473661316,0.0428418479752055
"2020-12-05","US","USMS",2976149,0.0285714285714286,0,0,0,0.0356162362043275,0.0282386368180119,0.0429938355906431
"2020-12-06","US","USMS",2976149,0.0285714285714286,0,0,0,0.035703063781463,0.0282587071860065,0.0431474203769195
"2020-12-07","US","USMS",2976149,0.0285714285714286,0,0,0,0.0357900386380906,0.0282774313092575,0.0433026459669236
"2020-12-08","US","USMS",2976149,0.0285714285714286,0,0,0,0.0358771679379135,0.0282947776601833,0.0434595582156437
"2020-12-09","US","USMS",2976149,0.0285714285714286,0,0,0,0.0359644589089511,0.0283107185870434,0.0436181992308588
"2020-12-10","US","USMS",2976149,0.0285714285714286,0,0,0,0.0360519188480758,0.0283252324938825,0.043778605202269
"2020-12-11","US","USMS",2976149,0.0285714285714286,0,0,0,0.036139555121339,0.0283383039924389,0.0439408062502391
"2020-12-12","US","USMS",2976149,0.0285714285714286,0,0,0,0.0362273751643128,0.0283499221035015,0.0441048282251241
"2020-12-13","US","USMS",2976149,0.0285714285714286,0,0,0,0.0363153859369865,0.0283600749582566,0.0442706969157164
"2020-12-14","US","USMS",2976149,0.0285714285714286,0,0,0,0.0364035915876642,0.0283687398249179,0.0444384433504105
"2020-12-15","US","USMS",2976149,0.0285714285714286,0,0,0,0.0364919953570658,0.0283758919099022,0.0446080988042294
"2020-12-16","US","USMS",2976149,0.0285714285714286,0,0,0,0.0365806005137512,0.028381511045849,0.0447796899816534
"2020-12-17","US","USMS",2976149,0.0285714285714286,0,0,0,0.036669410354823,0.0283855835483516,0.0449532371612944
"2020-12-18","US","USMS",2976149,0.0285714285714286,0,0,0,0.0367584282060865,0.0283881021311954,0.0451287542809776
"2020-12-19","US","USMS",2976149,0.0285714285714286,0,0,0,0.0368476574222133,0.0283890639530597,0.045306250891367
