"Date","CountryName","RegionName","cases","PredictedDailyNewCases","PredictedDailyNewDeaths","avgcases7days_delta","avgdeaths7days_delta","isSpecialty","X","date","estimate","PredictedDailyNewHospital","PredictedDailyNewICU"
2020-01-01,"Germany","",0,0,0,0,0,1,NA,NA,0,0,0
2020-01-02,"Germany","",0,0,0,NA,NA,1,NA,NA,0,0,0
2020-01-03,"Germany","",0,0,0,NA,NA,1,NA,NA,0,0,0
2020-01-04,"Germany","",0,0,0,NA,NA,1,NA,NA,0,0,0
2020-01-05,"Germany","",0,0,0,NA,NA,1,NA,NA,0,0,0
2020-01-06,"Germany","",0,0,0,NA,NA,1,NA,NA,0,0,0
2020-01-07,"Germany","",0,0,0,NA,NA,1,NA,NA,0,0,0
2020-01-08,"Germany","",0,0,0,NA,NA,1,NA,NA,0,0,0
2020-01-09,"Germany","",0,0,0,NA,NA,1,NA,NA,0,0,0
2020-01-10,"Germany","",0,0,0,NA,NA,1,NA,NA,0,0,0
2020-01-11,"Germany","",0,0,0,NA,NA,1,NA,NA,0,0,0
2020-01-12,"Germany","",0,0,0,NA,NA,1,NA,NA,0,0,0
2020-01-13,"Germany","",0,0,0,NA,NA,1,NA,NA,0,0,0
2020-01-14,"Germany","",0,0,0,NA,NA,1,NA,NA,0,0,0
2020-01-15,"Germany","",0,0,0,NA,NA,1,NA,NA,0,0,0
2020-01-16,"Germany","",0,0,0,NA,NA,1,NA,NA,0,0,0
2020-01-17,"Germany","",0,0,0,NA,NA,1,NA,NA,0,0,0
2020-01-18,"Germany","",0,0,0,NA,NA,1,NA,NA,0,0,0
2020-01-19,"Germany","",0,0,0,NA,NA,1,NA,NA,0,0,0
2020-01-20,"Germany","",0,0,0,NA,NA,1,NA,NA,0,0,0
2020-01-21,"Germany","",0,0,0,NA,NA,1,NA,NA,0,0,0
2020-01-22,"Germany","",0,0,0,NA,NA,1,NA,NA,0,0,0
2020-01-23,"Germany","",0,0,0,NA,NA,1,NA,NA,0,0,0
2020-01-24,"Germany","",0,0,0,NA,NA,1,NA,NA,0,0,0
2020-01-25,"Germany","",0,0,0,NA,NA,1,NA,NA,0,0,0
2020-01-26,"Germany","",0,0,0,NA,NA,1,NA,NA,0,0,0
2020-01-27,"Germany","",1,0.142857142857143,0,NA,NA,1,NA,NA,1,0,0
2020-01-28,"Germany","",3,0.571428571428571,0,NA,NA,1,NA,NA,3,0,0
2020-01-29,"Germany","",0,0.571428571428571,0,NA,NA,1,NA,NA,0,0,0
2020-01-30,"Germany","",0,0.571428571428571,0,0,0,1,NA,NA,0,0,0
2020-01-31,"Germany","",1,0.714285714285714,0,0.142857142857143,0,1,NA,NA,1,0,0
2020-02-01,"Germany","",3,1.14285714285714,0,0.428571428571428,0,1,NA,NA,3,0,0
2020-02-02,"Germany","",2,1.42857142857143,0,0.285714285714286,0,1,NA,NA,2,0.0357142857142857,0.0107142857142857
2020-02-03,"Germany","",2,1.57142857142857,0,0.142857142857143,0,1,NA,NA,2,0.142857142857143,0.0428571428571429
2020-02-04,"Germany","",0,1.14285714285714,0,-0.428571428571429,0,1,NA,NA,0,0.142857142857143,0.0428571428571429
2020-02-05,"Germany","",0,1.14285714285714,0,0,0,1,NA,NA,0,0.142857142857143,0.0428571428571429
2020-02-06,"Germany","",0,1.14285714285714,0,0,0,1,NA,NA,0,0.178571428571429,0.0535714285714286
2020-02-07,"Germany","",1,1.14285714285714,0,0,0,1,NA,NA,1,0.285714285714286,0.0857142857142857
2020-02-08,"Germany","",0,0.714285714285714,0,-0.428571428571428,0,1,NA,NA,0,0.357142857142857,0.107142857142857
2020-02-09,"Germany","",1,0.571428571428571,0,-0.142857142857143,0,1,NA,NA,1,0.392857142857143,0.117857142857143
2020-02-10,"Germany","",0,0.285714285714286,0,-0.285714285714286,0,1,NA,NA,0,0.285714285714286,0.0857142857142857
2020-02-11,"Germany","",2,0.571428571428571,0,0.285714285714286,0,1,NA,NA,2,0.285714285714286,0.0857142857142857
2020-02-12,"Germany","",0,0.571428571428571,0,0,0,1,NA,NA,0,0.285714285714286,0.0857142857142857
2020-02-13,"Germany","",0,0.571428571428571,0,0,0,1,NA,NA,0,0.285714285714286,0.0857142857142857
2020-02-14,"Germany","",0,0.428571428571429,0,-0.142857142857143,0,1,NA,NA,0,0.178571428571429,0.0535714285714286
2020-02-15,"Germany","",0,0.428571428571429,0,0,0,1,NA,NA,0,0.142857142857143,0.0428571428571429
2020-02-16,"Germany","",0,0.285714285714286,0,-0.142857142857143,0,1,NA,NA,0,0.0714285714285714,0.0214285714285714
2020-02-17,"Germany","",0,0.285714285714286,0,0,0,1,NA,NA,0,0.142857142857143,0.0428571428571429
2020-02-18,"Germany","",0,0,0,-0.285714285714286,0,1,NA,NA,0,0.142857142857143,0.0428571428571429
2020-02-19,"Germany","",0,0,0,0,0,1,NA,NA,0,0.142857142857143,0.0428571428571429
2020-02-20,"Germany","",0,0,0,0,0,1,NA,NA,0,0.107142857142857,0.0321428571428571
2020-02-21,"Germany","",0,0,0,0,0,1,NA,NA,0,0.107142857142857,0.0321428571428571
2020-02-22,"Germany","",0,0,0,0,0,1,NA,NA,0,0.0714285714285714,0.0214285714285714
2020-02-23,"Germany","",0,0,0,0,0,1,NA,NA,0,0.0714285714285714,0.0214285714285714
2020-02-24,"Germany","",0,0,0,0,0,1,NA,NA,0,0,0
2020-02-25,"Germany","",1,0.142857142857143,0,0.142857142857143,0,1,NA,NA,1,0,0
2020-02-26,"Germany","",10,1.57142857142857,0,1.42857142857143,0,1,NA,NA,10,0,0
2020-02-27,"Germany","",19,4.28571428571429,0,2.71428571428571,0,1,NA,NA,19,0,0
2020-02-28,"Germany","",2,4.57142857142857,0,0.285714285714286,0,1,NA,NA,2,0,0
2020-02-29,"Germany","",31,9,0,4.42857142857143,0,1,NA,NA,31,0,0
2020-03-01,"Germany","",51,16.2857142857143,0,7.28571428571428,0,1,NA,NA,51,0,0
2020-03-02,"Germany","",29,20.4285714285714,0,4.14285714285714,0,1,NA,NA,29,0.0357142857142857,0.0107142857142857
2020-03-03,"Germany","",37,25.5714285714286,0,5.14285714285715,0,1,NA,NA,37,0.392857142857143,0.117857142857143
2020-03-04,"Germany","",66,33.5714285714286,0,8,0,1,NA,NA,66,1.07142857142857,0.321428571428571
2020-03-05,"Germany","",220,62.2857142857143,0,28.7142857142857,0,1,NA,NA,220,1.14285714285714,0.342857142857143
2020-03-06,"Germany","",188,88.8571428571429,0,26.5714285714286,0,1,NA,NA,188,2.25,0.675
2020-03-07,"Germany","",129,102.857142857143,0,14,0,1,NA,NA,129,4.07142857142857,1.22142857142857
2020-03-08,"Germany","",241,130,0,27.1428571428571,0,1,NA,NA,241,5.10714285714286,1.53214285714286
2020-03-09,"Germany","",136,145.285714285714,0.285714285714286,15.2857142857143,0.285714285714286,1,NA,NA,136,6.39285714285714,1.91785714285714
2020-03-10,"Germany","",281,180.142857142857,0.285714285714286,34.8571428571429,0,1,NA,NA,281,8.39285714285714,2.51785714285714
2020-03-11,"Germany","",451,235.142857142857,0.428571428571429,55,0.142857142857143,1,NA,NA,451,15.5714285714286,4.67142857142857
2020-03-12,"Germany","",170,228,0.428571428571429,-7.14285714285714,0,1,NA,NA,170,22.2142857142857,6.66428571428571
2020-03-13,"Germany","",1597,429.285714285714,1,201.285714285714,0.571428571428571,1,NA,NA,1597,25.7142857142857,7.71428571428571
2020-03-14,"Germany","",910,540.857142857143,1.28571428571429,111.571428571429,0.285714285714286,1,NA,NA,910,32.5,9.75
2020-03-15,"Germany","",1210,679.285714285714,1.57142857142857,138.428571428571,0.285714285714286,1,NA,NA,1210,36.3214285714286,10.8964285714286
2020-03-16,"Germany","",1477,870.857142857143,2.14285714285714,191.571428571429,0.571428571428571,1,NA,NA,1477,45.0357142857143,13.5107142857143
2020-03-17,"Germany","",1985,1114.28571428571,3.14285714285714,243.428571428571,1,1,NA,NA,1985,58.7857142857143,17.6357142857143
2020-03-18,"Germany","",3070,1488.42857142857,3.57142857142857,374.142857142857,0.428571428571429,1,NA,NA,3070,57,17.1
2020-03-19,"Germany","",2993,1891.71428571429,5.85714285714286,403.285714285714,2.28571428571429,1,NA,NA,2993,107.321428571429,32.1964285714286
2020-03-20,"Germany","",4528,2310.42857142857,8.57142857142857,418.714285714286,2.71428571428571,1,NA,NA,4528,135.214285714286,40.5642857142857
2020-03-21,"Germany","",2365,2518.28571428571,10.7142857142857,207.857142857143,2.14285714285714,1,NA,NA,2365,169.821428571429,50.9464285714286
2020-03-22,"Germany","",2660,2725.42857142857,11.8571428571429,207.142857142857,1.14285714285714,1,NA,NA,2660,217.714285714286,65.3142857142857
2020-03-23,"Germany","",4183,3112,15.1428571428571,386.571428571428,3.28571428571428,1,NA,NA,4183,278.571428571429,83.5714285714286
2020-03-24,"Germany","",3930,3389.85714285714,19,277.857142857143,3.85714285714286,1,NA,NA,3930,372.107142857143,111.632142857143
2020-03-25,"Germany","",4337,3570.85714285714,25.4285714285714,181,6.42857142857143,1,NA,NA,4337,472.928571428571,141.878571428571
2020-03-26,"Germany","",6615,4088.28571428571,31.8571428571429,517.428571428572,6.42857142857143,1,NA,NA,6615,577.607142857143,173.282142857143
2020-03-27,"Germany","",6933,4431.85714285714,39.2857142857143,343.571428571429,7.42857142857143,1,NA,NA,6933,629.571428571429,188.871428571429
2020-03-28,"Germany","",6824,5068.85714285714,49.8571428571429,637,10.5714285714286,1,NA,NA,6824,681.357142857143,204.407142857143
2020-03-29,"Germany","",4400,5317.42857142857,62.7142857142857,248.571428571428,12.8571428571429,1,NA,NA,4400,778,233.4
2020-03-30,"Germany","",4790,5404.14285714286,74.5714285714286,86.7142857142853,11.8571428571429,1,NA,NA,4790,847.464285714286,254.239285714286
2020-03-31,"Germany","",4923,5546,88.2857142857143,141.857142857143,13.7142857142857,1,NA,NA,4923,892.714285714286,267.814285714286
2020-04-01,"Germany","",6064,5792.71428571429,102,246.714285714285,13.7142857142857,1,NA,NA,6064,1022.07142857143,306.621428571429
2020-04-02,"Germany","",6922,5836.57142857143,120,43.8571428571431,18,1,NA,NA,6922,1107.96428571429,332.389285714286
2020-04-03,"Germany","",6365,5755.42857142857,133.285714285714,-81.1428571428569,13.2857142857143,1,NA,NA,6365,1267.21428571429,380.164285714286
2020-04-04,"Germany","",4933,5485.28571428571,144.428571428571,-270.142857142857,11.1428571428571,1,NA,NA,4933,1329.35714285714,398.807142857143
2020-04-05,"Germany","",4031,5432.57142857143,150.142857142857,-52.7142857142862,5.71428571428572,1,NA,NA,4031,1351.03571428571,405.310714285714
2020-04-06,"Germany","",3251,5212.71428571429,166.428571428571,-219.857142857143,16.2857142857143,1,NA,NA,3251,1386.5,415.95
2020-04-07,"Germany","",4289,5122.14285714286,177.285714285714,-90.5714285714284,10.8571428571429,1,NA,NA,4289,1448.17857142857,434.453571428571
2020-04-08,"Germany","",5633,5060.57142857143,204.142857142857,-61.5714285714284,26.8571428571429,1,NA,NA,5633,1459.14285714286,437.742857142857
2020-04-09,"Germany","",4885,4769.57142857143,214.285714285714,-291,10.1428571428571,1,NA,NA,4885,1438.85714285714,431.657142857143
2020-04-10,"Germany","",3990,4430.28571428571,213.142857142857,-339.285714285714,-1.14285714285714,1,NA,NA,3990,1371.32142857143,411.396428571429
2020-04-11,"Germany","",2737,4116.57142857143,189,-313.714285714286,-24.1428571428571,1,NA,NA,2737,1358.14285714286,407.442857142857
2020-04-12,"Germany","",2946,3961.57142857143,209.857142857143,-155,20.8571428571429,1,NA,NA,2946,1303.17857142857,390.953571428571
2020-04-13,"Germany","",2218,3814,202.142857142857,-147.571428571428,-7.71428571428572,1,NA,NA,2218,1280.53571428571,384.160714285714
2020-04-14,"Germany","",1287,3385.14285714286,187,-428.857142857143,-15.1428571428571,1,NA,NA,1287,1265.14285714286,379.542857142857
2020-04-15,"Germany","",3394,3065.28571428571,212.285714285714,-319.857142857143,25.2857142857143,1,NA,NA,3394,1192.39285714286,357.717857142857
2020-04-16,"Germany","",2945,2788.14285714286,210.857142857143,-277.142857142857,-1.42857142857142,1,NA,NA,2945,1107.57142857143,332.271428571429
2020-04-17,"Germany","",3699,2746.57142857143,230.857142857143,-41.5714285714289,20,1,NA,NA,3699,1029.14285714286,308.742857142857
2020-04-18,"Germany","",1945,2633.42857142857,246.142857142857,-113.142857142857,15.2857142857143,1,NA,NA,1945,990.392857142857,297.117857142857
2020-04-19,"Germany","",1842,2475.71428571429,223.428571428571,-157.714285714286,-22.7142857142857,1,NA,NA,1842,953.5,286.05
2020-04-20,"Germany","",1881,2427.57142857143,238.285714285714,-48.1428571428573,14.8571428571429,1,NA,NA,1881,846.285714285714,253.885714285714
2020-04-21,"Germany","",1226,2418.85714285714,248.428571428571,-8.71428571428578,10.1428571428571,1,NA,NA,1226,766.321428571429,229.896428571429
2020-04-22,"Germany","",2357,2270.71428571429,210.714285714286,-148.142857142857,-37.7142857142857,1,NA,NA,2357,697.035714285714,209.110714285714
2020-04-23,"Germany","",2481,2204.42857142857,217.571428571429,-66.2857142857142,6.85714285714286,1,NA,NA,2481,686.642857142857,205.992857142857
2020-04-24,"Germany","",1870,1943.14285714286,201.142857142857,-261.285714285714,-16.4285714285714,1,NA,NA,1870,658.357142857143,197.507142857143
2020-04-25,"Germany","",1514,1881.57142857143,202.571428571429,-61.5714285714284,1.42857142857144,1,NA,NA,1514,618.928571428571,185.678571428571
2020-04-26,"Germany","",1257,1798,198.571428571429,-83.5714285714287,-4,1,NA,NA,1257,606.892857142857,182.067857142857
2020-04-27,"Germany","",988,1670.42857142857,180.571428571429,-127.571428571429,-18,1,NA,NA,988,604.714285714286,181.414285714286
2020-04-28,"Germany","",1154,1660.14285714286,183,-10.2857142857142,2.42857142857142,1,NA,NA,1154,567.678571428571,170.303571428571
2020-04-29,"Germany","",1627,1555.85714285714,169.714285714286,-104.285714285714,-13.2857142857143,1,NA,NA,1627,551.107142857143,165.332142857143
2020-04-30,"Germany","",1470,1411.42857142857,149.714285714286,-144.428571428572,-20,1,NA,NA,1470,485.785714285714,145.735714285714
2020-05-01,"Germany","",1068,1296.85714285714,139.428571428571,-114.571428571428,-10.2857142857143,1,NA,NA,1068,470.392857142857,141.117857142857
2020-05-02,"Germany","",890,1207.71428571429,133.571428571429,-89.1428571428571,-5.85714285714283,1,NA,NA,890,449.5,134.85
2020-05-03,"Germany","",697,1127.71428571429,127.142857142857,-80,-6.42857142857144,1,NA,NA,697,417.607142857143,125.282142857143
2020-05-04,"Germany","",488,1056.28571428571,123.857142857143,-71.4285714285716,-3.28571428571428,1,NA,NA,488,415.035714285714,124.510714285714
2020-05-05,"Germany","",855,1013.57142857143,97,-42.7142857142857,-26.8571428571429,1,NA,NA,855,388.964285714286,116.689285714286
2020-05-06,"Germany","",1155,946.142857142857,115.428571428571,-67.4285714285714,18.4285714285714,1,NA,NA,1155,352.857142857143,105.857142857143
2020-05-07,"Germany","",1268,917.285714285714,109.857142857143,-28.8571428571428,-5.57142857142857,1,NA,NA,1268,324.214285714286,97.2642857142857
2020-05-08,"Germany","",1158,930.142857142857,110.571428571429,12.8571428571428,0.714285714285708,1,NA,NA,1158,301.928571428571,90.5785714285714
2020-05-09,"Germany","",736,908.142857142857,105.285714285714,-22,-5.28571428571428,1,NA,NA,736,281.928571428571,84.5785714285714
2020-05-10,"Germany","",555,887.857142857143,100.428571428571,-20.2857142857142,-4.85714285714286,1,NA,NA,555,264.071428571429,79.2214285714286
2020-05-11,"Germany","",697,917.714285714286,95.4285714285714,29.8571428571428,-5,1,NA,NA,697,253.392857142857,76.0178571428571
2020-05-12,"Germany","",595,880.571428571429,106.428571428571,-37.1428571428571,11,1,NA,NA,595,236.535714285714,70.9607142857143
2020-05-13,"Germany","",927,848,83.7142857142857,-32.5714285714286,-22.7142857142857,1,NA,NA,927,229.321428571429,68.7964285714286
2020-05-14,"Germany","",380,721.142857142857,70.2857142857143,-126.857142857143,-13.4285714285714,1,NA,NA,380,232.535714285714,69.7607142857143
2020-05-15,"Germany","",755,663.571428571429,55.2857142857143,-57.5714285714286,-15,1,NA,NA,755,227.035714285714,68.1107142857143
2020-05-16,"Germany","",519,632.571428571429,55.5714285714286,-31,0.285714285714285,1,NA,NA,519,221.964285714286,66.5892857142857
2020-05-17,"Germany","",617,641.428571428571,56.1428571428571,8.85714285714289,0.571428571428577,1,NA,NA,617,229.428571428571,68.8285714285714
2020-05-18,"Germany","",182,567.857142857143,48.8571428571429,-73.5714285714286,-7.28571428571429,1,NA,NA,182,220.142857142857,66.0428571428571
2020-05-19,"Germany","",1227,658.142857142857,49,90.2857142857142,0.142857142857146,1,NA,NA,1227,212,63.6
2020-05-20,"Germany","",695,625,40.4285714285714,-33.1428571428571,-8.57142857142857,1,NA,NA,695,180.285714285714,54.0857142857143
2020-05-21,"Germany","",548,649,45.5714285714286,24,5.14285714285714,1,NA,NA,548,165.892857142857,49.7678571428571
2020-05-22,"Germany","",689,639.571428571429,47.2857142857143,-9.42857142857144,1.71428571428572,1,NA,NA,689,158.142857142857,47.4428571428571
2020-05-23,"Germany","",276,604.857142857143,46.1428571428571,-34.7142857142857,-1.14285714285714,1,NA,NA,276,160.357142857143,48.1071428571429
2020-05-24,"Germany","",342,565.571428571429,45.8571428571429,-39.2857142857143,-0.285714285714292,1,NA,NA,342,141.964285714286,42.5892857142857
2020-05-25,"Germany","",272,578.428571428571,43.7142857142857,12.8571428571429,-2.14285714285714,1,NA,NA,272,164.535714285714,49.3607142857143
2020-05-26,"Germany","",600,488.857142857143,41.5714285714286,-89.5714285714286,-2.14285714285715,1,NA,NA,600,156.25,46.875
2020-05-27,"Germany","",324,435.857142857143,40.5714285714286,-53,-1,1,NA,NA,324,162.25,48.675
2020-05-28,"Germany","",672,453.571428571429,38.1428571428571,17.7142857142857,-2.42857142857142,1,NA,NA,672,159.892857142857,47.9678571428571
2020-05-29,"Germany","",726,458.857142857143,39.4285714285714,5.28571428571428,1.28571428571428,1,NA,NA,726,151.214285714286,45.3642857142857
2020-05-30,"Germany","",267,457.571428571429,38.4285714285714,-1.28571428571428,-1,1,NA,NA,267,141.392857142857,42.4178571428571
2020-05-31,"Germany","",221,440.285714285714,36.7142857142857,-17.2857142857143,-1.71428571428572,1,NA,NA,221,144.607142857143,43.3821428571429
2020-06-01,"Germany","",184,427.714285714286,35.1428571428571,-12.5714285714286,-1.57142857142857,1,NA,NA,184,122.214285714286,36.6642857142857
2020-06-02,"Germany","",285,382.714285714286,27.2857142857143,-45,-7.85714285714286,1,NA,NA,285,108.964285714286,32.6892857142857
2020-06-03,"Germany","",242,371,24.8571428571429,-11.7142857142857,-2.42857142857143,1,NA,NA,242,113.392857142857,34.0178571428571
2020-06-04,"Germany","",351,325.142857142857,23.5714285714286,-45.8571428571428,-1.28571428571428,1,NA,NA,351,114.714285714286,34.4142857142857
2020-06-05,"Germany","",452,286,22,-39.1428571428572,-1.57142857142857,1,NA,NA,452,114.392857142857,34.3178571428571
2020-06-06,"Germany","",526,323,20.4285714285714,37,-1.57142857142857,1,NA,NA,526,110.071428571429,33.0214285714286
2020-06-07,"Germany","",300,334.285714285714,20.7142857142857,11.2857142857143,0.285714285714288,1,NA,NA,300,106.928571428571,32.0785714285714
2020-06-08,"Germany","",359,359.285714285714,20,25,-0.714285714285715,1,NA,NA,359,95.6785714285714,28.7035714285714
2020-06-09,"Germany","",397,375.285714285714,24.7142857142857,16,4.71428571428572,1,NA,NA,397,92.75,27.825
2020-06-10,"Germany","",16,343,21.4285714285714,-32.2857142857143,-3.28571428571429,1,NA,NA,16,81.2857142857143,24.3857142857143
2020-06-11,"Germany","",169,317,19.5714285714286,-26,-1.85714285714285,1,NA,NA,169,71.5,21.45
2020-06-12,"Germany","",535,328.857142857143,17.8571428571429,11.8571428571428,-1.71428571428572,1,NA,NA,535,80.75,24.225
2020-06-13,"Germany","",41,259.571428571429,17.1428571428571,-69.2857142857143,-0.714285714285715,1,NA,NA,41,83.5714285714286,25.0714285714286
2020-06-14,"Germany","",251,252.571428571429,16.5714285714286,-6.99999999999997,-0.571428571428569,1,NA,NA,251,89.8214285714286,26.9464285714286
2020-06-15,"Germany","",164,224.714285714286,16,-27.8571428571429,-0.571428571428573,1,NA,NA,164,93.8214285714286,28.1464285714286
2020-06-16,"Germany","",570,249.428571428571,12,24.7142857142857,-4,1,NA,NA,570,85.75,25.725
2020-06-17,"Germany","",352,297.428571428571,14.1428571428571,48,2.14285714285714,1,NA,NA,352,79.25,23.775
2020-06-18,"Germany","",1213,446.571428571429,14.7142857142857,149.142857142857,0.571428571428571,1,NA,NA,1213,82.2142857142857,24.6642857142857
2020-06-19,"Germany","",482,439,14.8571428571429,-7.57142857142856,0.142857142857144,1,NA,NA,482,64.8928571428571,19.4678571428571
2020-06-20,"Germany","",371,486.142857142857,14.5714285714286,47.1428571428572,-0.285714285714286,1,NA,NA,371,63.1428571428571,18.9428571428571
2020-06-21,"Germany","",602,536.285714285714,13.4285714285714,50.1428571428572,-1.14285714285714,1,NA,NA,602,56.1785714285714,16.8535714285714
2020-06-22,"Germany","",496,583.714285714286,13.1428571428571,47.4285714285713,-0.285714285714286,1,NA,NA,496,62.3571428571429,18.7071428571429
2020-06-23,"Germany","",712,604,13.4285714285714,20.2857142857143,0.285714285714286,1,NA,NA,712,74.3571428571429,22.3071428571429
2020-06-24,"Germany","",391,609.571428571429,11,5.57142857142856,-2.42857142857143,1,NA,NA,391,111.642857142857,33.4928571428571
2020-06-25,"Germany","",500,507.714285714286,9.28571428571429,-101.857142857143,-1.71428571428571,1,NA,NA,500,109.75,32.925
2020-06-26,"Germany","",665,533.857142857143,11.1428571428571,26.1428571428572,1.85714285714286,1,NA,NA,665,121.535714285714,36.4607142857143
2020-06-27,"Germany","",422,541.142857142857,10.4285714285714,7.28571428571422,-0.714285714285714,1,NA,NA,422,134.071428571429,40.2214285714286
2020-06-28,"Germany","",235,488.714285714286,10.4285714285714,-52.4285714285714,0,1,NA,NA,235,145.928571428571,43.7785714285714
2020-06-29,"Germany","",349,467.714285714286,11,-21,0.571428571428571,1,NA,NA,349,151,45.3
2020-06-30,"Germany","",376,419.714285714286,10.8571428571429,-48,-0.142857142857142,1,NA,NA,376,152.392857142857,45.7178571428571
2020-07-01,"Germany","",475,431.714285714286,9.57142857142857,12,-1.28571428571429,1,NA,NA,475,126.928571428571,38.0785714285714
2020-07-02,"Germany","",477,428.428571428571,9.42857142857143,-3.28571428571428,-0.142857142857142,1,NA,NA,477,133.464285714286,40.0392857142857
2020-07-03,"Germany","",410,392,6.42857142857143,-36.4285714285714,-3,1,NA,NA,410,135.285714285714,40.5857142857143
2020-07-04,"Germany","",418,391.428571428571,7.42857142857143,-0.571428571428555,1,1,NA,NA,418,122.178571428571,36.6535714285714
2020-07-05,"Germany","",325,404.285714285714,7.85714285714286,12.8571428571428,0.428571428571428,1,NA,NA,325,116.928571428571,35.0785714285714
2020-07-06,"Germany","",541,431.714285714286,6.71428571428571,27.4285714285714,-1.14285714285714,1,NA,NA,541,104.928571428571,31.4785714285714
2020-07-07,"Germany","",279,417.857142857143,6.14285714285714,-13.8571428571429,-0.571428571428571,1,NA,NA,279,107.928571428571,32.3785714285714
2020-07-08,"Germany","",356,400.857142857143,7.42857142857143,-17,1.28571428571429,1,NA,NA,356,107.107142857143,32.1321428571429
2020-07-09,"Germany","",302,375.857142857143,7.42857142857143,-25,0,1,NA,NA,302,98,29.4
2020-07-10,"Germany","",331,364.571428571429,7.71428571428571,-11.2857142857143,0.285714285714286,1,NA,NA,331,97.8571428571429,29.3571428571429
2020-07-11,"Germany","",377,358.714285714286,7.28571428571429,-5.85714285714283,-0.428571428571429,1,NA,NA,377,101.071428571429,30.3214285714286
2020-07-12,"Germany","",210,342.285714285714,7,-16.4285714285714,-0.285714285714286,1,NA,NA,210,107.928571428571,32.3785714285714
2020-07-13,"Germany","",261,302.285714285714,7.42857142857143,-40,0.428571428571429,1,NA,NA,261,104.464285714286,31.3392857142857
2020-07-14,"Germany","",276,301.857142857143,6.57142857142857,-0.428571428571445,-0.857142857142858,1,NA,NA,276,100.214285714286,30.0642857142857
2020-07-15,"Germany","",434,313,4.85714285714286,11.1428571428572,-1.71428571428571,1,NA,NA,434,93.9642857142857,28.1892857142857
2020-07-16,"Germany","",560,349.857142857143,4.28571428571429,36.8571428571428,-0.571428571428571,1,NA,NA,560,91.1428571428571,27.3428571428571
2020-07-17,"Germany","",595,387.571428571429,3.57142857142857,37.7142857142857,-0.714285714285714,1,NA,NA,595,89.6785714285714,26.9035714285714
2020-07-18,"Germany","",381,388.142857142857,3,0.571428571428612,-0.571428571428572,1,NA,NA,381,85.5714285714286,25.6714285714286
2020-07-19,"Germany","",309,402.285714285714,3,14.1428571428571,0,1,NA,NA,309,75.5714285714286,22.6714285714286
2020-07-20,"Germany","",590,449.285714285714,2.85714285714286,47,-0.142857142857143,1,NA,NA,590,75.4642857142857,22.6392857142857
2020-07-21,"Germany","",392,465.857142857143,3,16.5714285714286,0.142857142857143,1,NA,NA,392,78.25,23.475
2020-07-22,"Germany","",559,483.714285714286,3.14285714285714,17.8571428571429,0.142857142857143,1,NA,NA,559,87.4642857142857,26.2392857142857
2020-07-23,"Germany","",605,490.142857142857,3.28571428571429,6.42857142857144,0.142857142857143,1,NA,NA,605,96.8928571428571,29.0678571428571
2020-07-24,"Germany","",742,511.142857142857,4.57142857142857,21,1.28571428571429,1,NA,NA,742,97.0357142857143,29.1107142857143
2020-07-25,"Germany","",655,550.285714285714,4.71428571428571,39.1428571428572,0.142857142857143,1,NA,NA,655,100.571428571429,30.1714285714286
2020-07-26,"Germany","",389,561.714285714286,4.57142857142857,11.4285714285713,-0.142857142857143,1,NA,NA,389,112.321428571429,33.6964285714286
2020-07-27,"Germany","",445,541,4.42857142857143,-20.7142857142857,-0.142857142857142,1,NA,NA,445,116.464285714286,34.9392857142857
2020-07-28,"Germany","",595,570,4.57142857142857,29,0.142857142857142,1,NA,NA,595,120.928571428571,36.2785714285714
2020-07-29,"Germany","",839,610,4.71428571428571,40,0.142857142857143,1,NA,NA,839,122.535714285714,36.7607142857143
2020-07-30,"Germany","",989,664.857142857143,4.85714285714286,54.8571428571429,0.142857142857142,1,NA,NA,989,127.785714285714,38.3357142857143
2020-07-31,"Germany","",864,682.285714285714,3.85714285714286,17.4285714285714,-1,1,NA,NA,864,137.571428571429,41.2714285714286
2020-08-01,"Germany","",606,675.285714285714,4.28571428571429,-7,0.428571428571428,1,NA,NA,606,140.428571428571,42.1285714285714
2020-08-02,"Germany","",215,650.428571428571,4.28571428571429,-24.8571428571429,0,1,NA,NA,215,135.25,40.575
2020-08-03,"Germany","",891,714.142857142857,4.14285714285714,63.7142857142857,-0.142857142857142,1,NA,NA,891,142.5,42.75
2020-08-04,"Germany","",717,731.571428571429,4.57142857142857,17.4285714285714,0.428571428571428,1,NA,NA,717,152.5,45.75
2020-08-05,"Germany","",1285,795.285714285714,6.28571428571429,63.7142857142858,1.71428571428571,1,NA,NA,1285,166.214285714286,49.8642857142857
2020-08-06,"Germany","",926,786.285714285714,5.28571428571429,-9,-1,1,NA,NA,926,170.571428571429,51.1714285714286
2020-08-07,"Germany","",1157,828.142857142857,6.85714285714286,41.8571428571428,1.57142857142857,1,NA,NA,1157,168.821428571429,50.6464285714286
2020-08-08,"Germany","",707,842.571428571429,6.71428571428571,14.4285714285714,-0.142857142857142,1,NA,NA,707,162.607142857143,48.7821428571429
2020-08-09,"Germany","",385,866.857142857143,6.85714285714286,24.2857142857143,0.142857142857142,1,NA,NA,385,178.535714285714,53.5607142857143
2020-08-10,"Germany","",1220,913.857142857143,7,47,0.142857142857143,1,NA,NA,1220,182.892857142857,54.8678571428571
2020-08-11,"Germany","",1032,958.857142857143,6.42857142857143,45,-0.571428571428571,1,NA,NA,1032,198.821428571429,59.6464285714286
2020-08-12,"Germany","",1319,963.714285714286,4.85714285714286,4.85714285714278,-1.57142857142857,1,NA,NA,1319,196.571428571429,58.9714285714286
2020-08-13,"Germany","",1422,1034.57142857143,5.14285714285714,70.857142857143,0.285714285714286,1,NA,NA,1422,207.035714285714,62.1107142857143
2020-08-14,"Germany","",1510,1085,5,50.4285714285713,-0.142857142857143,1,NA,NA,1510,210.642857142857,63.1928571428571
2020-08-15,"Germany","",697,1083.57142857143,4.85714285714286,-1.42857142857133,-0.142857142857143,1,NA,NA,697,216.714285714286,65.0142857142857
2020-08-16,"Germany","",519,1102.71428571429,4.71428571428571,19.1428571428571,-0.142857142857142,1,NA,NA,519,228.464285714286,68.5392857142857
2020-08-17,"Germany","",1693,1170.28571428571,4.71428571428571,67.5714285714284,0,1,NA,NA,1693,239.714285714286,71.9142857142857
2020-08-18,"Germany","",1420,1225.71428571429,4.71428571428571,55.4285714285716,0,1,NA,NA,1420,240.928571428571,72.2785714285714
2020-08-19,"Germany","",1586,1263.85714285714,5.14285714285714,38.1428571428571,0.428571428571429,1,NA,NA,1586,258.642857142857,77.5928571428571
2020-08-20,"Germany","",1586,1287.28571428571,6.57142857142857,23.4285714285713,1.42857142857143,1,NA,NA,1586,271.25,81.375
2020-08-21,"Germany","",1737,1319.71428571429,5.14285714285714,32.4285714285716,-1.42857142857143,1,NA,NA,1737,270.892857142857,81.2678571428572
2020-08-22,"Germany","",832,1339,5.28571428571429,19.2857142857142,0.142857142857142,1,NA,NA,832,275.678571428571,82.7035714285714
2020-08-23,"Germany","",633,1355.28571428571,5.71428571428571,16.2857142857142,0.428571428571429,1,NA,NA,633,292.571428571429,87.7714285714286
2020-08-24,"Germany","",1628,1346,5.71428571428571,-9.28571428571422,0,1,NA,NA,1628,306.428571428571,91.9285714285714
2020-08-25,"Germany","",1461,1351.85714285714,5.71428571428571,5.85714285714289,0,1,NA,NA,1461,315.964285714286,94.7892857142857
2020-08-26,"Germany","",1427,1329.14285714286,5.14285714285714,-22.7142857142858,-0.571428571428571,1,NA,NA,1427,321.821428571429,96.5464285714286
2020-08-27,"Germany","",1561,1325.57142857143,3.85714285714286,-3.57142857142844,-1.28571428571429,1,NA,NA,1561,329.928571428571,98.9785714285714
2020-08-28,"Germany","",1555,1299.57142857143,3.42857142857143,-26,-0.428571428571429,1,NA,NA,1555,334.75,100.425
2020-08-29,"Germany","",709,1282,3.85714285714286,-17.5714285714287,0.428571428571429,1,NA,NA,709,338.821428571429,101.646428571429
2020-08-30,"Germany","",470,1258.71428571429,3.57142857142857,-23.2857142857142,-0.285714285714286,1,NA,NA,470,336.5,100.95
2020-08-31,"Germany","",1497,1240,3.85714285714286,-18.7142857142858,0.285714285714286,1,NA,NA,1497,337.964285714286,101.389285714286
2020-09-01,"Germany","",1213,1204.57142857143,3.71428571428571,-35.4285714285713,-0.142857142857143,1,NA,NA,1213,332.285714285714,99.6857142857143
2020-09-02,"Germany","",1396,1200.14285714286,5.28571428571429,-4.42857142857156,1.57142857142857,1,NA,NA,1396,331.392857142857,99.4178571428571
2020-09-03,"Germany","",1429,1181.28571428571,4.57142857142857,-18.8571428571429,-0.714285714285714,1,NA,NA,1429,324.892857142857,97.4678571428571
2020-09-04,"Germany","",1443,1165.28571428571,5.28571428571429,-16,0.714285714285714,1,NA,NA,1443,320.5,96.15
2020-09-05,"Germany","",775,1174.71428571429,4.28571428571429,9.42857142857156,-1,1,NA,NA,775,314.678571428571,94.4035714285714
2020-09-06,"Germany","",670,1203.28571428571,4.28571428571429,28.5714285714284,0,1,NA,NA,670,310,93
2020-09-07,"Germany","",1898,1260.57142857143,4,57.2857142857144,-0.285714285714286,1,NA,NA,1898,301.142857142857,90.3428571428571
2020-09-08,"Germany","",1331,1277.42857142857,4.14285714285714,16.8571428571427,0.142857142857143,1,NA,NA,1331,300.035714285714,90.0107142857143
2020-09-09,"Germany","",1476,1288.85714285714,2.85714285714286,11.4285714285716,-1.28571428571429,1,NA,NA,1476,295.321428571429,88.5964285714286
2020-09-10,"Germany","",1716,1329.85714285714,3.28571428571429,41,0.428571428571428,1,NA,NA,1716,291.321428571429,87.3964285714286
2020-09-11,"Germany","",1586,1350.28571428571,3,20.4285714285713,-0.285714285714286,1,NA,NA,1586,293.678571428571,88.1035714285714
2020-09-12,"Germany","",1082,1394.14285714286,3.28571428571429,43.8571428571429,0.285714285714286,1,NA,NA,1082,300.821428571429,90.2464285714286
2020-09-13,"Germany","",920,1429.85714285714,3.42857142857143,35.7142857142858,0.142857142857143,1,NA,NA,920,315.142857142857,94.5428571428571
2020-09-14,"Germany","",1485,1370.85714285714,3.57142857142857,-59,0.142857142857143,1,NA,NA,1485,319.357142857143,95.8071428571428
2020-09-15,"Germany","",1792,1436.71428571429,4.42857142857143,65.8571428571429,0.857142857142857,1,NA,NA,1792,322.214285714286,96.6642857142857
2020-09-16,"Germany","",1855,1490.85714285714,4.42857142857143,54.1428571428571,0,1,NA,NA,1855,332.464285714286,99.7392857142857
2020-09-17,"Germany","",2179,1557,4.42857142857143,66.1428571428571,0,1,NA,NA,2179,337.571428571429,101.271428571429
2020-09-18,"Germany","",2199,1644.57142857143,5.42857142857143,87.5714285714287,1,1,NA,NA,2199,348.535714285714,104.560714285714
2020-09-19,"Germany","",1685,1730.71428571429,5.14285714285714,86.1428571428571,-0.285714285714286,1,NA,NA,1685,357.464285714286,107.239285714286
2020-09-20,"Germany","",1033,1746.85714285714,5.14285714285714,16.1428571428571,0,1,NA,NA,1033,342.714285714286,102.814285714286
2020-09-21,"Germany","",1595,1762.57142857143,4.85714285714286,15.7142857142858,-0.285714285714286,1,NA,NA,1595,359.178571428571,107.753571428571
2020-09-22,"Germany","",1852,1771.14285714286,5.42857142857143,8.57142857142844,0.571428571428572,1,NA,NA,1852,372.714285714286,111.814285714286
2020-09-23,"Germany","",1613,1736.57142857143,7.14285714285714,-34.5714285714284,1.71428571428571,1,NA,NA,1613,389.25,116.775
2020-09-24,"Germany","",2321,1756.85714285714,8.57142857142857,20.2857142857142,1.42857142857143,1,NA,NA,2321,411.142857142857,123.342857142857
2020-09-25,"Germany","",2366,1780.71428571429,9.28571428571429,23.8571428571429,0.714285714285715,1,NA,NA,2366,432.678571428571,129.803571428571
2020-09-26,"Germany","",1314,1727.71428571429,10.1428571428571,-53,0.857142857142856,1,NA,NA,1314,436.714285714286,131.014285714286
2020-09-27,"Germany","",1313,1767.71428571429,10.5714285714286,40,0.428571428571429,1,NA,NA,1313,440.642857142857,132.192857142857
2020-09-28,"Germany","",2292,1867.28571428571,11.1428571428571,99.5714285714284,0.571428571428571,1,NA,NA,2292,442.785714285714,132.835714285714
2020-09-29,"Germany","",1840,1865.57142857143,11.1428571428571,-1.71428571428555,0,1,NA,NA,1840,434.142857142857,130.242857142857
2020-09-30,"Germany","",2442,1984,10.2857142857143,118.428571428571,-0.857142857142856,1,NA,NA,2442,439.214285714286,131.764285714286
2020-10-01,"Germany","",2626,2027.57142857143,10.4285714285714,43.5714285714287,0.142857142857142,1,NA,NA,2626,445.178571428571,133.553571428571
2020-10-02,"Germany","",2835,2094.57142857143,9.57142857142857,66.9999999999998,-0.857142857142858,1,NA,NA,2835,431.928571428571,129.578571428571
2020-10-03,"Germany","",1653,2143,10.2857142857143,48.4285714285716,0.714285714285715,1,NA,NA,1653,441.928571428571,132.578571428571
2020-10-04,"Germany","",1546,2176.28571428571,9.85714285714286,33.2857142857142,-0.428571428571429,1,NA,NA,1546,466.821428571429,140.046428571429
2020-10-05,"Germany","",3100,2291.71428571429,12.2857142857143,115.428571428572,2.42857142857143,1,NA,NA,3100,466.392857142857,139.917857142857
2020-10-06,"Germany","",2454,2379.42857142857,11.8571428571429,87.7142857142858,-0.428571428571429,1,NA,NA,2454,496,148.8
2020-10-07,"Germany","",4010,2603.42857142857,12.4285714285714,224,0.571428571428571,1,NA,NA,4010,506.892857142857,152.067857142857
2020-10-08,"Germany","",4804,2914.57142857143,12.1428571428571,311.142857142857,-0.285714285714286,1,NA,NA,4804,523.642857142857,157.092857142857
2020-10-09,"Germany","",4554,3160.14285714286,11.5714285714286,245.571428571429,-0.571428571428571,1,NA,NA,4554,535.75,160.725
2020-10-10,"Germany","",2968,3348,12.7142857142857,187.857142857143,1.14285714285714,1,NA,NA,2968,544.071428571429,163.221428571429
2020-10-11,"Germany","",2846,3533.71428571429,13.2857142857143,185.714285714286,0.571428571428573,1,NA,NA,2846,572.928571428571,171.878571428571
2020-10-12,"Germany","",6541,4025.28571428571,12.2857142857143,491.571428571428,-1,1,NA,NA,6541,594.857142857143,178.457142857143
2020-10-13,"Germany","",4464,4312.42857142857,16.5714285714286,287.142857142857,4.28571428571429,1,NA,NA,4464,650.857142857143,195.257142857143
2020-10-14,"Germany","",7173,4764.28571428571,19.1428571428571,451.857142857143,2.57142857142857,1,NA,NA,7173,728.642857142857,218.592857142857
2020-10-15,"Germany","",7620,5166.57142857143,20.7142857142857,402.285714285714,1.57142857142857,1,NA,NA,7620,790.035714285714,237.010714285714
2020-10-16,"Germany","",7695,5615.28571428571,24.8571428571429,448.714285714286,4.14285714285714,1,NA,NA,7695,837,251.1
2020-10-17,"Germany","",4862,5885.85714285714,23.5714285714286,270.571428571428,-1.28571428571428,1,NA,NA,4862,883.428571428571,265.028571428571
2020-10-18,"Germany","",4007,6051.71428571429,24.5714285714286,165.857142857142,1,1,NA,NA,4007,1006.32142857143,301.896428571429
2020-10-19,"Germany","",8397,6316.85714285714,28.8571428571429,265.142857142858,4.28571428571428,1,NA,NA,8397,1078.10714285714,323.432142857143
2020-10-20,"Germany","",8523,6896.71428571429,28.5714285714286,579.857142857142,-0.285714285714285,1,NA,NA,8523,1191.07142857143,357.321428571429
2020-10-21,"Germany","",12331,7633.57142857143,27.8571428571429,736.857142857143,-0.714285714285715,1,NA,NA,12331,1291.64285714286,387.492857142857
2020-10-22,"Germany","",5952,7395.28571428571,31.5714285714286,-238.285714285714,3.71428571428572,1,NA,NA,5952,1403.82142857143,421.146428571429
2020-10-23,"Germany","",13476,8221.14285714286,29.2857142857143,825.857142857142,-2.28571428571429,1,NA,NA,13476,1471.46428571429,441.439285714286
2020-10-24,"Germany","",10458,9020.57142857143,35.7142857142857,799.428571428572,6.42857142857143,1,NA,NA,10458,1512.92857142857,453.878571428571
2020-10-25,"Germany","",9890,9861,37.7142857142857,840.428571428571,2,1,NA,NA,9890,1579.21428571429,473.764285714286
2020-10-26,"Germany","",12560,10455.7142857143,35.5714285714286,594.714285714286,-2.14285714285715,1,NA,NA,12560,1724.17857142857,517.253571428571
2020-10-27,"Germany","",13161,11118.2857142857,34.1428571428571,662.571428571428,-1.42857142857142,1,NA,NA,13161,1908.39285714286,572.517857142857
2020-10-28,"Germany","",16202,11671.2857142857,43.8571428571429,553,9.71428571428571,1,NA,NA,16202,1848.82142857143,554.646428571429
2020-10-29,"Germany","",18733,13497.1428571429,49.2857142857143,1825.85714285714,5.42857142857143,1,NA,NA,18733,2055.28571428571,616.585714285714
2020-10-30,"Germany","",19382,14340.8571428571,59,843.714285714286,9.71428571428572,1,NA,NA,19382,2255.14285714286,676.542857142857
2020-10-31,"Germany","",14054,14854.5714285714,64,513.714285714286,5,1,NA,NA,14054,2465.25,739.575
2020-11-01,"Germany","",12556,15235.4285714286,64.4285714285714,380.857142857141,0.428571428571431,1,NA,NA,12556,2613.92857142857,784.178571428571
2020-11-02,"Germany","",25252,17048.5714285714,82.5714285714286,1813.14285714286,18.1428571428571,1,NA,NA,25252,2779.57142857143,833.871428571429
2020-11-03,"Germany","",7533,16244.5714285714,85.1428571428571,-803.999999999998,2.57142857142857,1,NA,NA,7533,2917.82142857143,875.346428571429
2020-11-04,"Germany","",31480,18427.1428571429,104.428571428571,2182.57142857143,19.2857142857143,1,NA,NA,31480,3374.28571428571,1012.28571428571
2020-11-05,"Germany","",22561,18974,115,546.857142857141,10.5714285714286,1,NA,NA,22561,3585.21428571429,1075.56428571429
2020-11-06,"Germany","",22820,19465.1428571429,121.285714285714,491.142857142859,6.28571428571429,1,NA,NA,22820,3713.64285714286,1114.09285714286
2020-11-07,"Germany","",14122,19474.8571428571,117.571428571429,9.7142857142826,-3.71428571428572,1,NA,NA,14122,3808.85714285714,1142.65714285714
2020-11-08,"Germany","",14510,19754,122.714285714286,279.142857142859,5.14285714285714,1,NA,NA,14510,4262.14285714286,1278.64285714286
2020-11-09,"Germany","",6522,17078.2857142857,105.571428571429,-2675.71428571429,-17.1428571428571,1,NA,NA,6522,4061.14285714286,1218.34285714286
2020-11-10,"Germany","",26547,19794.5714285714,152,2716.28571428571,46.4285714285714,1,NA,NA,26547,4606.78571428571,1382.03571428571
2020-11-11,"Germany","",22401,18497.5714285714,149.285714285714,-1297,-2.71428571428572,1,NA,NA,22401,4743.5,1423.05
2020-11-12,"Germany","",24738,18808.5714285714,158,311,8.71428571428572,1,NA,NA,24738,4866.28571428571,1459.88571428571
2020-11-13,"Germany","",22261,18728.7142857143,166.285714285714,-79.8571428571413,8.28571428571428,1,NA,NA,22261,4868.71428571429,1460.61428571429
2020-11-14,"Germany","",14640,18802.7142857143,172.142857142857,74,5.85714285714286,1,NA,NA,14640,4938.5,1481.55
2020-11-15,"Germany","",3213,17188.8571428571,171.571428571429,-1613.85714285714,-0.571428571428555,1,NA,NA,3213,4269.57142857143,1280.87142857143
2020-11-16,"Germany","",14580,18340,203.571428571429,1151.14285714286,32,1,NA,NA,14580,4948.64285714286,1484.59285714286
2020-11-17,"Germany","",26231,18294.8571428571,193.857142857143,-45.1428571428587,-9.71428571428572,1,NA,NA,26231,4624.39285714286,1387.31785714286
2020-11-18,"Germany","",23727,18484.2857142857,199.428571428571,189.428571428572,5.57142857142856,1,NA,NA,23727,4702.14285714286,1410.64285714286
2020-11-19,"Germany","",24041,18384.7142857143,206.571428571429,-99.5714285714275,7.14285714285717,1,NA,NA,24041,4682.17857142857,1404.65357142857
2020-11-20,"Germany","",22593,18432.1428571429,216.285714285714,47.4285714285725,9.71428571428569,1,NA,NA,22593,4700.67857142857,1410.20357142857
2020-11-21,"Germany","",13872,18322.4285714286,221.428571428571,-109.714285714286,5.14285714285714,1,NA,NA,13872,4297.21428571429,1289.16428571429
2020-11-22,"Germany","",4377,18488.7142857143,226.571428571429,166.285714285714,5.14285714285717,1,NA,NA,4377,4585,1375.5
2020-11-23,"Germany","",14455,18470.8571428571,232.428571428571,-17.8571428571449,5.85714285714283,1,NA,NA,14455,4573.71428571429,1372.11428571429
2020-11-24,"Germany","",16370,17062.1428571429,242,-1408.71428571428,9.57142857142858,1,NA,NA,16370,4621.07142857143,1386.32142857143
2020-11-25,"Germany","",32687,18342.1428571429,260,1280,18,1,NA,NA,32687,4596.17857142857,1378.85357142857
2020-11-26,"Germany","",21951,18043.5714285714,282.571428571429,-298.571428571431,22.5714285714286,1,NA,NA,21951,4608.03571428571,1382.41071428571
2020-11-27,"Germany","",20819,17790.1428571429,299,-253.428571428569,16.4285714285714,1,NA,NA,20819,4580.60714285714,1374.18214285714
2020-11-28,"Germany","",13845,17786.2857142857,302.857142857143,-3.85714285714494,3.85714285714283,1,NA,NA,13845,4622.17857142857,1386.65357142857
2020-11-29,"Germany","",3197,17617.7142857143,306.714285714286,-168.571428571428,3.85714285714289,1,NA,NA,3197,4617.71428571429,1385.31428571429
2020-11-30,"Germany","",14221,17584.2857142857,319.142857142857,-33.4285714285725,12.4285714285714,1,NA,NA,14221,4265.53571428571,1279.66071428571
2020-12-01,"Germany","",24766,18783.7142857143,335,1199.42857142857,15.8571428571428,1,NA,NA,24766,4585.53571428571,1375.66071428571
2020-12-02,"Germany","",23275,17439.1428571429,349.857142857143,-1344.57142857143,14.8571428571428,1,NA,NA,23275,4510.89285714286,1353.26785714286
2020-12-03,"Germany","",23591,17673.4285714286,351,234.285714285714,1.14285714285717,1,NA,NA,23591,4447.53571428571,1334.26071428571
2020-12-04,"Germany","",15970,16980.7142857143,366.571428571429,-692.714285714286,15.5714285714286,1,NA,NA,15970,4446.57142857143,1333.97142857143
2020-12-05,"Germany","",26126,18735.1428571429,379.714285714286,1754.42857142857,13.1428571428572,1,NA,NA,26126,4404.42857142857,1321.32857142857
2020-12-06,"Germany","",10910,19837,383.285714285714,1101.85714285714,3.57142857142856,1,NA,NA,10910,4396.07142857143,1318.82142857143
2020-12-07,"Germany","",5456,18584.8571428571,391.428571428571,-1252.14285714286,8.14285714285717,1,NA,NA,5456,4695.92857142857,1408.77857142857
2020-12-08,"Germany","",29263,19227.2857142857,403.571428571429,642.428571428572,12.1428571428571,1,NA,NA,29263,4359.78571428571,1307.93571428571
2020-12-09,"Germany","",25089,19486.4285714286,400.142857142857,259.142857142859,-3.42857142857139,1,NA,NA,25089,4418.35714285714,1325.50714285714
2020-12-10,"Germany","",32734,20792.5714285714,423.857142857143,1306.14285714286,23.7142857142857,1,NA,NA,32734,4245.17857142857,1273.55357142857
2020-12-11,"Germany","",27217,22399.2857142857,427.142857142857,1606.71428571429,3.28571428571433,1,NA,NA,27217,4683.78571428571,1405.13571428571
2020-12-12,"Germany","",21792,21780.1428571429,437.285714285714,-619.142857142855,10.1428571428571,1,NA,NA,21792,4959.25,1487.775
2020-12-13,"Germany","",14709,22322.8571428571,445.285714285714,542.714285714283,8,1,NA,NA,14709,4646.21428571429,1393.86428571429
2020-12-14,"Germany","",6451,22465,457.142857142857,142.142857142859,11.8571428571429,1,NA,NA,6451,4806.82142857143,1442.04642857143
2020-12-15,"Germany","",33825,23116.7142857143,506,651.714285714286,48.8571428571428,1,NA,NA,33825,4871.60714285714,1461.48214285714
2020-12-16,"Germany","",32744,24210.2857142857,544.714285714286,1093.57142857143,38.7142857142857,1,NA,NA,32744,5198.14285714286,1559.44285714286
2020-12-17,"Germany","",30179,23845.2857142857,566.142857142857,-365,21.4285714285714,1,NA,NA,30179,5599.82142857143,1679.94642857143
2020-12-18,"Germany","",32830,24647.1428571429,598.142857142857,801.857142857145,32,1,NA,NA,32830,5445.03571428571,1633.51071428571
2020-12-19,"Germany","",21679,24631,610.142857142857,-16.1428571428587,12,1,NA,NA,21679,5580.71428571429,1674.21428571429
2020-12-20,"Germany","",6444,23450.2857142857,613.428571428571,-1180.71428571429,3.28571428571433,1,NA,NA,6444,5616.25,1684.875
2020-12-21,"Germany","",19256,25279.5714285714,639.428571428571,1829.28571428571,26,1,NA,NA,19256,5779.17857142857,1733.75357142857
2020-12-22,"Germany","",19256,21406.9273358272,335.845167948425,NA,NA,1,1,"2020-12-22",6716.4913507906,6052.57142857143,1815.77142857143
2020-12-23,"Germany","",19256,17370.006919426,358.356310285967,NA,NA,1,2,"2020-12-23",4485.55708519172,5961.32142857143,1788.39642857143
2020-12-24,"Germany","",19256,16120.1628616355,386.047748311816,NA,NA,1,3,"2020-12-24",21430.0915954665,6161.78571428571,1848.53571428571
2020-12-25,"Germany","",19256,12336.1418176821,375.376930102157,NA,NA,1,4,"2020-12-25",6341.85269232582,6157.75,1847.325
2020-12-26,"Germany","",19256,11070.0716791418,384.730515330236,NA,NA,1,5,"2020-12-26",12816.5090302182,5862.57142857143,1758.77142857143
2020-12-27,"Germany","",19256,11079.3573934275,387.180322464202,NA,NA,1,6,"2020-12-27",6509,6319.89285714286,1895.96785714286
2020-12-28,"Germany","",19256,8363.07167914183,398.412503514609,NA,NA,1,7,"2020-12-28",242,5351.73183395681,1605.51955018704
2020-12-29,"Germany","",19256,9075.8617952096,417.260014680953,NA,NA,1,8,"2020-12-29",11706.022163265,4342.50172985651,1302.75051895695
2020-12-30,"Germany","",19256,9910.81853897006,410.969303899763,NA,NA,1,9,"2020-12-30",10330.2542915149,4030.04071540889,1209.01221462267
2020-12-31,"Germany","",19256,9182.92648363054,424.789170676601,NA,NA,1,10,"2020-12-31",16334.8472080899,3084.03545442052,925.210636326157
2021-01-01,"Germany","",19256,10290.0390710038,424.510951373949,NA,NA,1,11,"2021-01-01",14091.6408039389,2767.51791978546,830.255375935638
2021-01-02,"Germany","",19256,9791.40260689767,404.161548396831,NA,NA,1,12,"2021-01-02",9326.05378147501,2769.83934835689,830.951804507066
2021-01-03,"Germany","",19256,10356.1332019859,435.688965834459,NA,NA,1,13,"2021-01-03",10462.1141656173,2090.76791978546,627.230375935638
2021-01-04,"Germany","",19256,10336.8474877001,368.944626256547,NA,NA,1,14,"2021-01-04",107,2268.9654488024,680.68963464072
2021-01-05,"Germany","",19256,9574.87459793262,299.369013143503,NA,NA,1,15,"2021-01-05",6372.21193489236,2477.70463474251,743.311390422754
2021-01-06,"Germany","",19256,9774.16510698072,277.828170707479,NA,NA,1,16,"2021-01-06",11725.2878548516,2295.73162090764,688.719486272291
2021-01-07,"Germany","",19256,9730.0786420882,212.611233782964,NA,NA,1,17,"2021-01-07",16026.2419538422,2572.50976775096,771.752930325288
2021-01-08,"Germany","",19256,10448.899084556,190.790737700065,NA,NA,1,18,"2021-01-08",19123.3839012138,2447.85065172442,734.355195517325
2021-01-09,"Germany","",19256,15540.6501537443,190.950775352033,NA,NA,1,19,"2021-01-09",44968.3112657929,2589.03330049646,776.709990148939
2021-01-10,"Germany","",19256,16025.3779926774,144.136068974911,NA,NA,1,20,"2021-01-10",13855.2090381486,2584.21187192504,775.263561577511
2021-01-11,"Germany","",19256,17870.2996689948,156.420881215659,NA,NA,1,21,"2021-01-11",13021.4517342224,2393.71864948316,718.115594844947
2021-01-12,"Germany","",19256,19745.6910712396,170.811213790457,NA,NA,1,22,"2021-01-12",19499.951750606,2443.54127674518,733.062383023554
2021-01-13,"Germany","",19256,19102.02064882,158.266122283425,NA,NA,1,23,"2021-01-13",7219.59489791423,2432.51966052205,729.755898156615
2021-01-14,"Germany","",19256,17426.6556048718,177.347012939261,NA,NA,1,24,"2021-01-14",4298.68664620464,2612.22477113901,783.667431341703
2021-01-15,"Germany","",19256,15146.7288391169,168.753101211461,NA,NA,1,25,"2021-01-15",3163.89654092984,3885.16253843608,1165.54876153082
2021-01-16,"Germany","",19256,9367.6612451055,178.486133658007,NA,NA,1,26,"2021-01-16",4514.83810771277,4006.34449816934,1201.9033494508
2021-01-17,"Germany","",19256,9564.8354641455,178.153747765458,NA,NA,1,NA,NA,15235.4285714286,4467.57491724871,1340.27247517461
2021-01-18,"Germany","",19256,9881.11786946067,165.021279073307,NA,NA,1,NA,NA,15235.4285714286,4936.42276780991,1480.92683034297
2021-01-19,"Germany","",19256,9271.90027243532,168.456015933192,NA,NA,1,NA,NA,15235.4285714286,4775.50516220501,1432.6515486615
2021-01-20,"Germany","",19256,10417.0193686517,167.696193467427,NA,NA,1,NA,NA,15235.4285714286,4356.66390121795,1306.99917036538
2021-01-21,"Germany","",19256,11979.4110722551,180.084937322694,NA,NA,1,NA,NA,15235.4285714286,3786.68220977924,1136.00466293377
2021-01-22,"Germany","",19256,13703.9156480406,267.840371147566,NA,NA,1,NA,NA,15235.4285714286,2341.91531127637,702.574593382912
2021-01-23,"Germany","",19256,15235.4285714286,276.194570167618,NA,NA,1,NA,NA,15235.4285714286,2391.20886603637,717.362659810912
2021-01-24,"Germany","",19256,15235.4285714286,307.991470659842,NA,NA,1,NA,NA,15235.4285714286,2470.27946736517,741.08384020955
2021-01-25,"Germany","",19256,15235.4285714286,340.31351151752,NA,NA,1,NA,NA,15235.4285714286,2317.97506810883,695.392520432649
2021-01-26,"Germany","",19256,15235.4285714286,329.219965035744,NA,NA,1,NA,NA,15235.4285714286,2604.25484216292,781.276452648875
2021-01-27,"Germany","",19256,15235.4285714286,300.345343270281,NA,NA,1,NA,NA,15235.4285714286,2994.85276806377,898.455830419132
2021-01-28,"Germany","",19256,15235.4285714286,261.051206597246,NA,NA,1,NA,NA,15235.4285714286,3425.97891201016,1027.79367360305
2021-01-29,"Germany","",19256,15235.4285714286,161.449993394852,NA,NA,1,NA,NA,15235.4285714286,3808.85714285715,1142.65714285714
2021-01-30,"Germany","",19256,15235.4285714286,164.848256368791,NA,NA,1,NA,NA,15235.4285714286,3808.85714285715,1142.65714285714
2021-01-31,"Germany","",19256,15235.4285714286,170.299327977056,NA,NA,1,NA,NA,15235.4285714286,3808.85714285715,1142.65714285714
2021-02-01,"Germany","",19256,15235.4285714286,159.799569879254,NA,NA,1,NA,NA,15235.4285714286,3808.85714285715,1142.65714285714
2021-02-02,"Germany","",19256,15235.4285714286,179.535496028061,NA,NA,1,NA,NA,15235.4285714286,3808.85714285715,1142.65714285714
2021-02-03,"Germany","",19256,15235.4285714286,206.463042149431,NA,NA,1,NA,NA,15235.4285714286,3808.85714285715,1142.65714285714
2021-02-04,"Germany","",19256,15235.4285714286,236.184575100405,NA,NA,1,NA,NA,15235.4285714286,3808.85714285715,1142.65714285714
2021-02-05,"Germany","",19256,15235.4285714286,262.579930877634,NA,NA,1,NA,NA,15235.4285714286,3808.85714285715,1142.65714285714
2021-02-06,"Germany","",19256,15235.4285714286,262.579930877634,NA,NA,1,NA,NA,15235.4285714286,3808.85714285715,1142.65714285714
2021-02-07,"Germany","",19256,15235.4285714286,262.579930877634,NA,NA,1,NA,NA,15235.4285714286,3808.85714285715,1142.65714285714
2021-02-08,"Germany","",19256,15235.4285714286,262.579930877634,NA,NA,1,NA,NA,15235.4285714286,3808.85714285715,1142.65714285714
2021-02-09,"Germany","",19256,15235.4285714286,262.579930877634,NA,NA,1,NA,NA,15235.4285714286,3808.85714285715,1142.65714285714
2021-02-10,"Germany","",19256,15235.4285714286,262.579930877634,NA,NA,1,NA,NA,15235.4285714286,3808.85714285715,1142.65714285714
2021-02-11,"Germany","",19256,15235.4285714286,262.579930877634,NA,NA,1,NA,NA,15235.4285714286,3808.85714285715,1142.65714285714
2021-02-12,"Germany","",19256,15235.4285714286,262.579930877634,NA,NA,1,NA,NA,15235.4285714286,3808.85714285715,1142.65714285714
2021-02-13,"Germany","",19256,15235.4285714286,262.579930877634,NA,NA,1,NA,NA,15235.4285714286,3808.85714285715,1142.65714285714
2021-02-14,"Germany","",19256,15235.4285714286,262.579930877634,NA,NA,1,NA,NA,15235.4285714286,3808.85714285715,1142.65714285714
2021-02-15,"Germany","",19256,15235.4285714286,262.579930877634,NA,NA,1,NA,NA,15235.4285714286,3808.85714285715,1142.65714285714
2021-02-16,"Germany","",19256,15235.4285714286,262.579930877634,NA,NA,1,NA,NA,15235.4285714286,3808.85714285715,1142.65714285714
2021-02-17,"Germany","",19256,15235.4285714286,262.579930877634,NA,NA,1,NA,NA,15235.4285714286,3808.85714285715,1142.65714285714
2021-02-18,"Germany","",19256,15235.4285714286,262.579930877634,NA,NA,1,NA,NA,15235.4285714286,3808.85714285715,1142.65714285714
2021-02-19,"Germany","",19256,15235.4285714286,262.579930877634,NA,NA,1,NA,NA,15235.4285714286,3808.85714285715,1142.65714285714
2021-02-20,"Germany","",19256,15235.4285714286,262.579930877634,NA,NA,1,NA,NA,15235.4285714286,3808.85714285715,1142.65714285714
2021-02-21,"Germany","",19256,15235.4285714286,262.579930877634,NA,NA,1,NA,NA,15235.4285714286,3808.85714285715,1142.65714285714
2021-02-22,"Germany","",19256,15235.4285714286,262.579930877634,NA,NA,1,NA,NA,15235.4285714286,3808.85714285715,1142.65714285714
2021-02-23,"Germany","",19256,15235.4285714286,262.579930877634,NA,NA,1,NA,NA,15235.4285714286,3808.85714285715,1142.65714285714
2021-02-24,"Germany","",19256,15235.4285714286,262.579930877634,NA,NA,1,NA,NA,15235.4285714286,3808.85714285715,1142.65714285714
2021-02-25,"Germany","",19256,15235.4285714286,262.579930877634,NA,NA,1,NA,NA,15235.4285714286,3808.85714285715,1142.65714285714
2021-02-26,"Germany","",19256,15235.4285714286,262.579930877634,NA,NA,1,NA,NA,15235.4285714286,3808.85714285715,1142.65714285714
2021-02-27,"Germany","",19256,15235.4285714286,262.579930877634,NA,NA,1,NA,NA,15235.4285714286,3808.85714285715,1142.65714285714
2021-02-28,"Germany","",19256,15235.4285714286,262.579930877634,NA,NA,1,NA,NA,15235.4285714286,3808.85714285715,1142.65714285714
2021-03-01,"Germany","",19256,15235.4285714286,262.579930877634,NA,NA,1,NA,NA,15235.4285714286,3808.85714285715,1142.65714285714
2021-03-02,"Germany","",19256,15235.4285714286,262.579930877634,NA,NA,1,NA,NA,15235.4285714286,3808.85714285715,1142.65714285714
2021-03-03,"Germany","",19256,15235.4285714286,262.579930877634,NA,NA,1,NA,NA,15235.4285714286,3808.85714285715,1142.65714285714
2021-03-04,"Germany","",19256,15235.4285714286,262.579930877634,NA,NA,1,NA,NA,15235.4285714286,3808.85714285715,1142.65714285714
2021-03-05,"Germany","",19256,15235.4285714286,262.579930877634,NA,NA,1,NA,NA,15235.4285714286,3808.85714285715,1142.65714285714
2021-03-06,"Germany","",19256,15235.4285714286,262.579930877634,NA,NA,1,NA,NA,15235.4285714286,3808.85714285715,1142.65714285714
2021-03-07,"Germany","",19256,15235.4285714286,262.579930877634,NA,NA,1,NA,NA,15235.4285714286,3808.85714285715,1142.65714285714
2021-03-08,"Germany","",19256,15235.4285714286,262.579930877634,NA,NA,1,NA,NA,15235.4285714286,3808.85714285715,1142.65714285714
2021-03-09,"Germany","",19256,15235.4285714286,262.579930877634,NA,NA,1,NA,NA,15235.4285714286,3808.85714285715,1142.65714285714
2021-03-10,"Germany","",19256,15235.4285714286,262.579930877634,NA,NA,1,NA,NA,15235.4285714286,3808.85714285715,1142.65714285714
2021-03-11,"Germany","",19256,15235.4285714286,262.579930877634,NA,NA,1,NA,NA,15235.4285714286,3808.85714285715,1142.65714285714
2021-03-12,"Germany","",19256,15235.4285714286,262.579930877634,NA,NA,1,NA,NA,15235.4285714286,3808.85714285715,1142.65714285714
2021-03-13,"Germany","",19256,15235.4285714286,262.579930877634,NA,NA,1,NA,NA,15235.4285714286,3808.85714285715,1142.65714285714
2021-03-14,"Germany","",19256,15235.4285714286,262.579930877634,NA,NA,1,NA,NA,15235.4285714286,3808.85714285715,1142.65714285714
2021-03-15,"Germany","",19256,15235.4285714286,262.579930877634,NA,NA,1,NA,NA,15235.4285714286,3808.85714285715,1142.65714285714
2021-03-16,"Germany","",19256,15235.4285714286,262.579930877634,NA,NA,1,NA,NA,15235.4285714286,3808.85714285715,1142.65714285714
2021-03-17,"Germany","",19256,15235.4285714286,262.579930877634,NA,NA,1,NA,NA,15235.4285714286,3808.85714285715,1142.65714285714
2021-03-18,"Germany","",19256,15235.4285714286,262.579930877634,NA,NA,1,NA,NA,15235.4285714286,3808.85714285715,1142.65714285714
2021-03-19,"Germany","",19256,15235.4285714286,262.579930877634,NA,NA,1,NA,NA,15235.4285714286,3808.85714285715,1142.65714285714
2021-03-20,"Germany","",19256,15235.4285714286,262.579930877634,NA,NA,1,NA,NA,15235.4285714286,3808.85714285715,1142.65714285714
2021-03-21,"Germany","",19256,15235.4285714286,262.579930877634,NA,NA,1,NA,NA,15235.4285714286,3808.85714285715,1142.65714285714
2021-03-22,"Germany","",19256,15235.4285714286,262.579930877634,NA,NA,1,NA,NA,15235.4285714286,3808.85714285715,1142.65714285714
2021-03-23,"Germany","",19256,15235.4285714286,262.579930877634,NA,NA,1,NA,NA,15235.4285714286,3808.85714285715,1142.65714285714
2021-03-24,"Germany","",19256,15235.4285714286,262.579930877634,NA,NA,1,NA,NA,15235.4285714286,3808.85714285715,1142.65714285714
2021-03-25,"Germany","",19256,15235.4285714286,262.579930877634,NA,NA,1,NA,NA,15235.4285714286,3808.85714285715,1142.65714285714
2021-03-26,"Germany","",19256,15235.4285714286,262.579930877634,NA,NA,1,NA,NA,15235.4285714286,3808.85714285715,1142.65714285714
2021-03-27,"Germany","",19256,15235.4285714286,262.579930877634,NA,NA,1,NA,NA,15235.4285714286,3808.85714285715,1142.65714285714
2021-03-28,"Germany","",19256,15235.4285714286,262.579930877634,NA,NA,1,NA,NA,15235.4285714286,3808.85714285715,1142.65714285714
2021-03-29,"Germany","",19256,15235.4285714286,262.579930877634,NA,NA,1,NA,NA,15235.4285714286,3808.85714285715,1142.65714285714
2021-03-30,"Germany","",19256,15235.4285714286,262.579930877634,NA,NA,1,NA,NA,15235.4285714286,3808.85714285715,1142.65714285714
2021-03-31,"Germany","",19256,15235.4285714286,262.579930877634,NA,NA,1,NA,NA,15235.4285714286,3808.85714285715,1142.65714285714
2021-04-01,"Germany","",19256,15235.4285714286,262.579930877634,NA,NA,1,NA,NA,15235.4285714286,3808.85714285715,1142.65714285714
2021-04-02,"Germany","",19256,15235.4285714286,262.579930877634,NA,NA,1,NA,NA,15235.4285714286,3808.85714285715,1142.65714285714
2021-04-03,"Germany","",19256,15235.4285714286,262.579930877634,NA,NA,1,NA,NA,15235.4285714286,3808.85714285715,1142.65714285714
2021-04-04,"Germany","",19256,15235.4285714286,262.579930877634,NA,NA,1,NA,NA,15235.4285714286,3808.85714285715,1142.65714285714
2021-04-05,"Germany","",19256,15235.4285714286,262.579930877634,NA,NA,1,NA,NA,15235.4285714286,3808.85714285715,1142.65714285714
2021-04-06,"Germany","",19256,15235.4285714286,262.579930877634,NA,NA,1,NA,NA,15235.4285714286,3808.85714285715,1142.65714285714
2021-04-07,"Germany","",19256,15235.4285714286,262.579930877634,NA,NA,1,NA,NA,15235.4285714286,3808.85714285715,1142.65714285714
2021-04-08,"Germany","",19256,15235.4285714286,262.579930877634,NA,NA,1,NA,NA,15235.4285714286,3808.85714285715,1142.65714285714
2021-04-09,"Germany","",19256,15235.4285714286,262.579930877634,NA,NA,1,NA,NA,15235.4285714286,3808.85714285715,1142.65714285714
2021-04-10,"Germany","",19256,15235.4285714286,262.579930877634,NA,NA,1,NA,NA,15235.4285714286,3808.85714285715,1142.65714285714
2021-04-11,"Germany","",19256,15235.4285714286,262.579930877634,NA,NA,1,NA,NA,15235.4285714286,3808.85714285715,1142.65714285714
2021-04-12,"Germany","",19256,15235.4285714286,262.579930877634,NA,NA,1,NA,NA,15235.4285714286,3808.85714285715,1142.65714285714
2021-04-13,"Germany","",19256,15235.4285714286,262.579930877634,NA,NA,1,NA,NA,15235.4285714286,3808.85714285715,1142.65714285714
2021-04-14,"Germany","",19256,15235.4285714286,262.579930877634,NA,NA,1,NA,NA,15235.4285714286,3808.85714285715,1142.65714285714
2021-04-15,"Germany","",19256,15235.4285714286,262.579930877634,NA,NA,1,NA,NA,15235.4285714286,3808.85714285715,1142.65714285714
2021-04-16,"Germany","",19256,15235.4285714286,262.579930877634,NA,NA,1,NA,NA,15235.4285714286,3808.85714285715,1142.65714285714
2021-04-17,"Germany","",19256,15235.4285714286,262.579930877634,NA,NA,1,NA,NA,15235.4285714286,3808.85714285715,1142.65714285714
2021-04-18,"Germany","",19256,15235.4285714286,262.579930877634,NA,NA,1,NA,NA,15235.4285714286,3808.85714285715,1142.65714285714
2021-04-19,"Germany","",19256,15235.4285714286,262.579930877634,NA,NA,1,NA,NA,15235.4285714286,3808.85714285715,1142.65714285714
2021-04-20,"Germany","",19256,15235.4285714286,262.579930877634,NA,NA,1,NA,NA,15235.4285714286,3808.85714285715,1142.65714285714
2021-04-21,"Germany","",19256,15235.4285714286,262.579930877634,NA,NA,1,NA,NA,15235.4285714286,3808.85714285715,1142.65714285714
2021-04-22,"Germany","",19256,15235.4285714286,262.579930877634,NA,NA,1,NA,NA,15235.4285714286,3808.85714285715,1142.65714285714
2021-04-23,"Germany","",19256,15235.4285714286,262.579930877634,NA,NA,1,NA,NA,15235.4285714286,3808.85714285715,1142.65714285714
2021-04-24,"Germany","",19256,15235.4285714286,262.579930877634,NA,NA,1,NA,NA,15235.4285714286,3808.85714285715,1142.65714285714
2021-04-25,"Germany","",19256,15235.4285714286,262.579930877634,NA,NA,1,NA,NA,15235.4285714286,3808.85714285715,1142.65714285714
2021-04-26,"Germany","",19256,15235.4285714286,262.579930877634,NA,NA,1,NA,NA,15235.4285714286,3808.85714285715,1142.65714285714
2021-04-27,"Germany","",19256,15235.4285714286,262.579930877634,NA,NA,1,NA,NA,15235.4285714286,3808.85714285715,1142.65714285714
2021-04-28,"Germany","",19256,15235.4285714286,262.579930877634,NA,NA,1,NA,NA,15235.4285714286,3808.85714285715,1142.65714285714
2021-04-29,"Germany","",19256,15235.4285714286,262.579930877634,NA,NA,1,NA,NA,15235.4285714286,3808.85714285715,1142.65714285714
2021-04-30,"Germany","",19256,15235.4285714286,262.579930877634,NA,NA,1,NA,NA,15235.4285714286,3808.85714285715,1142.65714285714
2021-05-01,"Germany","",19256,15235.4285714286,262.579930877634,NA,NA,1,NA,NA,15235.4285714286,3808.85714285715,1142.65714285714
2021-05-02,"Germany","",19256,15235.4285714286,262.579930877634,NA,NA,1,NA,NA,15235.4285714286,3808.85714285715,1142.65714285714
2021-05-03,"Germany","",19256,15235.4285714286,262.579930877634,NA,NA,1,NA,NA,15235.4285714286,3808.85714285715,1142.65714285714
2021-05-04,"Germany","",19256,15235.4285714286,262.579930877634,NA,NA,1,NA,NA,15235.4285714286,3808.85714285715,1142.65714285714
2021-05-05,"Germany","",19256,15235.4285714286,262.579930877634,NA,NA,1,NA,NA,15235.4285714286,3808.85714285715,1142.65714285714
2021-05-06,"Germany","",19256,15235.4285714286,262.579930877634,NA,NA,1,NA,NA,15235.4285714286,3808.85714285715,1142.65714285714
2021-05-07,"Germany","",19256,15235.4285714286,262.579930877634,NA,NA,1,NA,NA,15235.4285714286,3808.85714285715,1142.65714285714
2021-05-08,"Germany","",19256,15235.4285714286,262.579930877634,NA,NA,1,NA,NA,15235.4285714286,3808.85714285715,1142.65714285714
2021-05-09,"Germany","",19256,15235.4285714286,262.579930877634,NA,NA,1,NA,NA,15235.4285714286,3808.85714285715,1142.65714285714
2021-05-10,"Germany","",19256,15235.4285714286,262.579930877634,NA,NA,1,NA,NA,15235.4285714286,3808.85714285715,1142.65714285714
2021-05-11,"Germany","",19256,15235.4285714286,262.579930877634,NA,NA,1,NA,NA,15235.4285714286,3808.85714285715,1142.65714285714
2021-05-12,"Germany","",19256,15235.4285714286,262.579930877634,NA,NA,1,NA,NA,15235.4285714286,3808.85714285715,1142.65714285714
2021-05-13,"Germany","",19256,15235.4285714286,262.579930877634,NA,NA,1,NA,NA,15235.4285714286,3808.85714285715,1142.65714285714
2021-05-14,"Germany","",19256,15235.4285714286,262.579930877634,NA,NA,1,NA,NA,15235.4285714286,3808.85714285715,1142.65714285714
2021-05-15,"Germany","",19256,15235.4285714286,262.579930877634,NA,NA,1,NA,NA,15235.4285714286,3808.85714285715,1142.65714285714
2021-05-16,"Germany","",19256,15235.4285714286,262.579930877634,NA,NA,1,NA,NA,15235.4285714286,3808.85714285715,1142.65714285714
2021-05-17,"Germany","",19256,15235.4285714286,262.579930877634,NA,NA,1,NA,NA,15235.4285714286,3808.85714285715,1142.65714285714
2021-05-18,"Germany","",19256,15235.4285714286,262.579930877634,NA,NA,1,NA,NA,15235.4285714286,3808.85714285715,1142.65714285714
2021-05-19,"Germany","",19256,15235.4285714286,262.579930877634,NA,NA,1,NA,NA,15235.4285714286,3808.85714285715,1142.65714285714
2021-05-20,"Germany","",19256,15235.4285714286,262.579930877634,NA,NA,1,NA,NA,15235.4285714286,3808.85714285715,1142.65714285714
2021-05-21,"Germany","",19256,15235.4285714286,262.579930877634,NA,NA,1,NA,NA,15235.4285714286,3808.85714285715,1142.65714285714
2021-05-22,"Germany","",19256,15235.4285714286,262.579930877634,NA,NA,1,NA,NA,15235.4285714286,3808.85714285715,1142.65714285714
2021-05-23,"Germany","",19256,15235.4285714286,262.579930877634,NA,NA,1,NA,NA,15235.4285714286,3808.85714285715,1142.65714285714
2021-05-24,"Germany","",19256,15235.4285714286,262.579930877634,NA,NA,1,NA,NA,15235.4285714286,3808.85714285715,1142.65714285714
2021-05-25,"Germany","",19256,15235.4285714286,262.579930877634,NA,NA,1,NA,NA,15235.4285714286,3808.85714285715,1142.65714285714
2021-05-26,"Germany","",19256,15235.4285714286,262.579930877634,NA,NA,1,NA,NA,15235.4285714286,3808.85714285715,1142.65714285714
2021-05-27,"Germany","",19256,15235.4285714286,262.579930877634,NA,NA,1,NA,NA,15235.4285714286,3808.85714285715,1142.65714285714
2021-05-28,"Germany","",19256,15235.4285714286,262.579930877634,NA,NA,1,NA,NA,15235.4285714286,3808.85714285715,1142.65714285714
2021-05-29,"Germany","",19256,15235.4285714286,262.579930877634,NA,NA,1,NA,NA,15235.4285714286,3808.85714285715,1142.65714285714
2021-05-30,"Germany","",19256,15235.4285714286,262.579930877634,NA,NA,1,NA,NA,15235.4285714286,3808.85714285715,1142.65714285714
2021-05-31,"Germany","",19256,15235.4285714286,262.579930877634,NA,NA,1,NA,NA,15235.4285714286,3808.85714285715,1142.65714285714
2021-06-01,"Germany","",19256,15235.4285714286,262.579930877634,NA,NA,1,NA,NA,15235.4285714286,3808.85714285715,1142.65714285714
2021-06-02,"Germany","",19256,15235.4285714286,262.579930877634,NA,NA,1,NA,NA,15235.4285714286,3808.85714285715,1142.65714285714
2021-06-03,"Germany","",19256,15235.4285714286,262.579930877634,NA,NA,1,NA,NA,15235.4285714286,3808.85714285715,1142.65714285714
2021-06-04,"Germany","",19256,15235.4285714286,262.579930877634,NA,NA,1,NA,NA,15235.4285714286,3808.85714285715,1142.65714285714
2021-06-05,"Germany","",19256,15235.4285714286,262.579930877634,NA,NA,1,NA,NA,15235.4285714286,3808.85714285715,1142.65714285714
2021-06-06,"Germany","",19256,15235.4285714286,262.579930877634,NA,NA,1,NA,NA,15235.4285714286,3808.85714285715,1142.65714285714
2021-06-07,"Germany","",19256,15235.4285714286,262.579930877634,NA,NA,1,NA,NA,15235.4285714286,3808.85714285715,1142.65714285714
2021-06-08,"Germany","",19256,15235.4285714286,262.579930877634,NA,NA,1,NA,NA,15235.4285714286,3808.85714285715,1142.65714285714
2021-06-09,"Germany","",19256,15235.4285714286,262.579930877634,NA,NA,1,NA,NA,15235.4285714286,3808.85714285715,1142.65714285714
2021-06-10,"Germany","",19256,15235.4285714286,262.579930877634,NA,NA,1,NA,NA,15235.4285714286,3808.85714285715,1142.65714285714
2021-06-11,"Germany","",19256,15235.4285714286,262.579930877634,NA,NA,1,NA,NA,15235.4285714286,3808.85714285715,1142.65714285714
2021-06-12,"Germany","",19256,15235.4285714286,262.579930877634,NA,NA,1,NA,NA,15235.4285714286,3808.85714285715,1142.65714285714
2021-06-13,"Germany","",19256,15235.4285714286,262.579930877634,NA,NA,1,NA,NA,15235.4285714286,3808.85714285715,1142.65714285714
2021-06-14,"Germany","",19256,15235.4285714286,262.579930877634,NA,NA,1,NA,NA,15235.4285714286,3808.85714285715,1142.65714285714
2021-06-15,"Germany","",19256,15235.4285714286,262.579930877634,NA,NA,1,NA,NA,15235.4285714286,3808.85714285715,1142.65714285714
2021-06-16,"Germany","",19256,15235.4285714286,262.579930877634,NA,NA,1,NA,NA,15235.4285714286,3808.85714285715,1142.65714285714
2021-06-17,"Germany","",19256,15235.4285714286,262.579930877634,NA,NA,1,NA,NA,15235.4285714286,3808.85714285715,1142.65714285714
2021-06-18,"Germany","",19256,15235.4285714286,262.579930877634,NA,NA,1,NA,NA,15235.4285714286,3808.85714285715,1142.65714285714
2021-06-19,"Germany","",19256,15235.4285714286,262.579930877634,NA,NA,1,NA,NA,15235.4285714286,3808.85714285715,1142.65714285714
2021-06-20,"Germany","",19256,15235.4285714286,262.579930877634,NA,NA,1,NA,NA,15235.4285714286,3808.85714285715,1142.65714285714
2021-06-21,"Germany","",19256,15235.4285714286,262.579930877634,NA,NA,1,NA,NA,15235.4285714286,3808.85714285715,1142.65714285714
2021-06-22,"Germany","",19256,15235.4285714286,262.579930877634,NA,NA,1,NA,NA,15235.4285714286,3808.85714285715,1142.65714285714
2021-06-23,"Germany","",19256,15235.4285714286,262.579930877634,NA,NA,1,NA,NA,15235.4285714286,3808.85714285715,1142.65714285714
2021-06-24,"Germany","",19256,15235.4285714286,262.579930877634,NA,NA,1,NA,NA,15235.4285714286,3808.85714285715,1142.65714285714
2021-06-25,"Germany","",19256,15235.4285714286,262.579930877634,NA,NA,1,NA,NA,15235.4285714286,3808.85714285715,1142.65714285714
2021-06-26,"Germany","",19256,15235.4285714286,262.579930877634,NA,NA,1,NA,NA,15235.4285714286,3808.85714285715,1142.65714285714
2021-06-27,"Germany","",19256,15235.4285714286,262.579930877634,NA,NA,1,NA,NA,15235.4285714286,3808.85714285715,1142.65714285714
2021-06-28,"Germany","",19256,15235.4285714286,262.579930877634,NA,NA,1,NA,NA,15235.4285714286,3808.85714285715,1142.65714285714
2021-06-29,"Germany","",19256,15235.4285714286,262.579930877634,NA,NA,1,NA,NA,15235.4285714286,3808.85714285715,1142.65714285714
2021-06-30,"Germany","",19256,15235.4285714286,262.579930877634,NA,NA,1,NA,NA,15235.4285714286,3808.85714285715,1142.65714285714
2021-07-01,"Germany","",19256,15235.4285714286,262.579930877634,NA,NA,1,NA,NA,15235.4285714286,3808.85714285715,1142.65714285714
2021-07-02,"Germany","",19256,15235.4285714286,262.579930877634,NA,NA,1,NA,NA,15235.4285714286,3808.85714285715,1142.65714285714
2021-07-03,"Germany","",19256,15235.4285714286,262.579930877634,NA,NA,1,NA,NA,15235.4285714286,3808.85714285715,1142.65714285714
2021-07-04,"Germany","",19256,15235.4285714286,262.579930877634,NA,NA,1,NA,NA,15235.4285714286,3808.85714285715,1142.65714285714
2021-07-05,"Germany","",19256,15235.4285714286,262.579930877634,NA,NA,1,NA,NA,15235.4285714286,3808.85714285715,1142.65714285714
2021-07-06,"Germany","",19256,15235.4285714286,262.579930877634,NA,NA,1,NA,NA,15235.4285714286,3808.85714285715,1142.65714285714
2021-07-07,"Germany","",19256,15235.4285714286,262.579930877634,NA,NA,1,NA,NA,15235.4285714286,3808.85714285715,1142.65714285714
2021-07-08,"Germany","",19256,15235.4285714286,262.579930877634,NA,NA,1,NA,NA,15235.4285714286,3808.85714285715,1142.65714285714
2021-07-09,"Germany","",19256,15235.4285714286,262.579930877634,NA,NA,1,NA,NA,15235.4285714286,3808.85714285715,1142.65714285714
2021-07-10,"Germany","",19256,15235.4285714286,262.579930877634,NA,NA,1,NA,NA,15235.4285714286,3808.85714285715,1142.65714285714
2021-07-11,"Germany","",19256,15235.4285714286,262.579930877634,NA,NA,1,NA,NA,15235.4285714286,3808.85714285715,1142.65714285714
2021-07-12,"Germany","",19256,15235.4285714286,262.579930877634,NA,NA,1,NA,NA,15235.4285714286,3808.85714285715,1142.65714285714
2021-07-13,"Germany","",19256,15235.4285714286,262.579930877634,NA,NA,1,NA,NA,15235.4285714286,3808.85714285715,1142.65714285714
2021-07-14,"Germany","",19256,15235.4285714286,262.579930877634,NA,NA,1,NA,NA,15235.4285714286,3808.85714285715,1142.65714285714
2021-07-15,"Germany","",19256,15235.4285714286,262.579930877634,NA,NA,1,NA,NA,15235.4285714286,3808.85714285715,1142.65714285714
2021-07-16,"Germany","",19256,15235.4285714286,262.579930877634,NA,NA,1,NA,NA,15235.4285714286,3808.85714285715,1142.65714285714
2021-07-17,"Germany","",19256,15235.4285714286,262.579930877634,NA,NA,1,NA,NA,15235.4285714286,3808.85714285715,1142.65714285714
2021-07-18,"Germany","",19256,15235.4285714286,262.579930877634,NA,NA,1,NA,NA,15235.4285714286,3808.85714285715,1142.65714285714
2021-07-19,"Germany","",19256,15235.4285714286,262.579930877634,NA,NA,1,NA,NA,15235.4285714286,3808.85714285715,1142.65714285714
2021-07-20,"Germany","",19256,15235.4285714286,262.579930877634,NA,NA,1,NA,NA,15235.4285714286,3808.85714285715,1142.65714285714
2021-07-21,"Germany","",19256,15235.4285714286,262.579930877634,NA,NA,1,NA,NA,15235.4285714286,3808.85714285715,1142.65714285714
2021-07-22,"Germany","",19256,15235.4285714286,262.579930877634,NA,NA,1,NA,NA,15235.4285714286,3808.85714285715,1142.65714285714
2021-07-23,"Germany","",19256,15235.4285714286,262.579930877634,NA,NA,1,NA,NA,15235.4285714286,3808.85714285715,1142.65714285714
2021-07-24,"Germany","",19256,15235.4285714286,262.579930877634,NA,NA,1,NA,NA,15235.4285714286,3808.85714285715,1142.65714285714
2021-07-25,"Germany","",19256,15235.4285714286,262.579930877634,NA,NA,1,NA,NA,15235.4285714286,3808.85714285715,1142.65714285714
2021-07-26,"Germany","",19256,15235.4285714286,262.579930877634,NA,NA,1,NA,NA,15235.4285714286,3808.85714285715,1142.65714285714
2021-07-27,"Germany","",19256,15235.4285714286,262.579930877634,NA,NA,1,NA,NA,15235.4285714286,3808.85714285715,1142.65714285714
2021-07-28,"Germany","",19256,15235.4285714286,262.579930877634,NA,NA,1,NA,NA,15235.4285714286,3808.85714285715,1142.65714285714
2021-07-29,"Germany","",19256,15235.4285714286,262.579930877634,NA,NA,1,NA,NA,15235.4285714286,3808.85714285715,1142.65714285714
2021-07-30,"Germany","",19256,15235.4285714286,262.579930877634,NA,NA,1,NA,NA,15235.4285714286,3808.85714285715,1142.65714285714
2021-07-31,"Germany","",19256,15235.4285714286,262.579930877634,NA,NA,1,NA,NA,15235.4285714286,3808.85714285715,1142.65714285714
2021-08-01,"Germany","",19256,15235.4285714286,262.579930877634,NA,NA,1,NA,NA,15235.4285714286,3808.85714285715,1142.65714285714
2021-08-02,"Germany","",19256,15235.4285714286,262.579930877634,NA,NA,1,NA,NA,15235.4285714286,3808.85714285715,1142.65714285714
2021-08-03,"Germany","",19256,15235.4285714286,262.579930877634,NA,NA,1,NA,NA,15235.4285714286,3808.85714285715,1142.65714285714
2021-08-04,"Germany","",19256,15235.4285714286,262.579930877634,NA,NA,1,NA,NA,15235.4285714286,3808.85714285715,1142.65714285714
2021-08-05,"Germany","",19256,15235.4285714286,262.579930877634,NA,NA,1,NA,NA,15235.4285714286,3808.85714285715,1142.65714285714
2021-08-06,"Germany","",19256,15235.4285714286,262.579930877634,NA,NA,1,NA,NA,15235.4285714286,3808.85714285715,1142.65714285714
2021-08-07,"Germany","",19256,15235.4285714286,262.579930877634,NA,NA,1,NA,NA,15235.4285714286,3808.85714285715,1142.65714285714
2021-08-08,"Germany","",19256,15235.4285714286,262.579930877634,NA,NA,1,NA,NA,15235.4285714286,3808.85714285715,1142.65714285714
2021-08-09,"Germany","",19256,15235.4285714286,262.579930877634,NA,NA,1,NA,NA,15235.4285714286,3808.85714285715,1142.65714285714
2021-08-10,"Germany","",19256,15235.4285714286,262.579930877634,NA,NA,1,NA,NA,15235.4285714286,3808.85714285715,1142.65714285714
2021-08-11,"Germany","",19256,15235.4285714286,262.579930877634,NA,NA,1,NA,NA,15235.4285714286,3808.85714285715,1142.65714285714
2021-08-12,"Germany","",19256,15235.4285714286,262.579930877634,NA,NA,1,NA,NA,15235.4285714286,3808.85714285715,1142.65714285714
2021-08-13,"Germany","",19256,15235.4285714286,262.579930877634,NA,NA,1,NA,NA,15235.4285714286,3808.85714285715,1142.65714285714
2021-08-14,"Germany","",19256,15235.4285714286,262.579930877634,NA,NA,1,NA,NA,15235.4285714286,3808.85714285715,1142.65714285714
2021-08-15,"Germany","",19256,15235.4285714286,262.579930877634,NA,NA,1,NA,NA,15235.4285714286,3808.85714285715,1142.65714285714
2021-08-16,"Germany","",19256,15235.4285714286,262.579930877634,NA,NA,1,NA,NA,15235.4285714286,3808.85714285715,1142.65714285714
2021-08-17,"Germany","",19256,15235.4285714286,262.579930877634,NA,NA,1,NA,NA,15235.4285714286,3808.85714285715,1142.65714285714
2021-08-18,"Germany","",19256,15235.4285714286,262.579930877634,NA,NA,1,NA,NA,15235.4285714286,3808.85714285715,1142.65714285714
2021-08-19,"Germany","",19256,15235.4285714286,262.579930877634,NA,NA,1,NA,NA,15235.4285714286,3808.85714285715,1142.65714285714
2021-08-20,"Germany","",19256,15235.4285714286,262.579930877634,NA,NA,1,NA,NA,15235.4285714286,3808.85714285715,1142.65714285714
2021-08-21,"Germany","",19256,15235.4285714286,262.579930877634,NA,NA,1,NA,NA,15235.4285714286,3808.85714285715,1142.65714285714
2021-08-22,"Germany","",19256,15235.4285714286,262.579930877634,NA,NA,1,NA,NA,15235.4285714286,3808.85714285715,1142.65714285714
2021-08-23,"Germany","",19256,15235.4285714286,262.579930877634,NA,NA,1,NA,NA,15235.4285714286,3808.85714285715,1142.65714285714
2021-08-24,"Germany","",19256,15235.4285714286,262.579930877634,NA,NA,1,NA,NA,15235.4285714286,3808.85714285715,1142.65714285714
2021-08-25,"Germany","",19256,15235.4285714286,262.579930877634,NA,NA,1,NA,NA,15235.4285714286,3808.85714285715,1142.65714285714
2021-08-26,"Germany","",19256,15235.4285714286,262.579930877634,NA,NA,1,NA,NA,15235.4285714286,3808.85714285715,1142.65714285714
2021-08-27,"Germany","",19256,15235.4285714286,262.579930877634,NA,NA,1,NA,NA,15235.4285714286,3808.85714285715,1142.65714285714
2021-08-28,"Germany","",19256,15235.4285714286,262.579930877634,NA,NA,1,NA,NA,15235.4285714286,3808.85714285715,1142.65714285714
2021-08-29,"Germany","",19256,15235.4285714286,262.579930877634,NA,NA,1,NA,NA,15235.4285714286,3808.85714285715,1142.65714285714
2021-08-30,"Germany","",19256,15235.4285714286,262.579930877634,NA,NA,1,NA,NA,15235.4285714286,3808.85714285715,1142.65714285714
2021-08-31,"Germany","",19256,15235.4285714286,262.579930877634,NA,NA,1,NA,NA,15235.4285714286,3808.85714285715,1142.65714285714
2021-09-01,"Germany","",19256,15235.4285714286,262.579930877634,NA,NA,1,NA,NA,15235.4285714286,3808.85714285715,1142.65714285714
2021-09-02,"Germany","",19256,15235.4285714286,262.579930877634,NA,NA,1,NA,NA,15235.4285714286,3808.85714285715,1142.65714285714
2021-09-03,"Germany","",19256,15235.4285714286,262.579930877634,NA,NA,1,NA,NA,15235.4285714286,3808.85714285715,1142.65714285714
2021-09-04,"Germany","",19256,15235.4285714286,262.579930877634,NA,NA,1,NA,NA,15235.4285714286,3808.85714285715,1142.65714285714
2021-09-05,"Germany","",19256,15235.4285714286,262.579930877634,NA,NA,1,NA,NA,15235.4285714286,3808.85714285715,1142.65714285714
2021-09-06,"Germany","",19256,15235.4285714286,262.579930877634,NA,NA,1,NA,NA,15235.4285714286,3808.85714285715,1142.65714285714
2021-09-07,"Germany","",19256,15235.4285714286,262.579930877634,NA,NA,1,NA,NA,15235.4285714286,3808.85714285715,1142.65714285714
2021-09-08,"Germany","",19256,15235.4285714286,262.579930877634,NA,NA,1,NA,NA,15235.4285714286,3808.85714285715,1142.65714285714
2021-09-09,"Germany","",19256,15235.4285714286,262.579930877634,NA,NA,1,NA,NA,15235.4285714286,3808.85714285715,1142.65714285714
2021-09-10,"Germany","",19256,15235.4285714286,262.579930877634,NA,NA,1,NA,NA,15235.4285714286,3808.85714285715,1142.65714285714
2021-09-11,"Germany","",19256,15235.4285714286,262.579930877634,NA,NA,1,NA,NA,15235.4285714286,3808.85714285715,1142.65714285714
2021-09-12,"Germany","",19256,15235.4285714286,262.579930877634,NA,NA,1,NA,NA,15235.4285714286,3808.85714285715,1142.65714285714
2021-09-13,"Germany","",19256,15235.4285714286,262.579930877634,NA,NA,1,NA,NA,15235.4285714286,3808.85714285715,1142.65714285714
2021-09-14,"Germany","",19256,15235.4285714286,262.579930877634,NA,NA,1,NA,NA,15235.4285714286,3808.85714285715,1142.65714285714
2021-09-15,"Germany","",19256,15235.4285714286,262.579930877634,NA,NA,1,NA,NA,15235.4285714286,3808.85714285715,1142.65714285714
2021-09-16,"Germany","",19256,15235.4285714286,262.579930877634,NA,NA,1,NA,NA,15235.4285714286,3808.85714285715,1142.65714285714
2021-09-17,"Germany","",19256,15235.4285714286,262.579930877634,NA,NA,1,NA,NA,15235.4285714286,3808.85714285715,1142.65714285714
2021-09-18,"Germany","",19256,15235.4285714286,262.579930877634,NA,NA,1,NA,NA,15235.4285714286,3808.85714285715,1142.65714285714
2021-09-19,"Germany","",19256,15235.4285714286,262.579930877634,NA,NA,1,NA,NA,15235.4285714286,3808.85714285715,1142.65714285714
2021-09-20,"Germany","",19256,15235.4285714286,262.579930877634,NA,NA,1,NA,NA,15235.4285714286,3808.85714285715,1142.65714285714
2021-09-21,"Germany","",19256,15235.4285714286,262.579930877634,NA,NA,1,NA,NA,15235.4285714286,3808.85714285715,1142.65714285714
2021-09-22,"Germany","",19256,15235.4285714286,262.579930877634,NA,NA,1,NA,NA,15235.4285714286,3808.85714285715,1142.65714285714
2021-09-23,"Germany","",19256,15235.4285714286,262.579930877634,NA,NA,1,NA,NA,15235.4285714286,3808.85714285715,1142.65714285714
2021-09-24,"Germany","",19256,15235.4285714286,262.579930877634,NA,NA,1,NA,NA,15235.4285714286,3808.85714285715,1142.65714285714
2021-09-25,"Germany","",19256,15235.4285714286,262.579930877634,NA,NA,1,NA,NA,15235.4285714286,3808.85714285715,1142.65714285714
2021-09-26,"Germany","",19256,15235.4285714286,262.579930877634,NA,NA,1,NA,NA,15235.4285714286,3808.85714285715,1142.65714285714
2021-09-27,"Germany","",19256,15235.4285714286,262.579930877634,NA,NA,1,NA,NA,15235.4285714286,3808.85714285715,1142.65714285714
2021-09-28,"Germany","",19256,15235.4285714286,262.579930877634,NA,NA,1,NA,NA,15235.4285714286,3808.85714285715,1142.65714285714
2021-09-29,"Germany","",19256,15235.4285714286,262.579930877634,NA,NA,1,NA,NA,15235.4285714286,3808.85714285715,1142.65714285714
2021-09-30,"Germany","",19256,15235.4285714286,262.579930877634,NA,NA,1,NA,NA,15235.4285714286,3808.85714285715,1142.65714285714
2021-10-01,"Germany","",19256,15235.4285714286,262.579930877634,NA,NA,1,NA,NA,15235.4285714286,3808.85714285715,1142.65714285714
2021-10-02,"Germany","",19256,15235.4285714286,262.579930877634,NA,NA,1,NA,NA,15235.4285714286,3808.85714285715,1142.65714285714
2021-10-03,"Germany","",19256,15235.4285714286,262.579930877634,NA,NA,1,NA,NA,15235.4285714286,3808.85714285715,1142.65714285714
2021-10-04,"Germany","",19256,15235.4285714286,262.579930877634,NA,NA,1,NA,NA,15235.4285714286,3808.85714285715,1142.65714285714
2021-10-05,"Germany","",19256,15235.4285714286,262.579930877634,NA,NA,1,NA,NA,15235.4285714286,3808.85714285715,1142.65714285714
2021-10-06,"Germany","",19256,15235.4285714286,262.579930877634,NA,NA,1,NA,NA,15235.4285714286,3808.85714285715,1142.65714285714
2021-10-07,"Germany","",19256,15235.4285714286,262.579930877634,NA,NA,1,NA,NA,15235.4285714286,3808.85714285715,1142.65714285714
2021-10-08,"Germany","",19256,15235.4285714286,262.579930877634,NA,NA,1,NA,NA,15235.4285714286,3808.85714285715,1142.65714285714
2021-10-09,"Germany","",19256,15235.4285714286,262.579930877634,NA,NA,1,NA,NA,15235.4285714286,3808.85714285715,1142.65714285714
2021-10-10,"Germany","",19256,15235.4285714286,262.579930877634,NA,NA,1,NA,NA,15235.4285714286,3808.85714285715,1142.65714285714
2021-10-11,"Germany","",19256,15235.4285714286,262.579930877634,NA,NA,1,NA,NA,15235.4285714286,3808.85714285715,1142.65714285714
2021-10-12,"Germany","",19256,15235.4285714286,262.579930877634,NA,NA,1,NA,NA,15235.4285714286,3808.85714285715,1142.65714285714
2021-10-13,"Germany","",19256,15235.4285714286,262.579930877634,NA,NA,1,NA,NA,15235.4285714286,3808.85714285715,1142.65714285714
2021-10-14,"Germany","",19256,15235.4285714286,262.579930877634,NA,NA,1,NA,NA,15235.4285714286,3808.85714285715,1142.65714285714
2021-10-15,"Germany","",19256,15235.4285714286,262.579930877634,NA,NA,1,NA,NA,15235.4285714286,3808.85714285715,1142.65714285714
2021-10-16,"Germany","",19256,15235.4285714286,262.579930877634,NA,NA,1,NA,NA,15235.4285714286,3808.85714285715,1142.65714285714
2021-10-17,"Germany","",19256,15235.4285714286,262.579930877634,NA,NA,1,NA,NA,15235.4285714286,3808.85714285715,1142.65714285714
2021-10-18,"Germany","",19256,15235.4285714286,262.579930877634,NA,NA,1,NA,NA,15235.4285714286,3808.85714285715,1142.65714285714
2021-10-19,"Germany","",19256,15235.4285714286,262.579930877634,NA,NA,1,NA,NA,15235.4285714286,3808.85714285715,1142.65714285714
2021-10-20,"Germany","",19256,15235.4285714286,262.579930877634,NA,NA,1,NA,NA,15235.4285714286,3808.85714285715,1142.65714285714
2021-10-21,"Germany","",19256,15235.4285714286,262.579930877634,NA,NA,1,NA,NA,15235.4285714286,3808.85714285715,1142.65714285714
2021-10-22,"Germany","",19256,15235.4285714286,262.579930877634,NA,NA,1,NA,NA,15235.4285714286,3808.85714285715,1142.65714285714
2021-10-23,"Germany","",19256,15235.4285714286,262.579930877634,NA,NA,1,NA,NA,15235.4285714286,3808.85714285715,1142.65714285714
2021-10-24,"Germany","",19256,15235.4285714286,262.579930877634,NA,NA,1,NA,NA,15235.4285714286,3808.85714285715,1142.65714285714
2021-10-25,"Germany","",19256,15235.4285714286,262.579930877634,NA,NA,1,NA,NA,15235.4285714286,3808.85714285715,1142.65714285714
2021-10-26,"Germany","",19256,15235.4285714286,262.579930877634,NA,NA,1,NA,NA,15235.4285714286,3808.85714285715,1142.65714285714
2021-10-27,"Germany","",19256,15235.4285714286,262.579930877634,NA,NA,1,NA,NA,15235.4285714286,3808.85714285715,1142.65714285714
2021-10-28,"Germany","",19256,15235.4285714286,262.579930877634,NA,NA,1,NA,NA,15235.4285714286,3808.85714285715,1142.65714285714
2021-10-29,"Germany","",19256,15235.4285714286,262.579930877634,NA,NA,1,NA,NA,15235.4285714286,3808.85714285715,1142.65714285714
2021-10-30,"Germany","",19256,15235.4285714286,262.579930877634,NA,NA,1,NA,NA,15235.4285714286,3808.85714285715,1142.65714285714
2021-10-31,"Germany","",19256,15235.4285714286,262.579930877634,NA,NA,1,NA,NA,15235.4285714286,3808.85714285715,1142.65714285714
2021-11-01,"Germany","",19256,15235.4285714286,262.579930877634,NA,NA,1,NA,NA,15235.4285714286,3808.85714285715,1142.65714285714
2021-11-02,"Germany","",19256,15235.4285714286,262.579930877634,NA,NA,1,NA,NA,15235.4285714286,3808.85714285715,1142.65714285714
2021-11-03,"Germany","",19256,15235.4285714286,262.579930877634,NA,NA,1,NA,NA,15235.4285714286,3808.85714285715,1142.65714285714
2021-11-04,"Germany","",19256,15235.4285714286,262.579930877634,NA,NA,1,NA,NA,15235.4285714286,3808.85714285715,1142.65714285714
2021-11-05,"Germany","",19256,15235.4285714286,262.579930877634,NA,NA,1,NA,NA,15235.4285714286,3808.85714285715,1142.65714285714
2021-11-06,"Germany","",19256,15235.4285714286,262.579930877634,NA,NA,1,NA,NA,15235.4285714286,3808.85714285715,1142.65714285714
2021-11-07,"Germany","",19256,15235.4285714286,262.579930877634,NA,NA,1,NA,NA,15235.4285714286,3808.85714285715,1142.65714285714
2021-11-08,"Germany","",19256,15235.4285714286,262.579930877634,NA,NA,1,NA,NA,15235.4285714286,3808.85714285715,1142.65714285714
2021-11-09,"Germany","",19256,15235.4285714286,262.579930877634,NA,NA,1,NA,NA,15235.4285714286,3808.85714285715,1142.65714285714
2021-11-10,"Germany","",19256,15235.4285714286,262.579930877634,NA,NA,1,NA,NA,15235.4285714286,3808.85714285715,1142.65714285714
2021-11-11,"Germany","",19256,15235.4285714286,262.579930877634,NA,NA,1,NA,NA,15235.4285714286,3808.85714285715,1142.65714285714
2021-11-12,"Germany","",19256,15235.4285714286,262.579930877634,NA,NA,1,NA,NA,15235.4285714286,3808.85714285715,1142.65714285714
2021-11-13,"Germany","",19256,15235.4285714286,262.579930877634,NA,NA,1,NA,NA,15235.4285714286,3808.85714285715,1142.65714285714
2021-11-14,"Germany","",19256,15235.4285714286,262.579930877634,NA,NA,1,NA,NA,15235.4285714286,3808.85714285715,1142.65714285714
2021-11-15,"Germany","",19256,15235.4285714286,262.579930877634,NA,NA,1,NA,NA,15235.4285714286,3808.85714285715,1142.65714285714
2021-11-16,"Germany","",19256,15235.4285714286,262.579930877634,NA,NA,1,NA,NA,15235.4285714286,3808.85714285715,1142.65714285714
2021-11-17,"Germany","",19256,15235.4285714286,262.579930877634,NA,NA,1,NA,NA,15235.4285714286,3808.85714285715,1142.65714285714
2021-11-18,"Germany","",19256,15235.4285714286,262.579930877634,NA,NA,1,NA,NA,15235.4285714286,3808.85714285715,1142.65714285714
2021-11-19,"Germany","",19256,15235.4285714286,262.579930877634,NA,NA,1,NA,NA,15235.4285714286,3808.85714285715,1142.65714285714
2021-11-20,"Germany","",19256,15235.4285714286,262.579930877634,NA,NA,1,NA,NA,15235.4285714286,3808.85714285715,1142.65714285714
2021-11-21,"Germany","",19256,15235.4285714286,262.579930877634,NA,NA,1,NA,NA,15235.4285714286,3808.85714285715,1142.65714285714
2021-11-22,"Germany","",19256,15235.4285714286,262.579930877634,NA,NA,1,NA,NA,15235.4285714286,3808.85714285715,1142.65714285714
2021-11-23,"Germany","",19256,15235.4285714286,262.579930877634,NA,NA,1,NA,NA,15235.4285714286,3808.85714285715,1142.65714285714
2021-11-24,"Germany","",19256,15235.4285714286,262.579930877634,NA,NA,1,NA,NA,15235.4285714286,3808.85714285715,1142.65714285714
2021-11-25,"Germany","",19256,15235.4285714286,262.579930877634,NA,NA,1,NA,NA,15235.4285714286,3808.85714285715,1142.65714285714
2021-11-26,"Germany","",19256,15235.4285714286,262.579930877634,NA,NA,1,NA,NA,15235.4285714286,3808.85714285715,1142.65714285714
2021-11-27,"Germany","",19256,15235.4285714286,262.579930877634,NA,NA,1,NA,NA,15235.4285714286,3808.85714285715,1142.65714285714
2021-11-28,"Germany","",19256,15235.4285714286,262.579930877634,NA,NA,1,NA,NA,15235.4285714286,3808.85714285715,1142.65714285714
2021-11-29,"Germany","",19256,15235.4285714286,262.579930877634,NA,NA,1,NA,NA,15235.4285714286,3808.85714285715,1142.65714285714
2021-11-30,"Germany","",19256,15235.4285714286,262.579930877634,NA,NA,1,NA,NA,15235.4285714286,3808.85714285715,1142.65714285714
2021-12-01,"Germany","",19256,15235.4285714286,262.579930877634,NA,NA,1,NA,NA,15235.4285714286,3808.85714285715,1142.65714285714
2021-12-02,"Germany","",19256,15235.4285714286,262.579930877634,NA,NA,1,NA,NA,15235.4285714286,3808.85714285715,1142.65714285714
2021-12-03,"Germany","",19256,15235.4285714286,262.579930877634,NA,NA,1,NA,NA,15235.4285714286,3808.85714285715,1142.65714285714
2021-12-04,"Germany","",19256,15235.4285714286,262.579930877634,NA,NA,1,NA,NA,15235.4285714286,3808.85714285715,1142.65714285714
2021-12-05,"Germany","",19256,15235.4285714286,262.579930877634,NA,NA,1,NA,NA,15235.4285714286,3808.85714285715,1142.65714285714
2021-12-06,"Germany","",19256,15235.4285714286,262.579930877634,NA,NA,1,NA,NA,15235.4285714286,3808.85714285715,1142.65714285714
2021-12-07,"Germany","",19256,15235.4285714286,262.579930877634,NA,NA,1,NA,NA,15235.4285714286,3808.85714285715,1142.65714285714
2021-12-08,"Germany","",19256,15235.4285714286,262.579930877634,NA,NA,1,NA,NA,15235.4285714286,3808.85714285715,1142.65714285714
2021-12-09,"Germany","",19256,15235.4285714286,262.579930877634,NA,NA,1,NA,NA,15235.4285714286,3808.85714285715,1142.65714285714
2021-12-10,"Germany","",19256,15235.4285714286,262.579930877634,NA,NA,1,NA,NA,15235.4285714286,3808.85714285715,1142.65714285714
2021-12-11,"Germany","",19256,15235.4285714286,262.579930877634,NA,NA,1,NA,NA,15235.4285714286,3808.85714285715,1142.65714285714
2021-12-12,"Germany","",19256,15235.4285714286,262.579930877634,NA,NA,1,NA,NA,15235.4285714286,3808.85714285715,1142.65714285714
2021-12-13,"Germany","",19256,15235.4285714286,262.579930877634,NA,NA,1,NA,NA,15235.4285714286,3808.85714285715,1142.65714285714
2021-12-14,"Germany","",19256,15235.4285714286,262.579930877634,NA,NA,1,NA,NA,15235.4285714286,3808.85714285715,1142.65714285714
2021-12-15,"Germany","",19256,15235.4285714286,262.579930877634,NA,NA,1,NA,NA,15235.4285714286,3808.85714285715,1142.65714285714
2021-12-16,"Germany","",19256,15235.4285714286,262.579930877634,NA,NA,1,NA,NA,15235.4285714286,3808.85714285715,1142.65714285714
2021-12-17,"Germany","",19256,15235.4285714286,262.579930877634,NA,NA,1,NA,NA,15235.4285714286,3808.85714285715,1142.65714285714
2021-12-18,"Germany","",19256,15235.4285714286,262.579930877634,NA,NA,1,NA,NA,15235.4285714286,3808.85714285715,1142.65714285714
2021-12-19,"Germany","",19256,15235.4285714286,262.579930877634,NA,NA,1,NA,NA,15235.4285714286,3808.85714285715,1142.65714285714
2021-12-20,"Germany","",19256,15235.4285714286,262.579930877634,NA,NA,1,NA,NA,15235.4285714286,3808.85714285715,1142.65714285714
2021-12-21,"Germany","",19256,15235.4285714286,262.579930877634,NA,NA,1,NA,NA,15235.4285714286,3808.85714285715,1142.65714285714
2021-12-22,"Germany","",19256,15235.4285714286,262.579930877634,NA,NA,1,NA,NA,15235.4285714286,3808.85714285715,1142.65714285714
2021-12-23,"Germany","",19256,15235.4285714286,262.579930877634,NA,NA,1,NA,NA,15235.4285714286,3808.85714285715,1142.65714285714
2021-12-24,"Germany","",19256,15235.4285714286,262.579930877634,NA,NA,1,NA,NA,15235.4285714286,3808.85714285715,1142.65714285714
2021-12-25,"Germany","",19256,15235.4285714286,262.579930877634,NA,NA,1,NA,NA,15235.4285714286,3808.85714285715,1142.65714285714
2021-12-26,"Germany","",19256,15235.4285714286,262.579930877634,NA,NA,1,NA,NA,15235.4285714286,3808.85714285715,1142.65714285714
2021-12-27,"Germany","",19256,15235.4285714286,262.579930877634,NA,NA,1,NA,NA,15235.4285714286,3808.85714285715,1142.65714285714
2021-12-28,"Germany","",19256,15235.4285714286,262.579930877634,NA,NA,1,NA,NA,15235.4285714286,3808.85714285715,1142.65714285714
2021-12-29,"Germany","",19256,15235.4285714286,262.579930877634,NA,NA,1,NA,NA,15235.4285714286,3808.85714285715,1142.65714285714
2021-12-30,"Germany","",19256,15235.4285714286,262.579930877634,NA,NA,1,NA,NA,15235.4285714286,3808.85714285715,1142.65714285714
2021-12-31,"Germany","",19256,15235.4285714286,262.579930877634,NA,NA,1,NA,NA,15235.4285714286,3808.85714285715,1142.65714285714
