"Date","CountryName","RegionName","cases","PredictedDailyNewCases","PredictedDailyNewDeaths","avgcases7days_delta","avgdeaths7days_delta","isSpecialty","PredictedDailyNewHospital","PredictedDailyNewICU"
2020-01-01,"Ethiopia","",0,0,0,0,0,0,0,0
2020-01-02,"Ethiopia","",0,0,0,NA,NA,0,0,0
2020-01-03,"Ethiopia","",0,0,0,NA,NA,0,0,0
2020-01-04,"Ethiopia","",0,0,0,NA,NA,0,0,0
2020-01-05,"Ethiopia","",0,0,0,NA,NA,0,0,0
2020-01-06,"Ethiopia","",0,0,0,NA,NA,0,0,0
2020-01-07,"Ethiopia","",0,0,0,NA,NA,0,0,0
2020-01-08,"Ethiopia","",0,0,0,NA,NA,0,0,0
2020-01-09,"Ethiopia","",0,0,0,NA,NA,0,0,0
2020-01-10,"Ethiopia","",0,0,0,NA,NA,0,0,0
2020-01-11,"Ethiopia","",0,0,0,NA,NA,0,0,0
2020-01-12,"Ethiopia","",0,0,0,NA,NA,0,0,0
2020-01-13,"Ethiopia","",0,0,0,NA,NA,0,0,0
2020-01-14,"Ethiopia","",0,0,0,NA,NA,0,0,0
2020-01-15,"Ethiopia","",0,0,0,NA,NA,0,0,0
2020-01-16,"Ethiopia","",0,0,0,NA,NA,0,0,0
2020-01-17,"Ethiopia","",0,0,0,NA,NA,0,0,0
2020-01-18,"Ethiopia","",0,0,0,NA,NA,0,0,0
2020-01-19,"Ethiopia","",0,0,0,NA,NA,0,0,0
2020-01-20,"Ethiopia","",0,0,0,NA,NA,0,0,0
2020-01-21,"Ethiopia","",0,0,0,NA,NA,0,0,0
2020-01-22,"Ethiopia","",0,0,0,NA,NA,0,0,0
2020-01-23,"Ethiopia","",0,0,0,NA,NA,0,0,0
2020-01-24,"Ethiopia","",0,0,0,NA,NA,0,0,0
2020-01-25,"Ethiopia","",0,0,0,NA,NA,0,0,0
2020-01-26,"Ethiopia","",0,0,0,NA,NA,0,0,0
2020-01-27,"Ethiopia","",0,0,0,NA,NA,0,0,0
2020-01-28,"Ethiopia","",0,0,0,NA,NA,0,0,0
2020-01-29,"Ethiopia","",0,0,0,NA,NA,0,0,0
2020-01-30,"Ethiopia","",0,0,0,0,0,0,0,0
2020-01-31,"Ethiopia","",0,0,0,0,0,0,0,0
2020-02-01,"Ethiopia","",0,0,0,0,0,0,0,0
2020-02-02,"Ethiopia","",0,0,0,0,0,0,0,0
2020-02-03,"Ethiopia","",0,0,0,0,0,0,0,0
2020-02-04,"Ethiopia","",0,0,0,0,0,0,0,0
2020-02-05,"Ethiopia","",0,0,0,0,0,0,0,0
2020-02-06,"Ethiopia","",0,0,0,0,0,0,0,0
2020-02-07,"Ethiopia","",0,0,0,0,0,0,0,0
2020-02-08,"Ethiopia","",0,0,0,0,0,0,0,0
2020-02-09,"Ethiopia","",0,0,0,0,0,0,0,0
2020-02-10,"Ethiopia","",0,0,0,0,0,0,0,0
2020-02-11,"Ethiopia","",0,0,0,0,0,0,0,0
2020-02-12,"Ethiopia","",0,0,0,0,0,0,0,0
2020-02-13,"Ethiopia","",0,0,0,0,0,0,0,0
2020-02-14,"Ethiopia","",0,0,0,0,0,0,0,0
2020-02-15,"Ethiopia","",0,0,0,0,0,0,0,0
2020-02-16,"Ethiopia","",0,0,0,0,0,0,0,0
2020-02-17,"Ethiopia","",0,0,0,0,0,0,0,0
2020-02-18,"Ethiopia","",0,0,0,0,0,0,0,0
2020-02-19,"Ethiopia","",0,0,0,0,0,0,0,0
2020-02-20,"Ethiopia","",0,0,0,0,0,0,0,0
2020-02-21,"Ethiopia","",0,0,0,0,0,0,0,0
2020-02-22,"Ethiopia","",0,0,0,0,0,0,0,0
2020-02-23,"Ethiopia","",0,0,0,0,0,0,0,0
2020-02-24,"Ethiopia","",0,0,0,0,0,0,0,0
2020-02-25,"Ethiopia","",0,0,0,0,0,0,0,0
2020-02-26,"Ethiopia","",0,0,0,0,0,0,0,0
2020-02-27,"Ethiopia","",0,0,0,0,0,0,0,0
2020-02-28,"Ethiopia","",0,0,0,0,0,0,0,0
2020-02-29,"Ethiopia","",0,0,0,0,0,0,0,0
2020-03-01,"Ethiopia","",0,0,0,0,0,0,0,0
2020-03-02,"Ethiopia","",0,0,0,0,0,0,0,0
2020-03-03,"Ethiopia","",0,0,0,0,0,0,0,0
2020-03-04,"Ethiopia","",0,0,0,0,0,0,0,0
2020-03-05,"Ethiopia","",0,0,0,0,0,0,0,0
2020-03-06,"Ethiopia","",0,0,0,0,0,0,0,0
2020-03-07,"Ethiopia","",0,0,0,0,0,0,0,0
2020-03-08,"Ethiopia","",0,0,0,0,0,0,0,0
2020-03-09,"Ethiopia","",0,0,0,0,0,0,0,0
2020-03-10,"Ethiopia","",0,0,0,0,0,0,0,0
2020-03-11,"Ethiopia","",0,0,0,0,0,0,0,0
2020-03-12,"Ethiopia","",0,0,0,0,0,0,0,0
2020-03-13,"Ethiopia","",1,0.142857142857143,0,0.142857142857143,0,0,0,0
2020-03-14,"Ethiopia","",0,0.142857142857143,0,0,0,0,0,0
2020-03-15,"Ethiopia","",0,0.142857142857143,0,0,0,0,0,0
2020-03-16,"Ethiopia","",4,0.714285714285714,0,0.571428571428571,0,0,0,0
2020-03-17,"Ethiopia","",0,0.714285714285714,0,0,0,0,0,0
2020-03-18,"Ethiopia","",1,0.857142857142857,0,0.142857142857143,0,0,0,0
2020-03-19,"Ethiopia","",0,0.857142857142857,0,0,0,0,0.0357142857142857,0.0107142857142857
2020-03-20,"Ethiopia","",3,1.14285714285714,0,0.285714285714286,0,0,0.0357142857142857,0.0107142857142857
2020-03-21,"Ethiopia","",0,1.14285714285714,0,0,0,0,0.0357142857142857,0.0107142857142857
2020-03-22,"Ethiopia","",2,1.42857142857143,0,0.285714285714286,0,0,0.178571428571428,0.0535714285714285
2020-03-23,"Ethiopia","",0,0.857142857142857,0,-0.571428571428572,0,0,0.178571428571428,0.0535714285714285
2020-03-24,"Ethiopia","",1,1,0,0.142857142857143,0,0,0.214285714285714,0.0642857142857143
2020-03-25,"Ethiopia","",0,0.857142857142857,0,-0.142857142857143,0,0,0.214285714285714,0.0642857142857143
2020-03-26,"Ethiopia","",0,0.857142857142857,0,0,0,0,0.285714285714285,0.0857142857142855
2020-03-27,"Ethiopia","",4,1,0,0.142857142857143,0,0,0.285714285714285,0.0857142857142855
2020-03-28,"Ethiopia","",0,1,0,0,0,0,0.357142857142857,0.107142857142857
2020-03-29,"Ethiopia","",5,1.42857142857143,0,0.428571428571429,0,0,0.214285714285714,0.0642857142857143
2020-03-30,"Ethiopia","",2,1.71428571428571,0,0.285714285714286,0,0,0.25,0.075
2020-03-31,"Ethiopia","",3,2,0,0.285714285714286,0,0,0.214285714285714,0.0642857142857143
2020-04-01,"Ethiopia","",3,2.42857142857143,0,0.428571428571428,0,0,0.214285714285714,0.0642857142857143
2020-04-02,"Ethiopia","",0,2.42857142857143,0,0,0,0,0.25,0.075
2020-04-03,"Ethiopia","",6,2.71428571428571,0,0.285714285714286,0,0,0.25,0.075
2020-04-04,"Ethiopia","",3,3.14285714285714,0,0.428571428571428,0,0,0.357142857142857,0.107142857142857
2020-04-05,"Ethiopia","",5,3.14285714285714,0.285714285714286,0,0.285714285714286,0,0.428571428571427,0.128571428571428
2020-04-06,"Ethiopia","",1,3,0.285714285714286,-0.142857142857143,0,0,0.5,0.15
2020-04-07,"Ethiopia","",8,3.71428571428571,0.285714285714286,0.714285714285714,0,0,0.607142857142858,0.182142857142857
2020-04-08,"Ethiopia","",3,3.71428571428571,0.285714285714286,0,0,0,0.607142857142858,0.182142857142857
2020-04-09,"Ethiopia","",1,3.85714285714286,0.285714285714286,0.142857142857143,0,0,0.678571428571427,0.203571428571428
2020-04-10,"Ethiopia","",9,4.28571428571429,0.428571428571429,0.428571428571428,0.142857142857143,0,0.785714285714285,0.235714285714285
2020-04-11,"Ethiopia","",4,4.42857142857143,0.428571428571429,0.142857142857143,0,0,0.785714285714285,0.235714285714285
2020-04-12,"Ethiopia","",2,4,0.142857142857143,-0.428571428571429,-0.285714285714286,0,0.75,0.225
2020-04-13,"Ethiopia","",3,4.28571428571429,0.142857142857143,0.285714285714286,0,0,0.928571428571427,0.278571428571428
2020-04-14,"Ethiopia","",8,4.28571428571429,0.142857142857143,0,0,0,0.928571428571427,0.278571428571428
2020-04-15,"Ethiopia","",3,4.28571428571429,0.142857142857143,0,0,0,0.964285714285715,0.289285714285714
2020-04-16,"Ethiopia","",7,5.14285714285714,0.142857142857143,0.857142857142858,0,0,1.07142857142857,0.321428571428572
2020-04-17,"Ethiopia","",4,4.42857142857143,0,-0.714285714285714,-0.142857142857143,0,1.10714285714286,0.332142857142857
2020-04-18,"Ethiopia","",9,5.14285714285714,0,0.714285714285714,0,0,1,0.3
2020-04-19,"Ethiopia","",3,5.28571428571429,0,0.142857142857142,0,0,1.07142857142857,0.321428571428572
2020-04-20,"Ethiopia","",3,5.28571428571429,0,0,0,0,1.07142857142857,0.321428571428572
2020-04-21,"Ethiopia","",3,4.57142857142857,0,-0.714285714285714,0,0,1.07142857142857,0.321428571428572
2020-04-22,"Ethiopia","",2,4.42857142857143,0,-0.142857142857142,0,0,1.28571428571428,0.385714285714285
2020-04-23,"Ethiopia","",0,3.42857142857143,0,-1,0,0,1.10714285714286,0.332142857142857
2020-04-24,"Ethiopia","",1,3,0,-0.428571428571428,0,0,1.28571428571428,0.385714285714285
2020-04-25,"Ethiopia","",5,2.42857142857143,0,-0.571428571428572,0,0,1.32142857142857,0.396428571428572
2020-04-26,"Ethiopia","",1,2.14285714285714,0,-0.285714285714286,0,0,1.32142857142857,0.396428571428572
2020-04-27,"Ethiopia","",1,1.85714285714286,0,-0.285714285714286,0,0,1.14285714285714,0.342857142857143
2020-04-28,"Ethiopia","",2,1.71428571428571,0,-0.142857142857143,0,0,1.10714285714286,0.332142857142857
2020-04-29,"Ethiopia","",4,2,0,0.285714285714286,0,0,0.857142857142858,0.257142857142857
2020-04-30,"Ethiopia","",1,2.14285714285714,0,0.142857142857143,0,0,0.75,0.225
2020-05-01,"Ethiopia","",2,2.28571428571429,0,0.142857142857143,0,0,0.607142857142858,0.182142857142857
2020-05-02,"Ethiopia","",0,1.57142857142857,0,-0.714285714285714,0,0,0.535714285714285,0.160714285714286
2020-05-03,"Ethiopia","",2,1.71428571428571,0,0.142857142857143,0,0,0.464285714285715,0.139285714285715
2020-05-04,"Ethiopia","",5,2.28571428571429,0,0.571428571428571,0,0,0.428571428571427,0.128571428571428
2020-05-05,"Ethiopia","",5,2.71428571428571,0.142857142857143,0.428571428571429,0.142857142857143,0,0.5,0.15
2020-05-06,"Ethiopia","",17,4.57142857142857,0.142857142857143,1.85714285714286,0,0,0.535714285714285,0.160714285714286
2020-05-07,"Ethiopia","",29,8.57142857142857,0.142857142857143,4,0,0,0.571428571428573,0.171428571428572
2020-05-08,"Ethiopia","",3,8.71428571428571,0.142857142857143,0.142857142857142,0,0,0.392857142857143,0.117857142857143
2020-05-09,"Ethiopia","",16,11,0.285714285714286,2.28571428571429,0.142857142857143,0,0.428571428571427,0.128571428571428
2020-05-10,"Ethiopia","",29,14.8571428571429,0.285714285714286,3.85714285714286,0,0,0.571428571428573,0.171428571428572
2020-05-11,"Ethiopia","",11,15.7142857142857,0.285714285714286,0.857142857142856,0,0,0.678571428571427,0.203571428571428
2020-05-12,"Ethiopia","",11,16.5714285714286,0.142857142857143,0.857142857142859,-0.142857142857143,0,1.14285714285714,0.342857142857143
2020-05-13,"Ethiopia","",2,14.4285714285714,0.142857142857143,-2.14285714285714,0,0,2.14285714285714,0.642857142857143
2020-05-14,"Ethiopia","",9,11.5714285714286,0.142857142857143,-2.85714285714286,0,0,2.17857142857143,0.653571428571428
2020-05-15,"Ethiopia","",15,13.2857142857143,0.142857142857143,1.71428571428572,0,0,2.75,0.825
2020-05-16,"Ethiopia","",19,13.7142857142857,0,0.428571428571427,-0.142857142857143,0,3.71428571428573,1.11428571428572
2020-05-17,"Ethiopia","",11,11.1428571428571,0,-2.57142857142857,0,0,3.92857142857142,1.17857142857143
2020-05-18,"Ethiopia","",35,14.5714285714286,0,3.42857142857143,0,0,4.14285714285715,1.24285714285715
2020-05-19,"Ethiopia","",13,14.8571428571429,0,0.285714285714286,0,0,3.60714285714285,1.08214285714286
2020-05-20,"Ethiopia","",24,18,0,3.14285714285714,0,0,2.89285714285715,0.867857142857145
2020-05-21,"Ethiopia","",10,18.1428571428571,0,0.142857142857142,0,0,3.32142857142858,0.996428571428573
2020-05-22,"Ethiopia","",34,20.8571428571429,0,2.71428571428572,0,0,3.42857142857142,1.02857142857143
2020-05-23,"Ethiopia","",61,26.8571428571429,0,6,0,0,2.78571428571427,0.835714285714282
2020-05-24,"Ethiopia","",88,37.8571428571429,0,11,0,0,3.64285714285715,1.09285714285714
2020-05-25,"Ethiopia","",73,43.2857142857143,0,5.42857142857143,0,0,3.71428571428573,1.11428571428572
2020-05-26,"Ethiopia","",46,48,0.142857142857143,4.71428571428572,0.142857142857143,0,4.5,1.35
2020-05-27,"Ethiopia","",30,48.8571428571429,0.142857142857143,0.857142857142854,0,0,4.53571428571427,1.36071428571428
2020-05-28,"Ethiopia","",100,61.7142857142857,0.285714285714286,12.8571428571429,0.142857142857143,0,5.21428571428573,1.56428571428572
2020-05-29,"Ethiopia","",137,76.4285714285714,0.428571428571429,14.7142857142857,0.142857142857143,0,6.71428571428573,2.01428571428572
2020-05-30,"Ethiopia","",95,81.2857142857143,0.428571428571429,4.85714285714286,0,0,9.46428571428572,2.83928571428572
2020-05-31,"Ethiopia","",109,84.2857142857143,0.857142857142857,3,0.428571428571429,0,10.8214285714286,3.24642857142857
2020-06-01,"Ethiopia","",85,86,1,1.71428571428571,0.142857142857143,0,12,3.6
2020-06-02,"Ethiopia","",87,91.8571428571429,1.14285714285714,5.85714285714286,0.142857142857143,0,12.2142857142857,3.66428571428572
2020-06-03,"Ethiopia","",142,107.857142857143,1.57142857142857,16,0.428571428571429,0,15.4285714285714,4.62857142857143
2020-06-04,"Ethiopia","",150,115,1.57142857142857,7.14285714285714,0,0,19.1071428571429,5.73214285714285
2020-06-05,"Ethiopia","",169,119.571428571429,1.57142857142857,4.57142857142857,0,0,20.3214285714286,6.09642857142857
2020-06-06,"Ethiopia","",129,124.428571428571,1.71428571428571,4.85714285714286,0.142857142857143,0,21.0714285714286,6.32142857142857
2020-06-07,"Ethiopia","",86,121.142857142857,2.28571428571429,-3.28571428571429,0.571428571428571,0,21.5,6.45
2020-06-08,"Ethiopia","",136,128.428571428571,2.14285714285714,7.28571428571428,-0.142857142857143,0,22.9642857142857,6.88928571428572
2020-06-09,"Ethiopia","",180,141.714285714286,2.57142857142857,13.2857142857143,0.428571428571429,0,26.9642857142858,8.08928571428572
2020-06-10,"Ethiopia","",170,145.714285714286,2.57142857142857,4,0,0,28.75,8.625
2020-06-11,"Ethiopia","",164,147.714285714286,3.14285714285714,2,0.571428571428571,0,29.8928571428572,8.96785714285717
2020-06-12,"Ethiopia","",245,158.571428571429,4,10.8571428571429,0.857142857142857,0,31.1071428571428,9.33214285714283
2020-06-13,"Ethiopia","",251,176,5,17.4285714285714,1,0,30.2857142857142,9.08571428571427
2020-06-14,"Ethiopia","",179,189.285714285714,4.28571428571429,13.2857142857143,-0.714285714285714,0,32.1071428571427,9.63214285714282
2020-06-15,"Ethiopia","",176,195,4.71428571428571,5.71428571428572,0.428571428571429,0,35.4285714285715,10.6285714285714
2020-06-16,"Ethiopia","",109,184.857142857143,4.14285714285714,-10.1428571428571,-0.571428571428571,0,36.4285714285715,10.9285714285715
2020-06-17,"Ethiopia","",129,179,4,-5.85714285714286,-0.142857142857143,0,36.9285714285715,11.0785714285715
2020-06-18,"Ethiopia","",195,183.428571428571,3.57142857142857,4.42857142857142,-0.428571428571428,0,39.6428571428573,11.8928571428572
2020-06-19,"Ethiopia","",116,165,3.57142857142857,-18.4285714285714,0,0,44,13.2
2020-06-20,"Ethiopia","",399,186.142857142857,2.42857142857143,21.1428571428571,-1.14285714285714,0,47.3214285714285,14.1964285714285
2020-06-21,"Ethiopia","",63,169.571428571429,2.42857142857143,-16.5714285714286,0,0,48.75,14.625
2020-06-22,"Ethiopia","",131,163.142857142857,2.14285714285714,-6.42857142857144,-0.285714285714286,0,46.2142857142858,13.8642857142857
2020-06-23,"Ethiopia","",185,174,2,10.8571428571429,-0.142857142857143,0,44.75,13.425
2020-06-24,"Ethiopia","",186,182.142857142857,2.14285714285714,8.14285714285714,0.142857142857143,0,45.8571428571427,13.7571428571428
2020-06-25,"Ethiopia","",141,174.428571428571,2.28571428571429,-7.71428571428572,0.142857142857143,0,41.25,12.375
2020-06-26,"Ethiopia","",250,193.571428571429,2.42857142857143,19.1428571428572,0.142857142857143,0,46.5357142857142,13.9607142857143
2020-06-27,"Ethiopia","",145,157.285714285714,3.14285714285714,-36.2857142857143,0.714285714285714,0,42.3928571428573,12.7178571428572
2020-06-28,"Ethiopia","",119,165.285714285714,3.42857142857143,8,0.285714285714286,0,40.7857142857142,12.2357142857143
2020-06-29,"Ethiopia","",157,169,4,3.71428571428572,0.571428571428572,0,43.5,13.05
2020-06-30,"Ethiopia","",0,142.571428571429,4,-26.4285714285714,0,0,45.5357142857142,13.6607142857143
2020-07-01,"Ethiopia","",0,116,3.57142857142857,-26.5714285714286,-0.428571428571428,0,43.6071428571427,13.0821428571428
2020-07-02,"Ethiopia","",0,95.8571428571429,3.14285714285714,-20.1428571428571,-0.428571428571429,0,48.3928571428573,14.5178571428572
2020-07-03,"Ethiopia","",0,60.1428571428571,2,-35.7142857142857,-1.14285714285714,0,39.3214285714285,11.7964285714285
2020-07-04,"Ethiopia","",0,39.4285714285714,1.28571428571429,-20.7142857142857,-0.714285714285714,0,41.3214285714285,12.3964285714285
2020-07-05,"Ethiopia","",0,22.4285714285714,0.714285714285714,-17,-0.571428571428572,0,42.25,12.675
2020-07-06,"Ethiopia","",0,0,0,-22.4285714285714,-0.714285714285714,0,35.6428571428573,10.6928571428572
2020-07-07,"Ethiopia","",0,0,0,0,0,0,29,8.7
2020-07-08,"Ethiopia","",928,132.571428571429,2.42857142857143,132.571428571429,2.42857142857143,0,23.9642857142857,7.18928571428572
2020-07-09,"Ethiopia","",199,161,2.42857142857143,28.4285714285714,0,0,15.0357142857143,4.51071428571428
2020-07-10,"Ethiopia","",147,182,3,21,0.571428571428572,0,9.85714285714285,2.95714285714286
2020-07-11,"Ethiopia","",282,222.285714285714,3,40.2857142857143,0,0,5.60714285714285,1.68214285714285
2020-07-12,"Ethiopia","",158,244.857142857143,3.42857142857143,22.5714285714286,0.428571428571428,0,0,0
2020-07-13,"Ethiopia","",206,274.285714285714,3.57142857142857,29.4285714285714,0.142857142857143,0,0,0
2020-07-14,"Ethiopia","",203,303.285714285714,5.14285714285714,29,1.57142857142857,0,33.1428571428573,9.94285714285718
2020-07-15,"Ethiopia","",212,201,3.71428571428571,-102.285714285714,-1.42857142857143,0,40.25,12.075
2020-07-16,"Ethiopia","",294,214.571428571429,4,13.5714285714286,0.285714285714286,0,45.5,13.65
2020-07-17,"Ethiopia","",328,240.428571428571,3.71428571428571,25.8571428571428,-0.285714285714286,0,55.5714285714285,16.6714285714285
2020-07-18,"Ethiopia","",344,249.285714285714,5.57142857142857,8.85714285714286,1.85714285714286,0,61.2142857142858,18.3642857142857
2020-07-19,"Ethiopia","",356,277.571428571429,5.71428571428571,28.2857142857143,0.142857142857143,0,68.5714285714285,20.5714285714285
2020-07-20,"Ethiopia","",704,348.714285714286,6,71.1428571428572,0.285714285714286,0,75.8214285714285,22.7464285714285
2020-07-21,"Ethiopia","",865,443.285714285714,5.85714285714286,94.5714285714286,-0.142857142857143,0,50.25,15.075
2020-07-22,"Ethiopia","",452,477.571428571429,6,34.2857142857143,0.142857142857143,0,53.6428571428573,16.0928571428572
2020-07-23,"Ethiopia","",409,494,7,16.4285714285714,1,0,60.1071428571427,18.0321428571428
2020-07-24,"Ethiopia","",760,555.714285714286,7.14285714285714,61.7142857142857,0.142857142857143,0,62.3214285714285,18.6964285714285
2020-07-25,"Ethiopia","",555,585.857142857143,6.57142857142857,30.1428571428572,-0.571428571428572,0,69.3928571428573,20.8178571428572
2020-07-26,"Ethiopia","",720,637.857142857143,8,52,1.42857142857143,0,87.1785714285715,26.1535714285714
2020-07-27,"Ethiopia","",579,620,8.28571428571429,-17.8571428571429,0.285714285714286,0,110.821428571428,33.2464285714285
2020-07-28,"Ethiopia","",653,589.714285714286,8.42857142857143,-30.2857142857143,0.142857142857142,0,119.392857142857,35.8178571428572
2020-07-29,"Ethiopia","",610,612.285714285714,9.28571428571429,22.5714285714287,0.857142857142858,0,123.5,37.05
2020-07-30,"Ethiopia","",805,668.857142857143,9.42857142857143,56.5714285714286,0.142857142857142,0,138.928571428572,41.6785714285715
2020-07-31,"Ethiopia","",915,691,10.5714285714286,22.1428571428571,1.14285714285714,0,146.464285714286,43.9392857142857
2020-08-01,"Ethiopia","",469,678.714285714286,10.7142857142857,-12.2857142857143,0.142857142857142,0,159.464285714286,47.8392857142857
2020-08-02,"Ethiopia","",707,676.857142857143,12.4285714285714,-1.85714285714278,1.71428571428572,0,155,46.5
2020-08-03,"Ethiopia","",583,677.428571428571,15.4285714285714,0.571428571428555,3,0,147.428571428572,44.2285714285714
2020-08-04,"Ethiopia","",588,668.142857142857,14.8571428571429,-9.28571428571433,-0.571428571428571,0,153.071428571428,45.9214285714285
2020-08-05,"Ethiopia","",459,646.571428571429,14.7142857142857,-21.5714285714286,-0.142857142857144,0,167.214285714286,50.1642857142857
2020-08-06,"Ethiopia","",564,612.142857142857,14.5714285714286,-34.4285714285714,-0.142857142857142,0,172.75,51.825
2020-08-07,"Ethiopia","",552,560.285714285714,15.1428571428571,-51.8571428571428,0.571428571428571,0,169.678571428572,50.9035714285714
2020-08-08,"Ethiopia","",801,607.714285714286,15.1428571428571,47.4285714285713,0,0,169.214285714286,50.7642857142857
2020-08-09,"Ethiopia","",565,587.428571428571,13.8571428571429,-20.2857142857142,-1.28571428571428,0,169.357142857143,50.8071428571428
2020-08-10,"Ethiopia","",773,614.571428571429,12,27.1428571428571,-1.85714285714286,0,167.035714285714,50.1107142857143
2020-08-11,"Ethiopia","",584,614,13.8571428571429,-0.571428571428555,1.85714285714286,0,161.642857142857,48.4928571428572
2020-08-12,"Ethiopia","",943,683.142857142857,15.2857142857143,69.1428571428571,1.42857142857143,0,153.035714285714,45.9107142857143
2020-08-13,"Ethiopia","",1086,757.714285714286,16.2857142857143,74.5714285714286,0.999999999999998,0,140.071428571428,42.0214285714286
2020-08-14,"Ethiopia","",1038,827.142857142857,16,69.4285714285714,-0.285714285714285,0,151.928571428572,45.5785714285715
2020-08-15,"Ethiopia","",1652,948.714285714286,17,121.571428571429,1,0,146.857142857143,44.0571428571428
2020-08-16,"Ethiopia","",982,1008.28571428571,17.2857142857143,59.5714285714287,0.285714285714285,0,153.642857142857,46.0928571428572
2020-08-17,"Ethiopia","",1460,1106.42857142857,17.7142857142857,98.142857142857,0.428571428571431,0,153.5,46.05
2020-08-18,"Ethiopia","",1386,1221,18.8571428571429,114.571428571429,1.14285714285714,0,170.785714285714,51.2357142857143
2020-08-19,"Ethiopia","",1336,1277.14285714286,19.5714285714286,56.1428571428571,0.714285714285715,0,189.428571428572,56.8285714285715
2020-08-20,"Ethiopia","",1778,1376,20.1428571428571,98.8571428571429,0.571428571428569,0,206.785714285714,62.0357142857143
2020-08-21,"Ethiopia","",1829,1489,20.7142857142857,113,0.571428571428573,0,237.178571428572,71.1535714285715
2020-08-22,"Ethiopia","",1368,1448.42857142857,21.8571428571429,-40.5714285714287,1.14285714285714,0,252.071428571428,75.6214285714283
2020-08-23,"Ethiopia","",1638,1542.14285714286,21.4285714285714,93.7142857142858,-0.428571428571431,0,276.607142857142,82.9821428571427
2020-08-24,"Ethiopia","",1472,1543.85714285714,21.1428571428571,1.71428571428578,-0.285714285714285,0,305.25,91.575
2020-08-25,"Ethiopia","",1545,1566.57142857143,19.5714285714286,22.7142857142858,-1.57142857142857,0,319.285714285715,95.7857142857145
2020-08-26,"Ethiopia","",1533,1594.71428571429,17.8571428571429,28.1428571428571,-1.71428571428572,0,344,103.2
2020-08-27,"Ethiopia","",1186,1510.14285714286,17.8571428571429,-84.5714285714287,0,0,372.25,111.675
2020-08-28,"Ethiopia","",1733,1496.42857142857,17.2857142857143,-13.7142857142858,-0.571428571428573,0,362.107142857142,108.632142857143
2020-08-29,"Ethiopia","",1514,1517.28571428571,15.4285714285714,20.8571428571429,-1.85714285714286,0,385.535714285715,115.660714285715
2020-08-30,"Ethiopia","",1468,1493,16.4285714285714,-24.2857142857142,0.999999999999998,0,385.964285714285,115.789285714285
2020-08-31,"Ethiopia","",1009,1426.85714285714,16.7142857142857,-66.1428571428571,0.285714285714288,0,391.642857142858,117.492857142857
2020-09-01,"Ethiopia","",1173,1373.71428571429,17,-53.1428571428571,0.285714285714285,0,398.678571428573,119.603571428572
2020-09-02,"Ethiopia","",1105,1312.57142857143,17.2857142857143,-61.1428571428571,0.285714285714285,0,377.535714285715,113.260714285714
2020-09-03,"Ethiopia","",804,1258,15.8571428571429,-54.5714285714287,-1.42857142857143,0,374.107142857142,112.232142857143
2020-09-04,"Ethiopia","",1303,1196.57142857143,17.4285714285714,-61.4285714285713,1.57142857142857,0,379.321428571427,113.796428571428
2020-09-05,"Ethiopia","",950,1116,18.1428571428571,-80.5714285714287,0.714285714285715,0,373.25,111.975
2020-09-06,"Ethiopia","",1206,1078.57142857143,17.8571428571429,-37.4285714285713,-0.285714285714285,0,356.714285714285,107.014285714285
2020-09-07,"Ethiopia","",976,1073.85714285714,17.7142857142857,-4.71428571428578,-0.142857142857142,0,343.428571428573,103.028571428572
2020-09-08,"Ethiopia","",1136,1068.57142857143,17.2857142857143,-5.28571428571422,-0.428571428571431,0,328.142857142858,98.4428571428572
2020-09-09,"Ethiopia","",916,1041.57142857143,17.1428571428571,-27,-0.142857142857142,0,314.5,94.35
2020-09-10,"Ethiopia","",878,1052.14285714286,16.8571428571429,10.5714285714284,-0.285714285714285,0,299.142857142858,89.7428571428572
2020-09-11,"Ethiopia","",789,978.714285714286,15.1428571428571,-73.4285714285714,-1.71428571428572,0,279,83.7
2020-09-12,"Ethiopia","",521,917.428571428571,14.1428571428571,-61.2857142857142,-1,0,269.642857142858,80.8928571428573
2020-09-13,"Ethiopia","",413,804.142857142857,13.5714285714286,-113.285714285714,-0.571428571428571,0,268.464285714285,80.5392857142855
2020-09-14,"Ethiopia","",485,734,12.7142857142857,-70.1428571428571,-0.857142857142858,0,267.142857142858,80.1428571428573
2020-09-15,"Ethiopia","",700,671.714285714286,12.2857142857143,-62.2857142857143,-0.428571428571427,0,260.392857142858,78.1178571428572
2020-09-16,"Ethiopia","",738,646.285714285714,11.2857142857143,-25.4285714285713,-1,0,263.035714285715,78.9107142857145
2020-09-17,"Ethiopia","",689,619.285714285714,12.2857142857143,-27,1,0,244.678571428572,73.4035714285715
2020-09-18,"Ethiopia","",602,592.571428571429,12.2857142857143,-26.7142857142858,0,0,229.357142857143,68.8071428571428
2020-09-19,"Ethiopia","",616,606.142857142857,13.2857142857143,13.5714285714286,1,0,201.035714285714,60.3107142857143
2020-09-20,"Ethiopia","",689,645.571428571429,11.8571428571429,39.4285714285714,-1.42857142857143,0,183.5,55.05
2020-09-21,"Ethiopia","",889,703.285714285714,12.2857142857143,57.7142857142858,0.428571428571429,0,167.928571428572,50.3785714285714
2020-09-22,"Ethiopia","",713,705.142857142857,13.1428571428571,1.85714285714278,0.857142857142856,0,161.571428571428,48.4714285714285
2020-09-23,"Ethiopia","",661,694.142857142857,13.7142857142857,-11,0.571428571428571,0,154.821428571428,46.4464285714285
2020-09-24,"Ethiopia","",604,682,12.5714285714286,-12.1428571428571,-1.14285714285714,0,148.142857142857,44.4428571428572
2020-09-25,"Ethiopia","",486,665.428571428571,11.8571428571429,-16.5714285714286,-0.714285714285714,0,151.535714285714,45.4607142857143
2020-09-26,"Ethiopia","",527,652.714285714286,10.8571428571429,-12.7142857142858,-1,0,161.392857142857,48.4178571428572
2020-09-27,"Ethiopia","",632,644.571428571429,10.5714285714286,-8.14285714285711,-0.285714285714286,0,175.821428571428,52.7464285714285
2020-09-28,"Ethiopia","",612,605,9.85714285714286,-39.5714285714286,-0.714285714285714,0,176.285714285714,52.8857142857143
2020-09-29,"Ethiopia","",640,594.571428571429,9.14285714285714,-10.4285714285714,-0.714285714285715,0,173.535714285714,52.0607142857143
2020-09-30,"Ethiopia","",784,612.142857142857,8.14285714285714,17.5714285714286,-1,0,170.5,51.15
2020-10-01,"Ethiopia","",730,630.142857142857,8.14285714285714,18,0,0,166.357142857143,49.9071428571428
2020-10-02,"Ethiopia","",890,687.857142857143,7.57142857142857,57.7142857142858,-0.571428571428571,0,163.178571428572,48.9535714285715
2020-10-03,"Ethiopia","",872,737.142857142857,7,49.2857142857142,-0.571428571428571,0,161.142857142857,48.3428571428572
2020-10-04,"Ethiopia","",959,783.857142857143,7.42857142857143,46.7142857142858,0.428571428571429,0,151.25,45.375
2020-10-05,"Ethiopia","",618,784.714285714286,7.57142857142857,0.857142857142776,0.142857142857142,0,148.642857142857,44.5928571428572
2020-10-06,"Ethiopia","",566,774.142857142857,6.71428571428571,-10.5714285714286,-0.857142857142857,0,153.035714285714,45.9107142857143
2020-10-07,"Ethiopia","",892,789.571428571429,8.14285714285714,15.4285714285714,1.42857142857143,0,157.535714285714,47.2607142857143
2020-10-08,"Ethiopia","",902,814.142857142857,8.14285714285714,24.5714285714286,0,0,171.964285714286,51.5892857142857
2020-10-09,"Ethiopia","",865,810.571428571429,9,-3.57142857142856,0.857142857142858,0,184.285714285714,55.2857142857143
2020-10-10,"Ethiopia","",767,795.571428571429,9,-15,0,0,195.964285714286,58.7892857142857
2020-10-11,"Ethiopia","",866,782.285714285714,9.28571428571429,-13.2857142857142,0.285714285714286,0,196.178571428572,58.8535714285714
2020-10-12,"Ethiopia","",841,814.142857142857,10.1428571428571,31.8571428571428,0.857142857142856,0,193.535714285714,58.0607142857143
2020-10-13,"Ethiopia","",582,816.428571428571,9.57142857142857,2.28571428571433,-0.571428571428571,0,197.392857142857,59.2178571428572
2020-10-14,"Ethiopia","",712,790.714285714286,8.14285714285714,-25.7142857142858,-1.42857142857143,0,203.535714285714,61.0607142857143
2020-10-15,"Ethiopia","",739,767.428571428571,9,-23.2857142857142,0.857142857142858,0,202.642857142857,60.7928571428572
2020-10-16,"Ethiopia","",665,738.857142857143,9.42857142857143,-28.5714285714286,0.428571428571429,0,198.892857142857,59.6678571428572
2020-10-17,"Ethiopia","",600,715,9.85714285714286,-23.8571428571429,0.428571428571429,0,195.571428571428,58.6714285714285
2020-10-18,"Ethiopia","",703,691.714285714286,9.28571428571429,-23.2857142857143,-0.571428571428571,0,203.535714285714,61.0607142857143
2020-10-19,"Ethiopia","",723,674.857142857143,9.14285714285714,-16.8571428571428,-0.142857142857144,0,204.107142857143,61.2321428571428
2020-10-20,"Ethiopia","",630,681.714285714286,9.42857142857143,6.85714285714278,0.285714285714286,0,197.678571428572,59.3035714285714
2020-10-21,"Ethiopia","",628,669.714285714286,10.2857142857143,-12,0.857142857142858,0,191.857142857143,57.5571428571428
2020-10-22,"Ethiopia","",575,646.285714285714,10.1428571428571,-23.4285714285713,-0.142857142857144,0,184.714285714286,55.4142857142857
2020-10-23,"Ethiopia","",536,627.857142857143,9,-18.4285714285714,-1.14285714285714,0,178.75,53.625
2020-10-24,"Ethiopia","",629,632,10.4285714285714,4.14285714285711,1.42857142857143,0,172.928571428572,51.8785714285714
2020-10-25,"Ethiopia","",485,600.857142857143,10.5714285714286,-31.1428571428571,0.142857142857142,0,168.714285714286,50.6142857142857
2020-10-26,"Ethiopia","",364,549.571428571429,10.2857142857143,-51.2857142857143,-0.285714285714285,0,170.428571428572,51.1285714285714
2020-10-27,"Ethiopia","",511,532.571428571429,10.5714285714286,-17,0.285714285714285,0,167.428571428572,50.2285714285714
2020-10-28,"Ethiopia","",602,528.857142857143,9.57142857142857,-3.71428571428567,-1,0,161.571428571428,48.4714285714285
2020-10-29,"Ethiopia","",481,515.428571428571,8.71428571428571,-13.4285714285714,-0.857142857142858,0,156.964285714286,47.0892857142857
2020-10-30,"Ethiopia","",488,508.571428571429,9.14285714285714,-6.85714285714289,0.428571428571429,0,158,47.4
2020-10-31,"Ethiopia","",380,473,7.14285714285714,-35.5714285714286,-2,0,150.214285714286,45.0642857142857
2020-11-01,"Ethiopia","",414,462.857142857143,7.42857142857143,-10.1428571428572,0.285714285714286,0,137.392857142857,41.2178571428572
2020-11-02,"Ethiopia","",359,462.142857142857,7.42857142857143,-0.714285714285666,0,0,133.142857142857,39.9428571428572
2020-11-03,"Ethiopia","",560,469.142857142857,7,7,-0.428571428571429,0,132.214285714286,39.6642857142857
2020-11-04,"Ethiopia","",379,437.285714285714,7.42857142857143,-31.8571428571429,0.428571428571429,0,128.857142857143,38.6571428571428
2020-11-05,"Ethiopia","",510,441.428571428571,7.28571428571429,4.14285714285717,-0.142857142857143,0,127.142857142857,38.1428571428572
2020-11-06,"Ethiopia","",355,422.428571428571,6.85714285714286,-19,-0.428571428571429,0,118.25,35.475
2020-11-07,"Ethiopia","",455,433.142857142857,7,10.7142857142857,0.142857142857143,0,115.714285714286,34.7142857142857
2020-11-08,"Ethiopia","",474,441.714285714286,6.42857142857143,8.57142857142856,-0.571428571428571,0,115.535714285714,34.6607142857143
2020-11-09,"Ethiopia","",307,434.285714285714,5.85714285714286,-7.42857142857144,-0.571428571428572,0,117.285714285714,35.1857142857143
2020-11-10,"Ethiopia","",345,403.571428571429,6.14285714285714,-30.7142857142857,0.285714285714286,0,109.321428571428,32.7964285714285
2020-11-11,"Ethiopia","",400,406.571428571429,6,3,-0.142857142857143,0,110.357142857143,33.1071428571428
2020-11-12,"Ethiopia","",521,408.142857142857,6.57142857142857,1.57142857142861,0.571428571428571,0,105.607142857143,31.6821428571428
2020-11-13,"Ethiopia","",509,430.142857142857,6.57142857142857,22,0,0,108.285714285714,32.4857142857143
2020-11-14,"Ethiopia","",564,445.714285714286,6.71428571428571,15.5714285714286,0.142857142857143,0,110.428571428572,33.1285714285714
2020-11-15,"Ethiopia","",399,435,6.57142857142857,-10.7142857142857,-0.142857142857143,0,108.571428571428,32.5714285714285
2020-11-16,"Ethiopia","",336,439.142857142857,7.28571428571429,4.14285714285717,0.714285714285714,0,100.892857142857,30.2678571428572
2020-11-17,"Ethiopia","",339,438.285714285714,7.28571428571429,-0.85714285714289,0,0,101.642857142857,30.4928571428572
2020-11-18,"Ethiopia","",533,457.285714285714,8,19,0.714285714285714,0,102.035714285714,30.6107142857143
2020-11-19,"Ethiopia","",499,454.142857142857,7.57142857142857,-3.14285714285711,-0.428571428571429,0,107.535714285714,32.2607142857143
2020-11-20,"Ethiopia","",452,446,8.85714285714286,-8.14285714285717,1.28571428571429,0,111.428571428572,33.4285714285715
2020-11-21,"Ethiopia","",473,433,10.1428571428571,-13,1.28571428571428,0,108.75,32.625
2020-11-22,"Ethiopia","",433,437.857142857143,11.1428571428571,4.85714285714283,1,0,109.785714285714,32.9357142857143
2020-11-23,"Ethiopia","",418,449.571428571429,10,11.7142857142857,-1.14285714285714,0,109.571428571428,32.8714285714285
2020-11-24,"Ethiopia","",388,456.571428571429,10.4285714285714,7,0.428571428571429,0,114.321428571428,34.2964285714285
2020-11-25,"Ethiopia","",518,454.428571428571,9,-2.14285714285711,-1.42857142857143,0,113.535714285714,34.0607142857143
2020-11-26,"Ethiopia","",560,463.142857142857,9.28571428571429,8.71428571428572,0.285714285714286,0,111.5,33.45
2020-11-27,"Ethiopia","",769,508.428571428571,9.42857142857143,45.2857142857143,0.142857142857142,0,108.25,32.475
2020-11-28,"Ethiopia","",492,511.142857142857,8.42857142857143,2.71428571428572,-1,0,109.464285714286,32.8392857142857
2020-11-29,"Ethiopia","",604,535.571428571429,7.57142857142857,24.4285714285714,-0.857142857142858,0,112.392857142857,33.7178571428572
2020-11-30,"Ethiopia","",540,553,7.85714285714286,17.4285714285714,0.285714285714286,0,114.142857142857,34.2428571428572
2020-12-01,"Ethiopia","",480,566.142857142857,6.85714285714286,13.1428571428571,-1,0,113.607142857143,34.0821428571428
2020-12-02,"Ethiopia","",430,553.571428571429,7.28571428571429,-12.5714285714286,0.428571428571429,0,115.785714285714,34.7357142857143
2020-12-03,"Ethiopia","",595,558.571428571429,7.42857142857143,5,0.142857142857143,0,127.107142857143,38.1321428571428
2020-12-04,"Ethiopia","",512,521.857142857143,6.85714285714286,-36.7142857142857,-0.571428571428572,0,127.785714285714,38.3357142857143
2020-12-05,"Ethiopia","",649,544.285714285714,7.14285714285714,22.4285714285714,0.285714285714286,0,133.892857142857,40.1678571428572
2020-12-06,"Ethiopia","",555,537.285714285714,6.71428571428571,-7,-0.428571428571429,0,138.25,41.475
2020-12-07,"Ethiopia","",440,523,7,-14.2857142857143,0.285714285714286,0,141.535714285714,42.4607142857143
2020-12-08,"Ethiopia","",531,530.285714285714,8.14285714285714,7.28571428571433,1.14285714285714,0,138.392857142857,41.5178571428572
2020-12-09,"Ethiopia","",568,550,7.71428571428571,19.7142857142857,-0.428571428571428,0,139.642857142857,41.8928571428572
2020-12-10,"Ethiopia","",526,540.142857142857,7.85714285714286,-9.85714285714289,0.142857142857142,0,130.464285714286,39.1392857142857
2020-12-11,"Ethiopia","",422,527.285714285714,8.14285714285714,-12.8571428571428,0.285714285714286,0,136.071428571428,40.8214285714285
2020-12-12,"Ethiopia","",515,508.142857142857,8.28571428571429,-19.1428571428572,0.142857142857144,0,134.321428571428,40.2964285714285
2020-12-13,"Ethiopia","",472,496.285714285714,8.42857142857143,-11.8571428571429,0.142857142857142,0,130.75,39.225
2020-12-14,"Ethiopia","",473,501,7.71428571428571,4.71428571428572,-0.714285714285714,0,132.571428571428,39.7714285714286
2020-12-15,"Ethiopia","",300,468,6.71428571428571,-33,-1,0,137.5,41.25
2020-12-16,"Ethiopia","",464,453.142857142857,7,-14.8571428571428,0.285714285714286,0,135.035714285714,40.5107142857143
2020-12-17,"Ethiopia","",475,445.857142857143,7.42857142857143,-7.28571428571433,0.428571428571429,0,131.821428571428,39.5464285714285
2020-12-18,"Ethiopia","",544,463.285714285714,7.42857142857143,17.4285714285714,0,0,127.035714285714,38.1107142857143
2020-12-19,"Ethiopia","",469,456.714285714286,6.14285714285714,-6.57142857142856,-1.28571428571429,0,124.071428571428,37.2214285714285
2020-12-20,"Ethiopia","",457,454.571428571429,6.71428571428571,-2.14285714285717,0.571428571428571,0,125.25,37.575
2020-12-21,"Ethiopia","",397,443.714285714286,7.42857142857143,-10.8571428571428,0.714285714285714,0,117,35.1
2020-12-22,"Ethiopia","",397,458.461473214286,7.26173201964608,NA,NA,0,113.285714285714,33.9857142857143
2020-12-23,"Ethiopia","",397,473.928035714286,7.13158669254073,NA,NA,0,111.464285714286,33.4392857142857
2020-12-24,"Ethiopia","",397,490.113973214286,6.9618319180555,NA,NA,0,115.821428571428,34.7464285714285
2020-12-25,"Ethiopia","",397,507.019285714286,6.7090859204886,NA,NA,0,114.178571428572,34.2535714285714
2020-12-26,"Ethiopia","",397,524.643973214286,6.55253429512999,NA,NA,0,113.642857142857,34.0928571428572
2020-12-27,"Ethiopia","",397,542.988035714286,6.61477771244125,NA,NA,0,110.928571428572,33.2785714285714
2020-12-28,"Ethiopia","",397,562.051473214286,6.17907379126248,NA,NA,0,114.615368303572,34.3846104910715
2020-12-29,"Ethiopia","",397,581.834285714287,5.98291271852399,NA,NA,0,118.482008928572,35.5446026785715
2020-12-30,"Ethiopia","",397,602.336473214287,5.8867183463157,NA,NA,0,122.528493303572,36.7585479910715
2020-12-31,"Ethiopia","",397,623.558035714287,6.11683037395123,NA,NA,0,126.754821428572,38.0264464285715
2021-01-01,"Ethiopia","",397,645.498973214287,6.03006682254767,NA,NA,0,131.160993303572,39.3482979910715
2021-01-02,"Ethiopia","",397,668.159285714287,6.00177436013347,NA,NA,0,135.747008928572,40.7241026785715
2021-01-03,"Ethiopia","",397,691.538973214287,5.85842588390149,NA,NA,0,140.512868303572,42.1538604910715
2021-01-04,"Ethiopia","",397,715.638035714287,6.05313519966236,NA,NA,0,145.458571428572,43.6375714285715
2021-01-05,"Ethiopia","",397,740.456473214287,6.25734253082619,NA,NA,0,150.584118303572,45.1752354910715
2021-01-06,"Ethiopia","",397,765.994285714287,6.47104787739299,NA,NA,0,155.889508928572,46.7668526785715
2021-01-07,"Ethiopia","",397,792.251473214287,6.69425123936276,NA,NA,0,161.374743303572,48.4124229910715
2021-01-08,"Ethiopia","",397,819.228035714287,6.9269526167355,NA,NA,0,167.039821428572,50.1119464285715
2021-01-09,"Ethiopia","",397,846.923973214287,7.16915200951121,NA,NA,0,172.884743303572,51.8654229910715
2021-01-10,"Ethiopia","",397,875.339285714288,7.42084941768988,NA,NA,0,178.909508928572,53.6728526785715
2021-01-11,"Ethiopia","",397,904.473973214288,7.68204484127153,NA,NA,0,185.114118303572,55.5342354910715
2021-01-12,"Ethiopia","",397,934.328035714288,7.95273828025614,NA,NA,0,191.498571428572,57.4495714285715
2021-01-13,"Ethiopia","",397,964.901473214288,8.23292973464373,NA,NA,0,198.062868303572,59.4188604910715
2021-01-14,"Ethiopia","",397,996.194285714288,8.52261920443428,NA,NA,0,204.807008928572,61.4421026785716
2021-01-15,"Ethiopia","",397,1028.20647321429,8.8218066896278,NA,NA,0,211.730993303572,63.5192979910716
2021-01-16,"Ethiopia","",397,1060.93803571429,9.13049219022429,NA,NA,0,218.834821428572,65.6504464285716
2021-01-17,"Ethiopia","",397,1094.38897321429,9.44867570622375,NA,NA,0,226.118493303572,67.8355479910716
2021-01-18,"Ethiopia","",397,1128.55928571429,9.77635723762618,NA,NA,0,233.582008928572,70.0746026785716
2021-01-19,"Ethiopia","",397,1163.44897321429,10.1135367844316,NA,NA,0,241.225368303572,72.3676104910716
2021-01-20,"Ethiopia","",397,1199.05803571429,10.4602143466399,NA,NA,0,249.048571428572,74.7145714285716
2021-01-21,"Ethiopia","",397,1235.38647321429,10.8163899242513,NA,NA,0,257.051618303572,77.1154854910716
2021-01-22,"Ethiopia","",397,1272.43428571429,11.1820635172656,NA,NA,0,265.234508928572,79.5703526785716
2021-01-23,"Ethiopia","",397,1310.20147321429,11.5572351256829,NA,NA,0,273.597243303572,82.0791729910716
2021-01-24,"Ethiopia","",397,1348.68803571429,11.9419047495031,NA,NA,0,282.139821428572,84.6419464285716
2021-01-25,"Ethiopia","",397,1387.89397321429,12.3360723887263,NA,NA,0,290.862243303572,87.2586729910717
2021-01-26,"Ethiopia","",397,1427.81928571429,12.7397380433525,NA,NA,0,299.764508928572,89.9293526785716
2021-01-27,"Ethiopia","",397,1468.46397321429,13.1529017133816,NA,NA,0,308.846618303572,92.6539854910717
2021-01-28,"Ethiopia","",397,1509.82803571429,13.5755633988138,NA,NA,0,318.108571428572,95.4325714285717
2021-01-29,"Ethiopia","",397,1551.91147321429,14.0077230996488,NA,NA,0,327.550368303572,98.2651104910717
2021-01-30,"Ethiopia","",397,1594.71428571429,14.4493808158869,NA,NA,0,337.172008928572,101.151602678572
2021-01-31,"Ethiopia","",397,1581.25566964286,14.9005365475279,NA,NA,0,346.973493303572,104.092047991072
2021-02-01,"Ethiopia","",397,1567.14053571429,15.3611902945719,NA,NA,0,356.954821428572,107.086446428572
2021-02-02,"Ethiopia","",397,1552.36888392858,15.8313420570189,NA,NA,0,367.115993303572,110.134797991072
2021-02-03,"Ethiopia","",397,1536.94071428572,16.3109918348688,NA,NA,0,377.457008928572,113.237102678572
2021-02-04,"Ethiopia","",397,1520.85602678572,16.8001396281217,NA,NA,0,387.977868303573,116.393360491072
2021-02-05,"Ethiopia","",397,1504.11482142858,17.2987854367776,NA,NA,0,398.678571428573,119.603571428572
2021-02-06,"Ethiopia","",397,1486.71709821429,17.8069292608364,NA,NA,0,395.313917410715,118.594175223215
2021-02-07,"Ethiopia","",397,1468.66285714286,18.3245711002982,NA,NA,0,391.785133928573,117.535540178572
2021-02-08,"Ethiopia","",397,1449.95209821429,18.851710955163,NA,NA,0,388.092220982144,116.427666294643
2021-02-09,"Ethiopia","",397,1430.58482142858,19.3883488254308,NA,NA,0,384.23517857143,115.270553571429
2021-02-10,"Ethiopia","",397,1410.56102678572,19.9344847111015,NA,NA,0,380.21400669643,114.064202008929
2021-02-11,"Ethiopia","",397,1389.88071428572,20.4901186121751,NA,NA,0,376.028705357144,112.808611607143
2021-02-12,"Ethiopia","",397,1368.54388392857,21.0552505286518,NA,NA,0,371.679274553572,111.503782366072
2021-02-13,"Ethiopia","",397,1346.55053571429,20.8775544136227,NA,NA,0,367.165714285715,110.149714285715
2021-02-14,"Ethiopia","",397,1323.90066964286,20.6911901954214,NA,NA,0,362.488024553572,108.746407366072
2021-02-15,"Ethiopia","",397,1300.59428571429,20.496157874048,NA,NA,0,357.646205357144,107.293861607143
2021-02-16,"Ethiopia","",397,1276.63138392857,20.2924574495024,NA,NA,0,352.640256696429,105.792077008929
2021-02-17,"Ethiopia","",397,1252.01196428572,20.0800889217847,NA,NA,0,347.470178571429,104.241053571429
2021-02-18,"Ethiopia","",397,1226.73602678572,19.8590522908948,NA,NA,0,342.135970982144,102.640791294643
2021-02-19,"Ethiopia","",397,1200.80357142857,19.6293475568328,NA,NA,0,336.637633928572,100.991290178572
2021-02-20,"Ethiopia","",397,1174.21459821429,19.3909747195986,NA,NA,0,330.975167410715,99.2925502232145
2021-02-21,"Ethiopia","",397,1146.96910714286,19.1439337791922,NA,NA,0,325.148571428572,97.5445714285717
2021-02-22,"Ethiopia","",397,1119.06709821429,18.8882247356137,NA,NA,0,319.157845982144,95.7473537946431
2021-02-23,"Ethiopia","",397,1090.50857142857,18.6238475888631,NA,NA,0,313.002991071429,93.9008973214288
2021-02-24,"Ethiopia","",397,1061.29352678572,18.3508023389403,NA,NA,0,306.684006696429,92.0052020089288
2021-02-25,"Ethiopia","",397,1031.42196428572,18.0690889858454,NA,NA,0,300.200892857144,90.060267857143
2021-02-26,"Ethiopia","",397,1000.89388392857,17.7787075295782,NA,NA,0,293.553649553572,88.0660948660716
2021-02-27,"Ethiopia","",397,969.709285714287,17.479657970139,NA,NA,0,286.742276785715,86.0226830357145
2021-02-28,"Ethiopia","",397,937.868169642858,17.1719403075276,NA,NA,0,279.766774553572,83.9300323660716
2021-03-01,"Ethiopia","",397,905.370535714287,16.855554541744,NA,NA,0,272.627142857143,81.788142857143
2021-03-02,"Ethiopia","",397,872.216383928573,16.5305006727883,NA,NA,0,265.323381696429,79.5970145089287
2021-03-03,"Ethiopia","",397,838.405714285715,16.1967787006605,NA,NA,0,257.855491071429,77.3566473214287
2021-03-04,"Ethiopia","",397,803.938526785715,15.8543886253604,NA,NA,0,250.223470982143,75.067041294643
2021-03-05,"Ethiopia","",397,768.814821428572,15.5033304468883,NA,NA,0,242.427321428572,72.7281964285715
2021-03-06,"Ethiopia","",397,733.034598214286,15.143604165244,NA,NA,0,234.467042410715,70.3401127232144
2021-03-07,"Ethiopia","",397,696.597857142857,14.7752097804275,NA,NA,0,226.342633928572,67.9027901785715
2021-03-08,"Ethiopia","",397,659.504598214286,14.3981472924389,NA,NA,0,218.054095982143,65.4162287946429
2021-03-09,"Ethiopia","",397,621.754821428572,14.0124167012781,NA,NA,0,209.601428571429,62.8804285714286
2021-03-10,"Ethiopia","",397,583.348526785714,13.6180180069452,NA,NA,0,200.984631696429,60.2953895089286
2021-03-11,"Ethiopia","",397,544.285714285714,13.2149512094401,NA,NA,0,192.203705357143,57.6611116071429
2021-03-12,"Ethiopia","",397,544.285714285714,12.8032163087629,NA,NA,0,183.258649553572,54.9775948660715
2021-03-13,"Ethiopia","",397,544.285714285714,12.3828133049135,NA,NA,0,174.149464285714,52.2448392857143
2021-03-14,"Ethiopia","",397,544.285714285714,11.9537421978919,NA,NA,0,164.876149553571,49.4628448660714
2021-03-15,"Ethiopia","",397,544.285714285714,11.5160029876982,NA,NA,0,155.438705357143,46.6316116071429
2021-03-16,"Ethiopia","",397,544.285714285714,11.0695956743324,NA,NA,0,145.837131696429,43.7511395089286
2021-03-17,"Ethiopia","",397,544.285714285714,10.6145202577944,NA,NA,0,136.071428571428,40.8214285714285
2021-03-18,"Ethiopia","",397,544.285714285714,10.1507767380843,NA,NA,0,136.071428571428,40.8214285714285
2021-03-19,"Ethiopia","",397,544.285714285714,9.67836511520197,NA,NA,0,136.071428571428,40.8214285714285
2021-03-20,"Ethiopia","",397,544.285714285714,9.19728538914752,NA,NA,0,136.071428571428,40.8214285714285
2021-03-21,"Ethiopia","",397,544.285714285714,8.70753755992092,NA,NA,0,136.071428571428,40.8214285714285
2021-03-22,"Ethiopia","",397,544.285714285714,8.20912162752216,NA,NA,0,136.071428571428,40.8214285714285
2021-03-23,"Ethiopia","",397,544.285714285714,7.70203759195125,NA,NA,0,136.071428571428,40.8214285714285
2021-03-24,"Ethiopia","",397,544.285714285714,7.1862854532082,NA,NA,0,136.071428571428,40.8214285714285
2021-03-25,"Ethiopia","",397,544.285714285714,7.1862854532082,NA,NA,0,136.071428571428,40.8214285714285
2021-03-26,"Ethiopia","",397,544.285714285714,7.1862854532082,NA,NA,0,136.071428571428,40.8214285714285
2021-03-27,"Ethiopia","",397,544.285714285714,7.1862854532082,NA,NA,0,136.071428571428,40.8214285714285
2021-03-28,"Ethiopia","",397,544.285714285714,7.1862854532082,NA,NA,0,136.071428571428,40.8214285714285
2021-03-29,"Ethiopia","",397,544.285714285714,7.1862854532082,NA,NA,0,136.071428571428,40.8214285714285
2021-03-30,"Ethiopia","",397,544.285714285714,7.1862854532082,NA,NA,0,136.071428571428,40.8214285714285
2021-03-31,"Ethiopia","",397,544.285714285714,7.1862854532082,NA,NA,0,136.071428571428,40.8214285714285
2021-04-01,"Ethiopia","",397,544.285714285714,7.1862854532082,NA,NA,0,136.071428571428,40.8214285714285
2021-04-02,"Ethiopia","",397,544.285714285714,7.1862854532082,NA,NA,0,136.071428571428,40.8214285714285
2021-04-03,"Ethiopia","",397,544.285714285714,7.1862854532082,NA,NA,0,136.071428571428,40.8214285714285
2021-04-04,"Ethiopia","",397,544.285714285714,7.1862854532082,NA,NA,0,136.071428571428,40.8214285714285
2021-04-05,"Ethiopia","",397,544.285714285714,7.1862854532082,NA,NA,0,136.071428571428,40.8214285714285
2021-04-06,"Ethiopia","",397,544.285714285714,7.1862854532082,NA,NA,0,136.071428571428,40.8214285714285
2021-04-07,"Ethiopia","",397,544.285714285714,7.1862854532082,NA,NA,0,136.071428571428,40.8214285714285
2021-04-08,"Ethiopia","",397,544.285714285714,7.1862854532082,NA,NA,0,136.071428571428,40.8214285714285
2021-04-09,"Ethiopia","",397,544.285714285714,7.1862854532082,NA,NA,0,136.071428571428,40.8214285714285
2021-04-10,"Ethiopia","",397,544.285714285714,7.1862854532082,NA,NA,0,136.071428571428,40.8214285714285
2021-04-11,"Ethiopia","",397,544.285714285714,7.1862854532082,NA,NA,0,136.071428571428,40.8214285714285
2021-04-12,"Ethiopia","",397,544.285714285714,7.1862854532082,NA,NA,0,136.071428571428,40.8214285714285
2021-04-13,"Ethiopia","",397,544.285714285714,7.1862854532082,NA,NA,0,136.071428571428,40.8214285714285
2021-04-14,"Ethiopia","",397,544.285714285714,7.1862854532082,NA,NA,0,136.071428571428,40.8214285714285
2021-04-15,"Ethiopia","",397,544.285714285714,7.1862854532082,NA,NA,0,136.071428571428,40.8214285714285
2021-04-16,"Ethiopia","",397,544.285714285714,7.1862854532082,NA,NA,0,136.071428571428,40.8214285714285
2021-04-17,"Ethiopia","",397,544.285714285714,7.1862854532082,NA,NA,0,136.071428571428,40.8214285714285
2021-04-18,"Ethiopia","",397,544.285714285714,7.1862854532082,NA,NA,0,136.071428571428,40.8214285714285
2021-04-19,"Ethiopia","",397,544.285714285714,7.1862854532082,NA,NA,0,136.071428571428,40.8214285714285
2021-04-20,"Ethiopia","",397,544.285714285714,7.1862854532082,NA,NA,0,136.071428571428,40.8214285714285
2021-04-21,"Ethiopia","",397,544.285714285714,7.1862854532082,NA,NA,0,136.071428571428,40.8214285714285
2021-04-22,"Ethiopia","",397,544.285714285714,7.1862854532082,NA,NA,0,136.071428571428,40.8214285714285
2021-04-23,"Ethiopia","",397,544.285714285714,7.1862854532082,NA,NA,0,136.071428571428,40.8214285714285
2021-04-24,"Ethiopia","",397,544.285714285714,7.1862854532082,NA,NA,0,136.071428571428,40.8214285714285
2021-04-25,"Ethiopia","",397,544.285714285714,7.1862854532082,NA,NA,0,136.071428571428,40.8214285714285
2021-04-26,"Ethiopia","",397,544.285714285714,7.1862854532082,NA,NA,0,136.071428571428,40.8214285714285
2021-04-27,"Ethiopia","",397,544.285714285714,7.1862854532082,NA,NA,0,136.071428571428,40.8214285714285
2021-04-28,"Ethiopia","",397,544.285714285714,7.1862854532082,NA,NA,0,136.071428571428,40.8214285714285
2021-04-29,"Ethiopia","",397,544.285714285714,7.1862854532082,NA,NA,0,136.071428571428,40.8214285714285
2021-04-30,"Ethiopia","",397,544.285714285714,7.1862854532082,NA,NA,0,136.071428571428,40.8214285714285
2021-05-01,"Ethiopia","",397,544.285714285714,7.1862854532082,NA,NA,0,136.071428571428,40.8214285714285
2021-05-02,"Ethiopia","",397,544.285714285714,7.1862854532082,NA,NA,0,136.071428571428,40.8214285714285
2021-05-03,"Ethiopia","",397,544.285714285714,7.1862854532082,NA,NA,0,136.071428571428,40.8214285714285
2021-05-04,"Ethiopia","",397,544.285714285714,7.1862854532082,NA,NA,0,136.071428571428,40.8214285714285
2021-05-05,"Ethiopia","",397,544.285714285714,7.1862854532082,NA,NA,0,136.071428571428,40.8214285714285
2021-05-06,"Ethiopia","",397,544.285714285714,7.1862854532082,NA,NA,0,136.071428571428,40.8214285714285
2021-05-07,"Ethiopia","",397,544.285714285714,7.1862854532082,NA,NA,0,136.071428571428,40.8214285714285
2021-05-08,"Ethiopia","",397,544.285714285714,7.1862854532082,NA,NA,0,136.071428571428,40.8214285714285
2021-05-09,"Ethiopia","",397,544.285714285714,7.1862854532082,NA,NA,0,136.071428571428,40.8214285714285
2021-05-10,"Ethiopia","",397,544.285714285714,7.1862854532082,NA,NA,0,136.071428571428,40.8214285714285
2021-05-11,"Ethiopia","",397,544.285714285714,7.1862854532082,NA,NA,0,136.071428571428,40.8214285714285
2021-05-12,"Ethiopia","",397,544.285714285714,7.1862854532082,NA,NA,0,136.071428571428,40.8214285714285
2021-05-13,"Ethiopia","",397,544.285714285714,7.1862854532082,NA,NA,0,136.071428571428,40.8214285714285
2021-05-14,"Ethiopia","",397,544.285714285714,7.1862854532082,NA,NA,0,136.071428571428,40.8214285714285
2021-05-15,"Ethiopia","",397,544.285714285714,7.1862854532082,NA,NA,0,136.071428571428,40.8214285714285
2021-05-16,"Ethiopia","",397,544.285714285714,7.1862854532082,NA,NA,0,136.071428571428,40.8214285714285
2021-05-17,"Ethiopia","",397,544.285714285714,7.1862854532082,NA,NA,0,136.071428571428,40.8214285714285
2021-05-18,"Ethiopia","",397,544.285714285714,7.1862854532082,NA,NA,0,136.071428571428,40.8214285714285
2021-05-19,"Ethiopia","",397,544.285714285714,7.1862854532082,NA,NA,0,136.071428571428,40.8214285714285
2021-05-20,"Ethiopia","",397,544.285714285714,7.1862854532082,NA,NA,0,136.071428571428,40.8214285714285
2021-05-21,"Ethiopia","",397,544.285714285714,7.1862854532082,NA,NA,0,136.071428571428,40.8214285714285
2021-05-22,"Ethiopia","",397,544.285714285714,7.1862854532082,NA,NA,0,136.071428571428,40.8214285714285
2021-05-23,"Ethiopia","",397,544.285714285714,7.1862854532082,NA,NA,0,136.071428571428,40.8214285714285
2021-05-24,"Ethiopia","",397,544.285714285714,7.1862854532082,NA,NA,0,136.071428571428,40.8214285714285
2021-05-25,"Ethiopia","",397,544.285714285714,7.1862854532082,NA,NA,0,136.071428571428,40.8214285714285
2021-05-26,"Ethiopia","",397,544.285714285714,7.1862854532082,NA,NA,0,136.071428571428,40.8214285714285
2021-05-27,"Ethiopia","",397,544.285714285714,7.1862854532082,NA,NA,0,136.071428571428,40.8214285714285
2021-05-28,"Ethiopia","",397,544.285714285714,7.1862854532082,NA,NA,0,136.071428571428,40.8214285714285
2021-05-29,"Ethiopia","",397,544.285714285714,7.1862854532082,NA,NA,0,136.071428571428,40.8214285714285
2021-05-30,"Ethiopia","",397,544.285714285714,7.1862854532082,NA,NA,0,136.071428571428,40.8214285714285
2021-05-31,"Ethiopia","",397,544.285714285714,7.1862854532082,NA,NA,0,136.071428571428,40.8214285714285
2021-06-01,"Ethiopia","",397,544.285714285714,7.1862854532082,NA,NA,0,136.071428571428,40.8214285714285
2021-06-02,"Ethiopia","",397,544.285714285714,7.1862854532082,NA,NA,0,136.071428571428,40.8214285714285
2021-06-03,"Ethiopia","",397,544.285714285714,7.1862854532082,NA,NA,0,136.071428571428,40.8214285714285
2021-06-04,"Ethiopia","",397,544.285714285714,7.1862854532082,NA,NA,0,136.071428571428,40.8214285714285
2021-06-05,"Ethiopia","",397,544.285714285714,7.1862854532082,NA,NA,0,136.071428571428,40.8214285714285
2021-06-06,"Ethiopia","",397,544.285714285714,7.1862854532082,NA,NA,0,136.071428571428,40.8214285714285
2021-06-07,"Ethiopia","",397,544.285714285714,7.1862854532082,NA,NA,0,136.071428571428,40.8214285714285
2021-06-08,"Ethiopia","",397,544.285714285714,7.1862854532082,NA,NA,0,136.071428571428,40.8214285714285
2021-06-09,"Ethiopia","",397,544.285714285714,7.1862854532082,NA,NA,0,136.071428571428,40.8214285714285
2021-06-10,"Ethiopia","",397,544.285714285714,7.1862854532082,NA,NA,0,136.071428571428,40.8214285714285
2021-06-11,"Ethiopia","",397,544.285714285714,7.1862854532082,NA,NA,0,136.071428571428,40.8214285714285
2021-06-12,"Ethiopia","",397,544.285714285714,7.1862854532082,NA,NA,0,136.071428571428,40.8214285714285
2021-06-13,"Ethiopia","",397,544.285714285714,7.1862854532082,NA,NA,0,136.071428571428,40.8214285714285
2021-06-14,"Ethiopia","",397,544.285714285714,7.1862854532082,NA,NA,0,136.071428571428,40.8214285714285
2021-06-15,"Ethiopia","",397,544.285714285714,7.1862854532082,NA,NA,0,136.071428571428,40.8214285714285
2021-06-16,"Ethiopia","",397,544.285714285714,7.1862854532082,NA,NA,0,136.071428571428,40.8214285714285
2021-06-17,"Ethiopia","",397,544.285714285714,7.1862854532082,NA,NA,0,136.071428571428,40.8214285714285
2021-06-18,"Ethiopia","",397,544.285714285714,7.1862854532082,NA,NA,0,136.071428571428,40.8214285714285
2021-06-19,"Ethiopia","",397,544.285714285714,7.1862854532082,NA,NA,0,136.071428571428,40.8214285714285
2021-06-20,"Ethiopia","",397,544.285714285714,7.1862854532082,NA,NA,0,136.071428571428,40.8214285714285
2021-06-21,"Ethiopia","",397,544.285714285714,7.1862854532082,NA,NA,0,136.071428571428,40.8214285714285
2021-06-22,"Ethiopia","",397,544.285714285714,7.1862854532082,NA,NA,0,136.071428571428,40.8214285714285
2021-06-23,"Ethiopia","",397,544.285714285714,7.1862854532082,NA,NA,0,136.071428571428,40.8214285714285
2021-06-24,"Ethiopia","",397,544.285714285714,7.1862854532082,NA,NA,0,136.071428571428,40.8214285714285
2021-06-25,"Ethiopia","",397,544.285714285714,7.1862854532082,NA,NA,0,136.071428571428,40.8214285714285
2021-06-26,"Ethiopia","",397,544.285714285714,7.1862854532082,NA,NA,0,136.071428571428,40.8214285714285
2021-06-27,"Ethiopia","",397,544.285714285714,7.1862854532082,NA,NA,0,136.071428571428,40.8214285714285
2021-06-28,"Ethiopia","",397,544.285714285714,7.1862854532082,NA,NA,0,136.071428571428,40.8214285714285
2021-06-29,"Ethiopia","",397,544.285714285714,7.1862854532082,NA,NA,0,136.071428571428,40.8214285714285
2021-06-30,"Ethiopia","",397,544.285714285714,7.1862854532082,NA,NA,0,136.071428571428,40.8214285714285
2021-07-01,"Ethiopia","",397,544.285714285714,7.1862854532082,NA,NA,0,136.071428571428,40.8214285714285
2021-07-02,"Ethiopia","",397,544.285714285714,7.1862854532082,NA,NA,0,136.071428571428,40.8214285714285
2021-07-03,"Ethiopia","",397,544.285714285714,7.1862854532082,NA,NA,0,136.071428571428,40.8214285714285
2021-07-04,"Ethiopia","",397,544.285714285714,7.1862854532082,NA,NA,0,136.071428571428,40.8214285714285
2021-07-05,"Ethiopia","",397,544.285714285714,7.1862854532082,NA,NA,0,136.071428571428,40.8214285714285
2021-07-06,"Ethiopia","",397,544.285714285714,7.1862854532082,NA,NA,0,136.071428571428,40.8214285714285
2021-07-07,"Ethiopia","",397,544.285714285714,7.1862854532082,NA,NA,0,136.071428571428,40.8214285714285
2021-07-08,"Ethiopia","",397,544.285714285714,7.1862854532082,NA,NA,0,136.071428571428,40.8214285714285
2021-07-09,"Ethiopia","",397,544.285714285714,7.1862854532082,NA,NA,0,136.071428571428,40.8214285714285
2021-07-10,"Ethiopia","",397,544.285714285714,7.1862854532082,NA,NA,0,136.071428571428,40.8214285714285
2021-07-11,"Ethiopia","",397,544.285714285714,7.1862854532082,NA,NA,0,136.071428571428,40.8214285714285
2021-07-12,"Ethiopia","",397,544.285714285714,7.1862854532082,NA,NA,0,136.071428571428,40.8214285714285
2021-07-13,"Ethiopia","",397,544.285714285714,7.1862854532082,NA,NA,0,136.071428571428,40.8214285714285
2021-07-14,"Ethiopia","",397,544.285714285714,7.1862854532082,NA,NA,0,136.071428571428,40.8214285714285
2021-07-15,"Ethiopia","",397,544.285714285714,7.1862854532082,NA,NA,0,136.071428571428,40.8214285714285
2021-07-16,"Ethiopia","",397,544.285714285714,7.1862854532082,NA,NA,0,136.071428571428,40.8214285714285
2021-07-17,"Ethiopia","",397,544.285714285714,7.1862854532082,NA,NA,0,136.071428571428,40.8214285714285
2021-07-18,"Ethiopia","",397,544.285714285714,7.1862854532082,NA,NA,0,136.071428571428,40.8214285714285
2021-07-19,"Ethiopia","",397,544.285714285714,7.1862854532082,NA,NA,0,136.071428571428,40.8214285714285
2021-07-20,"Ethiopia","",397,544.285714285714,7.1862854532082,NA,NA,0,136.071428571428,40.8214285714285
2021-07-21,"Ethiopia","",397,544.285714285714,7.1862854532082,NA,NA,0,136.071428571428,40.8214285714285
2021-07-22,"Ethiopia","",397,544.285714285714,7.1862854532082,NA,NA,0,136.071428571428,40.8214285714285
2021-07-23,"Ethiopia","",397,544.285714285714,7.1862854532082,NA,NA,0,136.071428571428,40.8214285714285
2021-07-24,"Ethiopia","",397,544.285714285714,7.1862854532082,NA,NA,0,136.071428571428,40.8214285714285
2021-07-25,"Ethiopia","",397,544.285714285714,7.1862854532082,NA,NA,0,136.071428571428,40.8214285714285
2021-07-26,"Ethiopia","",397,544.285714285714,7.1862854532082,NA,NA,0,136.071428571428,40.8214285714285
2021-07-27,"Ethiopia","",397,544.285714285714,7.1862854532082,NA,NA,0,136.071428571428,40.8214285714285
2021-07-28,"Ethiopia","",397,544.285714285714,7.1862854532082,NA,NA,0,136.071428571428,40.8214285714285
2021-07-29,"Ethiopia","",397,544.285714285714,7.1862854532082,NA,NA,0,136.071428571428,40.8214285714285
2021-07-30,"Ethiopia","",397,544.285714285714,7.1862854532082,NA,NA,0,136.071428571428,40.8214285714285
2021-07-31,"Ethiopia","",397,544.285714285714,7.1862854532082,NA,NA,0,136.071428571428,40.8214285714285
2021-08-01,"Ethiopia","",397,544.285714285714,7.1862854532082,NA,NA,0,136.071428571428,40.8214285714285
2021-08-02,"Ethiopia","",397,544.285714285714,7.1862854532082,NA,NA,0,136.071428571428,40.8214285714285
2021-08-03,"Ethiopia","",397,544.285714285714,7.1862854532082,NA,NA,0,136.071428571428,40.8214285714285
2021-08-04,"Ethiopia","",397,544.285714285714,7.1862854532082,NA,NA,0,136.071428571428,40.8214285714285
2021-08-05,"Ethiopia","",397,544.285714285714,7.1862854532082,NA,NA,0,136.071428571428,40.8214285714285
2021-08-06,"Ethiopia","",397,544.285714285714,7.1862854532082,NA,NA,0,136.071428571428,40.8214285714285
2021-08-07,"Ethiopia","",397,544.285714285714,7.1862854532082,NA,NA,0,136.071428571428,40.8214285714285
2021-08-08,"Ethiopia","",397,544.285714285714,7.1862854532082,NA,NA,0,136.071428571428,40.8214285714285
2021-08-09,"Ethiopia","",397,544.285714285714,7.1862854532082,NA,NA,0,136.071428571428,40.8214285714285
2021-08-10,"Ethiopia","",397,544.285714285714,7.1862854532082,NA,NA,0,136.071428571428,40.8214285714285
2021-08-11,"Ethiopia","",397,544.285714285714,7.1862854532082,NA,NA,0,136.071428571428,40.8214285714285
2021-08-12,"Ethiopia","",397,544.285714285714,7.1862854532082,NA,NA,0,136.071428571428,40.8214285714285
2021-08-13,"Ethiopia","",397,544.285714285714,7.1862854532082,NA,NA,0,136.071428571428,40.8214285714285
2021-08-14,"Ethiopia","",397,544.285714285714,7.1862854532082,NA,NA,0,136.071428571428,40.8214285714285
2021-08-15,"Ethiopia","",397,544.285714285714,7.1862854532082,NA,NA,0,136.071428571428,40.8214285714285
2021-08-16,"Ethiopia","",397,544.285714285714,7.1862854532082,NA,NA,0,136.071428571428,40.8214285714285
2021-08-17,"Ethiopia","",397,544.285714285714,7.1862854532082,NA,NA,0,136.071428571428,40.8214285714285
2021-08-18,"Ethiopia","",397,544.285714285714,7.1862854532082,NA,NA,0,136.071428571428,40.8214285714285
2021-08-19,"Ethiopia","",397,544.285714285714,7.1862854532082,NA,NA,0,136.071428571428,40.8214285714285
2021-08-20,"Ethiopia","",397,544.285714285714,7.1862854532082,NA,NA,0,136.071428571428,40.8214285714285
2021-08-21,"Ethiopia","",397,544.285714285714,7.1862854532082,NA,NA,0,136.071428571428,40.8214285714285
2021-08-22,"Ethiopia","",397,544.285714285714,7.1862854532082,NA,NA,0,136.071428571428,40.8214285714285
2021-08-23,"Ethiopia","",397,544.285714285714,7.1862854532082,NA,NA,0,136.071428571428,40.8214285714285
2021-08-24,"Ethiopia","",397,544.285714285714,7.1862854532082,NA,NA,0,136.071428571428,40.8214285714285
2021-08-25,"Ethiopia","",397,544.285714285714,7.1862854532082,NA,NA,0,136.071428571428,40.8214285714285
2021-08-26,"Ethiopia","",397,544.285714285714,7.1862854532082,NA,NA,0,136.071428571428,40.8214285714285
2021-08-27,"Ethiopia","",397,544.285714285714,7.1862854532082,NA,NA,0,136.071428571428,40.8214285714285
2021-08-28,"Ethiopia","",397,544.285714285714,7.1862854532082,NA,NA,0,136.071428571428,40.8214285714285
2021-08-29,"Ethiopia","",397,544.285714285714,7.1862854532082,NA,NA,0,136.071428571428,40.8214285714285
2021-08-30,"Ethiopia","",397,544.285714285714,7.1862854532082,NA,NA,0,136.071428571428,40.8214285714285
2021-08-31,"Ethiopia","",397,544.285714285714,7.1862854532082,NA,NA,0,136.071428571428,40.8214285714285
2021-09-01,"Ethiopia","",397,544.285714285714,7.1862854532082,NA,NA,0,136.071428571428,40.8214285714285
2021-09-02,"Ethiopia","",397,544.285714285714,7.1862854532082,NA,NA,0,136.071428571428,40.8214285714285
2021-09-03,"Ethiopia","",397,544.285714285714,7.1862854532082,NA,NA,0,136.071428571428,40.8214285714285
2021-09-04,"Ethiopia","",397,544.285714285714,7.1862854532082,NA,NA,0,136.071428571428,40.8214285714285
2021-09-05,"Ethiopia","",397,544.285714285714,7.1862854532082,NA,NA,0,136.071428571428,40.8214285714285
2021-09-06,"Ethiopia","",397,544.285714285714,7.1862854532082,NA,NA,0,136.071428571428,40.8214285714285
2021-09-07,"Ethiopia","",397,544.285714285714,7.1862854532082,NA,NA,0,136.071428571428,40.8214285714285
2021-09-08,"Ethiopia","",397,544.285714285714,7.1862854532082,NA,NA,0,136.071428571428,40.8214285714285
2021-09-09,"Ethiopia","",397,544.285714285714,7.1862854532082,NA,NA,0,136.071428571428,40.8214285714285
2021-09-10,"Ethiopia","",397,544.285714285714,7.1862854532082,NA,NA,0,136.071428571428,40.8214285714285
2021-09-11,"Ethiopia","",397,544.285714285714,7.1862854532082,NA,NA,0,136.071428571428,40.8214285714285
2021-09-12,"Ethiopia","",397,544.285714285714,7.1862854532082,NA,NA,0,136.071428571428,40.8214285714285
2021-09-13,"Ethiopia","",397,544.285714285714,7.1862854532082,NA,NA,0,136.071428571428,40.8214285714285
2021-09-14,"Ethiopia","",397,544.285714285714,7.1862854532082,NA,NA,0,136.071428571428,40.8214285714285
2021-09-15,"Ethiopia","",397,544.285714285714,7.1862854532082,NA,NA,0,136.071428571428,40.8214285714285
2021-09-16,"Ethiopia","",397,544.285714285714,7.1862854532082,NA,NA,0,136.071428571428,40.8214285714285
2021-09-17,"Ethiopia","",397,544.285714285714,7.1862854532082,NA,NA,0,136.071428571428,40.8214285714285
2021-09-18,"Ethiopia","",397,544.285714285714,7.1862854532082,NA,NA,0,136.071428571428,40.8214285714285
2021-09-19,"Ethiopia","",397,544.285714285714,7.1862854532082,NA,NA,0,136.071428571428,40.8214285714285
2021-09-20,"Ethiopia","",397,544.285714285714,7.1862854532082,NA,NA,0,136.071428571428,40.8214285714285
2021-09-21,"Ethiopia","",397,544.285714285714,7.1862854532082,NA,NA,0,136.071428571428,40.8214285714285
2021-09-22,"Ethiopia","",397,544.285714285714,7.1862854532082,NA,NA,0,136.071428571428,40.8214285714285
2021-09-23,"Ethiopia","",397,544.285714285714,7.1862854532082,NA,NA,0,136.071428571428,40.8214285714285
2021-09-24,"Ethiopia","",397,544.285714285714,7.1862854532082,NA,NA,0,136.071428571428,40.8214285714285
2021-09-25,"Ethiopia","",397,544.285714285714,7.1862854532082,NA,NA,0,136.071428571428,40.8214285714285
2021-09-26,"Ethiopia","",397,544.285714285714,7.1862854532082,NA,NA,0,136.071428571428,40.8214285714285
2021-09-27,"Ethiopia","",397,544.285714285714,7.1862854532082,NA,NA,0,136.071428571428,40.8214285714285
2021-09-28,"Ethiopia","",397,544.285714285714,7.1862854532082,NA,NA,0,136.071428571428,40.8214285714285
2021-09-29,"Ethiopia","",397,544.285714285714,7.1862854532082,NA,NA,0,136.071428571428,40.8214285714285
2021-09-30,"Ethiopia","",397,544.285714285714,7.1862854532082,NA,NA,0,136.071428571428,40.8214285714285
2021-10-01,"Ethiopia","",397,544.285714285714,7.1862854532082,NA,NA,0,136.071428571428,40.8214285714285
2021-10-02,"Ethiopia","",397,544.285714285714,7.1862854532082,NA,NA,0,136.071428571428,40.8214285714285
2021-10-03,"Ethiopia","",397,544.285714285714,7.1862854532082,NA,NA,0,136.071428571428,40.8214285714285
2021-10-04,"Ethiopia","",397,544.285714285714,7.1862854532082,NA,NA,0,136.071428571428,40.8214285714285
2021-10-05,"Ethiopia","",397,544.285714285714,7.1862854532082,NA,NA,0,136.071428571428,40.8214285714285
2021-10-06,"Ethiopia","",397,544.285714285714,7.1862854532082,NA,NA,0,136.071428571428,40.8214285714285
2021-10-07,"Ethiopia","",397,544.285714285714,7.1862854532082,NA,NA,0,136.071428571428,40.8214285714285
2021-10-08,"Ethiopia","",397,544.285714285714,7.1862854532082,NA,NA,0,136.071428571428,40.8214285714285
2021-10-09,"Ethiopia","",397,544.285714285714,7.1862854532082,NA,NA,0,136.071428571428,40.8214285714285
2021-10-10,"Ethiopia","",397,544.285714285714,7.1862854532082,NA,NA,0,136.071428571428,40.8214285714285
2021-10-11,"Ethiopia","",397,544.285714285714,7.1862854532082,NA,NA,0,136.071428571428,40.8214285714285
2021-10-12,"Ethiopia","",397,544.285714285714,7.1862854532082,NA,NA,0,136.071428571428,40.8214285714285
2021-10-13,"Ethiopia","",397,544.285714285714,7.1862854532082,NA,NA,0,136.071428571428,40.8214285714285
2021-10-14,"Ethiopia","",397,544.285714285714,7.1862854532082,NA,NA,0,136.071428571428,40.8214285714285
2021-10-15,"Ethiopia","",397,544.285714285714,7.1862854532082,NA,NA,0,136.071428571428,40.8214285714285
2021-10-16,"Ethiopia","",397,544.285714285714,7.1862854532082,NA,NA,0,136.071428571428,40.8214285714285
2021-10-17,"Ethiopia","",397,544.285714285714,7.1862854532082,NA,NA,0,136.071428571428,40.8214285714285
2021-10-18,"Ethiopia","",397,544.285714285714,7.1862854532082,NA,NA,0,136.071428571428,40.8214285714285
2021-10-19,"Ethiopia","",397,544.285714285714,7.1862854532082,NA,NA,0,136.071428571428,40.8214285714285
2021-10-20,"Ethiopia","",397,544.285714285714,7.1862854532082,NA,NA,0,136.071428571428,40.8214285714285
2021-10-21,"Ethiopia","",397,544.285714285714,7.1862854532082,NA,NA,0,136.071428571428,40.8214285714285
2021-10-22,"Ethiopia","",397,544.285714285714,7.1862854532082,NA,NA,0,136.071428571428,40.8214285714285
2021-10-23,"Ethiopia","",397,544.285714285714,7.1862854532082,NA,NA,0,136.071428571428,40.8214285714285
2021-10-24,"Ethiopia","",397,544.285714285714,7.1862854532082,NA,NA,0,136.071428571428,40.8214285714285
2021-10-25,"Ethiopia","",397,544.285714285714,7.1862854532082,NA,NA,0,136.071428571428,40.8214285714285
2021-10-26,"Ethiopia","",397,544.285714285714,7.1862854532082,NA,NA,0,136.071428571428,40.8214285714285
2021-10-27,"Ethiopia","",397,544.285714285714,7.1862854532082,NA,NA,0,136.071428571428,40.8214285714285
2021-10-28,"Ethiopia","",397,544.285714285714,7.1862854532082,NA,NA,0,136.071428571428,40.8214285714285
2021-10-29,"Ethiopia","",397,544.285714285714,7.1862854532082,NA,NA,0,136.071428571428,40.8214285714285
2021-10-30,"Ethiopia","",397,544.285714285714,7.1862854532082,NA,NA,0,136.071428571428,40.8214285714285
2021-10-31,"Ethiopia","",397,544.285714285714,7.1862854532082,NA,NA,0,136.071428571428,40.8214285714285
2021-11-01,"Ethiopia","",397,544.285714285714,7.1862854532082,NA,NA,0,136.071428571428,40.8214285714285
2021-11-02,"Ethiopia","",397,544.285714285714,7.1862854532082,NA,NA,0,136.071428571428,40.8214285714285
2021-11-03,"Ethiopia","",397,544.285714285714,7.1862854532082,NA,NA,0,136.071428571428,40.8214285714285
2021-11-04,"Ethiopia","",397,544.285714285714,7.1862854532082,NA,NA,0,136.071428571428,40.8214285714285
2021-11-05,"Ethiopia","",397,544.285714285714,7.1862854532082,NA,NA,0,136.071428571428,40.8214285714285
2021-11-06,"Ethiopia","",397,544.285714285714,7.1862854532082,NA,NA,0,136.071428571428,40.8214285714285
2021-11-07,"Ethiopia","",397,544.285714285714,7.1862854532082,NA,NA,0,136.071428571428,40.8214285714285
2021-11-08,"Ethiopia","",397,544.285714285714,7.1862854532082,NA,NA,0,136.071428571428,40.8214285714285
2021-11-09,"Ethiopia","",397,544.285714285714,7.1862854532082,NA,NA,0,136.071428571428,40.8214285714285
2021-11-10,"Ethiopia","",397,544.285714285714,7.1862854532082,NA,NA,0,136.071428571428,40.8214285714285
2021-11-11,"Ethiopia","",397,544.285714285714,7.1862854532082,NA,NA,0,136.071428571428,40.8214285714285
2021-11-12,"Ethiopia","",397,544.285714285714,7.1862854532082,NA,NA,0,136.071428571428,40.8214285714285
2021-11-13,"Ethiopia","",397,544.285714285714,7.1862854532082,NA,NA,0,136.071428571428,40.8214285714285
2021-11-14,"Ethiopia","",397,544.285714285714,7.1862854532082,NA,NA,0,136.071428571428,40.8214285714285
2021-11-15,"Ethiopia","",397,544.285714285714,7.1862854532082,NA,NA,0,136.071428571428,40.8214285714285
2021-11-16,"Ethiopia","",397,544.285714285714,7.1862854532082,NA,NA,0,136.071428571428,40.8214285714285
2021-11-17,"Ethiopia","",397,544.285714285714,7.1862854532082,NA,NA,0,136.071428571428,40.8214285714285
2021-11-18,"Ethiopia","",397,544.285714285714,7.1862854532082,NA,NA,0,136.071428571428,40.8214285714285
2021-11-19,"Ethiopia","",397,544.285714285714,7.1862854532082,NA,NA,0,136.071428571428,40.8214285714285
2021-11-20,"Ethiopia","",397,544.285714285714,7.1862854532082,NA,NA,0,136.071428571428,40.8214285714285
2021-11-21,"Ethiopia","",397,544.285714285714,7.1862854532082,NA,NA,0,136.071428571428,40.8214285714285
2021-11-22,"Ethiopia","",397,544.285714285714,7.1862854532082,NA,NA,0,136.071428571428,40.8214285714285
2021-11-23,"Ethiopia","",397,544.285714285714,7.1862854532082,NA,NA,0,136.071428571428,40.8214285714285
2021-11-24,"Ethiopia","",397,544.285714285714,7.1862854532082,NA,NA,0,136.071428571428,40.8214285714285
2021-11-25,"Ethiopia","",397,544.285714285714,7.1862854532082,NA,NA,0,136.071428571428,40.8214285714285
2021-11-26,"Ethiopia","",397,544.285714285714,7.1862854532082,NA,NA,0,136.071428571428,40.8214285714285
2021-11-27,"Ethiopia","",397,544.285714285714,7.1862854532082,NA,NA,0,136.071428571428,40.8214285714285
2021-11-28,"Ethiopia","",397,544.285714285714,7.1862854532082,NA,NA,0,136.071428571428,40.8214285714285
2021-11-29,"Ethiopia","",397,544.285714285714,7.1862854532082,NA,NA,0,136.071428571428,40.8214285714285
2021-11-30,"Ethiopia","",397,544.285714285714,7.1862854532082,NA,NA,0,136.071428571428,40.8214285714285
2021-12-01,"Ethiopia","",397,544.285714285714,7.1862854532082,NA,NA,0,136.071428571428,40.8214285714285
2021-12-02,"Ethiopia","",397,544.285714285714,7.1862854532082,NA,NA,0,136.071428571428,40.8214285714285
2021-12-03,"Ethiopia","",397,544.285714285714,7.1862854532082,NA,NA,0,136.071428571428,40.8214285714285
2021-12-04,"Ethiopia","",397,544.285714285714,7.1862854532082,NA,NA,0,136.071428571428,40.8214285714285
2021-12-05,"Ethiopia","",397,544.285714285714,7.1862854532082,NA,NA,0,136.071428571428,40.8214285714285
2021-12-06,"Ethiopia","",397,544.285714285714,7.1862854532082,NA,NA,0,136.071428571428,40.8214285714285
2021-12-07,"Ethiopia","",397,544.285714285714,7.1862854532082,NA,NA,0,136.071428571428,40.8214285714285
2021-12-08,"Ethiopia","",397,544.285714285714,7.1862854532082,NA,NA,0,136.071428571428,40.8214285714285
2021-12-09,"Ethiopia","",397,544.285714285714,7.1862854532082,NA,NA,0,136.071428571428,40.8214285714285
2021-12-10,"Ethiopia","",397,544.285714285714,7.1862854532082,NA,NA,0,136.071428571428,40.8214285714285
2021-12-11,"Ethiopia","",397,544.285714285714,7.1862854532082,NA,NA,0,136.071428571428,40.8214285714285
2021-12-12,"Ethiopia","",397,544.285714285714,7.1862854532082,NA,NA,0,136.071428571428,40.8214285714285
2021-12-13,"Ethiopia","",397,544.285714285714,7.1862854532082,NA,NA,0,136.071428571428,40.8214285714285
2021-12-14,"Ethiopia","",397,544.285714285714,7.1862854532082,NA,NA,0,136.071428571428,40.8214285714285
2021-12-15,"Ethiopia","",397,544.285714285714,7.1862854532082,NA,NA,0,136.071428571428,40.8214285714285
2021-12-16,"Ethiopia","",397,544.285714285714,7.1862854532082,NA,NA,0,136.071428571428,40.8214285714285
2021-12-17,"Ethiopia","",397,544.285714285714,7.1862854532082,NA,NA,0,136.071428571428,40.8214285714285
2021-12-18,"Ethiopia","",397,544.285714285714,7.1862854532082,NA,NA,0,136.071428571428,40.8214285714285
2021-12-19,"Ethiopia","",397,544.285714285714,7.1862854532082,NA,NA,0,136.071428571428,40.8214285714285
2021-12-20,"Ethiopia","",397,544.285714285714,7.1862854532082,NA,NA,0,136.071428571428,40.8214285714285
2021-12-21,"Ethiopia","",397,544.285714285714,7.1862854532082,NA,NA,0,136.071428571428,40.8214285714285
2021-12-22,"Ethiopia","",397,544.285714285714,7.1862854532082,NA,NA,0,136.071428571428,40.8214285714285
2021-12-23,"Ethiopia","",397,544.285714285714,7.1862854532082,NA,NA,0,136.071428571428,40.8214285714285
2021-12-24,"Ethiopia","",397,544.285714285714,7.1862854532082,NA,NA,0,136.071428571428,40.8214285714285
2021-12-25,"Ethiopia","",397,544.285714285714,7.1862854532082,NA,NA,0,136.071428571428,40.8214285714285
2021-12-26,"Ethiopia","",397,544.285714285714,7.1862854532082,NA,NA,0,136.071428571428,40.8214285714285
2021-12-27,"Ethiopia","",397,544.285714285714,7.1862854532082,NA,NA,0,136.071428571428,40.8214285714285
2021-12-28,"Ethiopia","",397,544.285714285714,7.1862854532082,NA,NA,0,136.071428571428,40.8214285714285
2021-12-29,"Ethiopia","",397,544.285714285714,7.1862854532082,NA,NA,0,136.071428571428,40.8214285714285
2021-12-30,"Ethiopia","",397,544.285714285714,7.1862854532082,NA,NA,0,136.071428571428,40.8214285714285
2021-12-31,"Ethiopia","",397,544.285714285714,7.1862854532082,NA,NA,0,136.071428571428,40.8214285714285
