"Date","CountryName","RegionName","cases","PredictedDailyNewCases","PredictedDailyNewDeaths","avgcases7days_delta","avgdeaths7days_delta","PredictedDailyNewHospital","PredictedDailyNewICU"
2020-01-01,"Turkey","",0,0,0,0,0,0,0
2020-01-02,"Turkey","",0,0,0,NA,NA,0,0
2020-01-03,"Turkey","",0,0,0,NA,NA,0,0
2020-01-04,"Turkey","",0,0,0,NA,NA,0,0
2020-01-05,"Turkey","",0,0,0,NA,NA,0,0
2020-01-06,"Turkey","",0,0,0,NA,NA,0,0
2020-01-07,"Turkey","",0,0,0,NA,NA,0,0
2020-01-08,"Turkey","",0,0,0,NA,NA,0,0
2020-01-09,"Turkey","",0,0,0,NA,NA,0,0
2020-01-10,"Turkey","",0,0,0,NA,NA,0,0
2020-01-11,"Turkey","",0,0,0,NA,NA,0,0
2020-01-12,"Turkey","",0,0,0,NA,NA,0,0
2020-01-13,"Turkey","",0,0,0,NA,NA,0,0
2020-01-14,"Turkey","",0,0,0,NA,NA,0,0
2020-01-15,"Turkey","",0,0,0,NA,NA,0,0
2020-01-16,"Turkey","",0,0,0,NA,NA,0,0
2020-01-17,"Turkey","",0,0,0,NA,NA,0,0
2020-01-18,"Turkey","",0,0,0,NA,NA,0,0
2020-01-19,"Turkey","",0,0,0,NA,NA,0,0
2020-01-20,"Turkey","",0,0,0,NA,NA,0,0
2020-01-21,"Turkey","",0,0,0,NA,NA,0,0
2020-01-22,"Turkey","",0,0,0,NA,NA,0,0
2020-01-23,"Turkey","",0,0,0,NA,NA,0,0
2020-01-24,"Turkey","",0,0,0,NA,NA,0,0
2020-01-25,"Turkey","",0,0,0,NA,NA,0,0
2020-01-26,"Turkey","",0,0,0,NA,NA,0,0
2020-01-27,"Turkey","",0,0,0,NA,NA,0,0
2020-01-28,"Turkey","",0,0,0,NA,NA,0,0
2020-01-29,"Turkey","",0,0,0,NA,NA,0,0
2020-01-30,"Turkey","",0,0,0,0,0,0,0
2020-01-31,"Turkey","",0,0,0,0,0,0,0
2020-02-01,"Turkey","",0,0,0,0,0,0,0
2020-02-02,"Turkey","",0,0,0,0,0,0,0
2020-02-03,"Turkey","",0,0,0,0,0,0,0
2020-02-04,"Turkey","",0,0,0,0,0,0,0
2020-02-05,"Turkey","",0,0,0,0,0,0,0
2020-02-06,"Turkey","",0,0,0,0,0,0,0
2020-02-07,"Turkey","",0,0,0,0,0,0,0
2020-02-08,"Turkey","",0,0,0,0,0,0,0
2020-02-09,"Turkey","",0,0,0,0,0,0,0
2020-02-10,"Turkey","",0,0,0,0,0,0,0
2020-02-11,"Turkey","",0,0,0,0,0,0,0
2020-02-12,"Turkey","",0,0,0,0,0,0,0
2020-02-13,"Turkey","",0,0,0,0,0,0,0
2020-02-14,"Turkey","",0,0,0,0,0,0,0
2020-02-15,"Turkey","",0,0,0,0,0,0,0
2020-02-16,"Turkey","",0,0,0,0,0,0,0
2020-02-17,"Turkey","",0,0,0,0,0,0,0
2020-02-18,"Turkey","",0,0,0,0,0,0,0
2020-02-19,"Turkey","",0,0,0,0,0,0,0
2020-02-20,"Turkey","",0,0,0,0,0,0,0
2020-02-21,"Turkey","",0,0,0,0,0,0,0
2020-02-22,"Turkey","",0,0,0,0,0,0,0
2020-02-23,"Turkey","",0,0,0,0,0,0,0
2020-02-24,"Turkey","",0,0,0,0,0,0,0
2020-02-25,"Turkey","",0,0,0,0,0,0,0
2020-02-26,"Turkey","",0,0,0,0,0,0,0
2020-02-27,"Turkey","",0,0,0,0,0,0,0
2020-02-28,"Turkey","",0,0,0,0,0,0,0
2020-02-29,"Turkey","",0,0,0,0,0,0,0
2020-03-01,"Turkey","",0,0,0,0,0,0,0
2020-03-02,"Turkey","",0,0,0,0,0,0,0
2020-03-03,"Turkey","",0,0,0,0,0,0,0
2020-03-04,"Turkey","",0,0,0,0,0,0,0
2020-03-05,"Turkey","",0,0,0,0,0,0,0
2020-03-06,"Turkey","",0,0,0,0,0,0,0
2020-03-07,"Turkey","",0,0,0,0,0,0,0
2020-03-08,"Turkey","",0,0,0,0,0,0,0
2020-03-09,"Turkey","",0,0,0,0,0,0,0
2020-03-10,"Turkey","",0,0,0,0,0,0,0
2020-03-11,"Turkey","",1,0.142857142857143,0,0.142857142857143,0,0,0
2020-03-12,"Turkey","",0,0.142857142857143,0,0,0,0,0
2020-03-13,"Turkey","",4,0.714285714285714,0,0.571428571428571,0,0,0
2020-03-14,"Turkey","",0,0.714285714285714,0,0,0,0,0
2020-03-15,"Turkey","",1,0.857142857142857,0,0.142857142857143,0,0,0
2020-03-16,"Turkey","",12,2.57142857142857,0,1.71428571428571,0,0,0
2020-03-17,"Turkey","",29,6.71428571428571,0.142857142857143,4.14285714285714,0.142857142857143,0.0357142857142857,0.0107142857142857
2020-03-18,"Turkey","",51,13.8571428571429,0.142857142857143,7.14285714285714,0,0.0357142857142857,0.0107142857142857
2020-03-19,"Turkey","",94,27.2857142857143,0.428571428571429,13.4285714285714,0.285714285714286,0.178571428571428,0.0535714285714285
2020-03-20,"Turkey","",167,50.5714285714286,0.571428571428571,23.2857142857143,0.142857142857143,0.178571428571428,0.0535714285714285
2020-03-21,"Turkey","",311,95,1.28571428571429,44.4285714285714,0.714285714285714,0.214285714285714,0.0642857142857143
2020-03-22,"Turkey","",566,175.714285714286,4.28571428571429,80.7142857142857,3,0.642857142857142,0.192857142857143
2020-03-23,"Turkey","",293,215.857142857143,5.28571428571429,40.1428571428571,1,1.67857142857143,0.503571428571428
2020-03-24,"Turkey","",343,260.714285714286,6.14285714285714,44.8571428571429,0.857142857142858,3.46428571428573,1.03928571428572
2020-03-25,"Turkey","",561,333.571428571429,8.28571428571429,72.8571428571428,2.14285714285714,6.82142857142857,2.04642857142857
2020-03-26,"Turkey","",1196,491,10.2857142857143,157.428571428571,2,12.6428571428571,3.79285714285714
2020-03-27,"Turkey","",2069,762.714285714286,12.5714285714286,271.714285714286,2.28571428571428,23.75,7.125
2020-03-28,"Turkey","",1704,961.714285714286,14.1428571428571,199,1.57142857142857,43.9285714285715,13.1785714285715
2020-03-29,"Turkey","",1815,1140.14285714286,14.4285714285714,178.428571428571,0.285714285714286,53.9642857142858,16.1892857142857
2020-03-30,"Turkey","",1610,1328.28571428571,18.7142857142857,188.142857142857,4.28571428571429,65.1785714285715,19.5535714285714
2020-03-31,"Turkey","",2704,1665.57142857143,24.2857142857143,337.285714285714,5.57142857142857,83.3928571428573,25.0178571428572
2020-04-01,"Turkey","",2148,1892.28571428571,31.1428571428571,226.714285714286,6.85714285714286,122.75,36.825
2020-04-02,"Turkey","",2456,2072.28571428571,40.1428571428571,180,9,190.678571428572,57.2035714285715
2020-04-03,"Turkey","",2786,2174.71428571429,47.5714285714286,102.428571428572,7.42857142857142,240.428571428572,72.1285714285714
2020-04-04,"Turkey","",3013,2361.71428571429,56.1428571428571,187,8.57142857142858,285.035714285715,85.5107142857145
2020-04-05,"Turkey","",3135,2550.28571428571,63.2857142857143,188.571428571428,7.14285714285714,332.071428571427,99.6214285714282
2020-04-06,"Turkey","",3148,2770,68.7142857142857,219.714285714286,5.42857142857142,416.392857142858,124.917857142857
2020-04-07,"Turkey","",3892,2939.71428571429,73,169.714285714286,4.28571428571429,473.071428571427,141.921428571428
2020-04-08,"Turkey","",4117,3221,76.4285714285714,281.285714285714,3.42857142857143,518.071428571428,155.421428571428
2020-04-09,"Turkey","",4056,3449.57142857143,78.8571428571429,228.571428571428,2.42857142857143,543.678571428572,163.103571428572
2020-04-10,"Turkey","",4747,3729.71428571429,83,280.142857142857,4.14285714285714,590.428571428572,177.128571428572
2020-04-11,"Turkey","",5138,4033.28571428571,85.7142857142857,303.571428571428,2.71428571428571,637.571428571428,191.271428571428
2020-04-12,"Turkey","",4789,4269.57142857143,89.1428571428571,236.285714285714,3.42857142857143,692.5,207.75
2020-04-13,"Turkey","",4093,4404.57142857143,92.4285714285714,135,3.28571428571429,734.928571428572,220.478571428572
2020-04-14,"Turkey","",4062,4428.85714285714,96.8571428571429,24.2857142857147,4.42857142857143,805.25,241.575
2020-04-15,"Turkey","",4281,4452.28571428571,100.857142857143,23.4285714285716,4,862.392857142857,258.717857142857
2020-04-16,"Turkey","",4801,4558.71428571429,105,106.428571428571,4.14285714285714,932.428571428572,279.728571428572
2020-04-17,"Turkey","",4353,4502.42857142857,109,-56.2857142857138,4,1008.32142857143,302.496428571428
2020-04-18,"Turkey","",3783,4308.85714285714,112.714285714286,-193.571428571428,3.71428571428571,1067.39285714286,320.217857142857
2020-04-19,"Turkey","",3977,4192.85714285714,117,-116,4.28571428571429,1101.14285714286,330.342857142857
2020-04-20,"Turkey","",4674,4275.85714285714,120.571428571429,83,3.57142857142857,1107.21428571429,332.164285714286
2020-04-21,"Turkey","",4611,4354.28571428571,122.285714285714,78.4285714285716,1.71428571428572,1113.07142857143,333.921428571428
2020-04-22,"Turkey","",3083,4183.14285714286,122.571428571429,-171.142857142858,0.285714285714278,1139.67857142857,341.903571428572
2020-04-23,"Turkey","",3116,3942.42857142857,121.142857142857,-240.714285714285,-1.42857142857143,1125.60714285714,337.682142857143
2020-04-24,"Turkey","",3122,3766.57142857143,118.714285714286,-175.857142857143,-2.42857142857143,1077.21428571429,323.164285714286
2020-04-25,"Turkey","",2861,3634.85714285714,116.571428571429,-131.714285714286,-2.14285714285714,1048.21428571429,314.464285714285
2020-04-26,"Turkey","",2357,3403.42857142857,112.571428571429,-231.428571428571,-4,1068.96428571429,320.689285714286
2020-04-27,"Turkey","",2131,3040.14285714286,108.571428571429,-363.285714285714,-4,1088.57142857143,326.571428571428
2020-04-28,"Turkey","",2392,2723.14285714286,104.714285714286,-317,-3.85714285714286,1045.78571428571,313.735714285714
2020-04-29,"Turkey","",2936,2702.14285714286,100.714285714286,-21,-4,985.607142857143,295.682142857143
2020-04-30,"Turkey","",2615,2630.57142857143,97.5714285714286,-71.5714285714289,-3.14285714285714,941.642857142857,282.492857142857
2020-05-01,"Turkey","",2188,2497.14285714286,94,-133.428571428571,-3.57142857142857,908.714285714285,272.614285714285
2020-05-02,"Turkey","",1983,2371.71428571429,90,-125.428571428572,-4,850.857142857143,255.257142857143
2020-05-03,"Turkey","",1670,2273.57142857143,84.5714285714286,-98.1428571428573,-5.42857142857143,760.035714285715,228.010714285714
2020-05-04,"Turkey","",1614,2199.71428571429,80.1428571428571,-73.8571428571427,-4.42857142857143,680.785714285715,204.235714285714
2020-05-05,"Turkey","",1832,2119.71428571429,75.4285714285714,-80,-4.71428571428571,675.535714285715,202.660714285715
2020-05-06,"Turkey","",2253,2022.14285714286,71.8571428571429,-97.5714285714287,-3.57142857142857,657.642857142857,197.292857142857
2020-05-07,"Turkey","",1977,1931,66.7142857142857,-91.1428571428571,-5.14285714285715,624.285714285715,187.285714285715
2020-05-08,"Turkey","",1848,1882.42857142857,61.5714285714286,-48.5714285714287,-5.14285714285714,592.928571428572,177.878571428572
2020-05-09,"Turkey","",1546,1820,57.5714285714286,-62.4285714285713,-4,568.392857142857,170.517857142857
2020-05-10,"Turkey","",1542,1801.71428571429,55.5714285714286,-18.2857142857142,-2,549.928571428572,164.978571428572
2020-05-11,"Turkey","",1114,1730.28571428571,54.2857142857143,-71.4285714285716,-1.28571428571428,529.928571428572,158.978571428572
2020-05-12,"Turkey","",1704,1712,53.4285714285714,-18.2857142857142,-0.857142857142854,505.535714285715,151.660714285715
2020-05-13,"Turkey","",1639,1624.28571428571,52.5714285714286,-87.7142857142858,-0.857142857142861,482.75,144.825
2020-05-14,"Turkey","",1635,1575.42857142857,52.2857142857143,-48.8571428571429,-0.285714285714285,470.607142857142,141.182142857143
2020-05-15,"Turkey","",1708,1555.42857142857,52.2857142857143,-20,0,455,136.5
2020-05-16,"Turkey","",1610,1564.57142857143,51,9.14285714285734,-1.28571428571428,450.428571428573,135.128571428572
2020-05-17,"Turkey","",1368,1539.71428571429,50.5714285714286,-24.8571428571429,-0.428571428571431,432.571428571427,129.771428571428
2020-05-18,"Turkey","",1158,1546,47.1428571428571,6.28571428571422,-3.42857142857142,428,128.4
2020-05-19,"Turkey","",1022,1448.57142857143,43.5714285714286,-97.4285714285713,-3.57142857142858,406.071428571427,121.821428571428
2020-05-20,"Turkey","",972,1353.28571428571,38.5714285714286,-95.2857142857144,-5,393.857142857142,118.157142857143
2020-05-21,"Turkey","",961,1257,34.5714285714286,-96.2857142857142,-4,388.857142857142,116.657142857143
2020-05-22,"Turkey","",952,1149,31.5714285714286,-108,-3,391.142857142858,117.342857142857
2020-05-23,"Turkey","",1186,1088.42857142857,30.2857142857143,-60.5714285714287,-1.28571428571429,384.928571428573,115.478571428572
2020-05-24,"Turkey","",1141,1056,28.5714285714286,-32.4285714285713,-1.71428571428571,386.5,115.95
2020-05-25,"Turkey","",987,1031.57142857143,28.2857142857143,-24.4285714285713,-0.285714285714288,362.142857142858,108.642857142857
2020-05-26,"Turkey","",948,1021,28.2857142857143,-10.5714285714287,0,338.321428571427,101.496428571428
2020-05-27,"Turkey","",1035,1030,29.8571428571429,9,1.57142857142857,314.25,94.275
2020-05-28,"Turkey","",1182,1061.57142857143,30.2857142857143,31.5714285714287,0.428571428571427,287.25,86.175
2020-05-29,"Turkey","",1141,1088.57142857143,30.4285714285714,27,0.142857142857142,272.107142857142,81.6321428571427
2020-05-30,"Turkey","",983,1059.57142857143,29.5714285714286,-29,-0.857142857142854,264,79.2
2020-05-31,"Turkey","",839,1016.42857142857,28.5714285714286,-43.1428571428572,-1,257.892857142858,77.3678571428572
2020-06-01,"Turkey","",827,993.571428571429,27.7142857142857,-22.8571428571429,-0.857142857142858,255.25,76.575
2020-06-02,"Turkey","",786,970.428571428571,26.8571428571429,-23.1428571428571,-0.857142857142858,257.5,77.25
2020-06-03,"Turkey","",867,946.428571428571,25.4285714285714,-24,-1.42857142857143,265.392857142858,79.6178571428572
2020-06-04,"Turkey","",988,918.714285714286,24.1428571428571,-27.7142857142858,-1.28571428571428,272.142857142858,81.6428571428573
2020-06-05,"Turkey","",930,888.571428571429,22.7142857142857,-30.1428571428571,-1.42857142857143,264.892857142858,79.4678571428573
2020-06-06,"Turkey","",878,873.571428571429,22,-15,-0.714285714285715,254.107142857142,76.2321428571427
2020-06-07,"Turkey","",914,884.285714285714,21.7142857142857,10.7142857142858,-0.285714285714285,248.392857142857,74.5178571428572
2020-06-08,"Turkey","",989,907.428571428571,21.1428571428571,23.1428571428571,-0.571428571428573,242.607142857143,72.7821428571428
2020-06-09,"Turkey","",993,937,20.5714285714286,29.5714285714286,-0.571428571428569,236.607142857143,70.9821428571428
2020-06-10,"Turkey","",922,944.857142857143,19.5714285714286,7.85714285714289,-1,229.678571428572,68.9035714285715
2020-06-11,"Turkey","",987,944.714285714286,19,-0.142857142857224,-0.571428571428573,222.142857142857,66.6428571428572
2020-06-12,"Turkey","",1195,982.571428571429,18.5714285714286,37.8571428571429,-0.428571428571427,218.392857142857,65.5178571428572
2020-06-13,"Turkey","",1459,1065.57142857143,17.5714285714286,83.0000000000001,-1,221.071428571428,66.3214285714285
2020-06-14,"Turkey","",1562,1158.14285714286,16.4285714285714,92.5714285714284,-1.14285714285715,226.857142857143,68.0571428571428
2020-06-15,"Turkey","",1592,1244.28571428571,16.2857142857143,86.1428571428571,-0.142857142857142,234.25,70.275
2020-06-16,"Turkey","",1467,1312,16.1428571428571,67.7142857142858,-0.142857142857142,236.214285714286,70.8642857142857
2020-06-17,"Turkey","",1429,1384.42857142857,16.4285714285714,72.4285714285713,0.285714285714285,236.178571428572,70.8535714285714
2020-06-18,"Turkey","",1304,1429.71428571429,17,45.2857142857144,0.571428571428573,245.642857142857,73.6928571428572
2020-06-19,"Turkey","",1214,1432.42857142857,18.1428571428571,2.71428571428555,1.14285714285714,266.392857142858,79.9178571428572
2020-06-20,"Turkey","",1248,1402.28571428571,19.2857142857143,-30.1428571428571,1.14285714285714,289.535714285715,86.8607142857145
2020-06-21,"Turkey","",1192,1349.42857142857,20.4285714285714,-52.8571428571429,1.14285714285714,311.071428571427,93.3214285714282
2020-06-22,"Turkey","",1212,1295.14285714286,21.2857142857143,-54.2857142857142,0.857142857142858,328,98.4
2020-06-23,"Turkey","",1268,1266.71428571429,22.7142857142857,-28.4285714285713,1.42857142857143,346.107142857142,103.832142857143
2020-06-24,"Turkey","",1492,1275.71428571429,23.4285714285714,9,0.714285714285712,357.428571428573,107.228571428572
2020-06-25,"Turkey","",1458,1297.71428571429,23.4285714285714,22,0,358.107142857142,107.432142857143
2020-06-26,"Turkey","",1396,1323.71428571429,22.8571428571429,26,-0.571428571428569,350.571428571427,105.171428571428
2020-06-27,"Turkey","",1372,1341.42857142857,22.1428571428571,17.7142857142856,-0.714285714285715,337.357142857142,101.207142857143
2020-06-28,"Turkey","",1356,1364.85714285714,21,23.4285714285716,-1.14285714285714,323.785714285715,97.1357142857145
2020-06-29,"Turkey","",1374,1388,20.1428571428571,23.1428571428571,-0.857142857142858,316.678571428573,95.0035714285718
2020-06-30,"Turkey","",1293,1391.57142857143,18.5714285714286,3.57142857142867,-1.57142857142857,318.928571428573,95.6785714285718
2020-07-01,"Turkey","",1192,1348.71428571429,17.8571428571429,-42.8571428571429,-0.714285714285715,324.428571428573,97.3285714285717
2020-07-02,"Turkey","",1186,1309.85714285714,17.2857142857143,-38.8571428571429,-0.571428571428573,330.928571428573,99.2785714285718
2020-07-03,"Turkey","",1172,1277.85714285714,17.2857142857143,-32,0,335.357142857142,100.607142857143
2020-07-04,"Turkey","",1154,1246.71428571429,17.7142857142857,-31.1428571428571,0.428571428571431,341.214285714285,102.364285714285
2020-07-05,"Turkey","",1148,1217,18.2857142857143,-29.7142857142858,0.571428571428569,347,104.1
2020-07-06,"Turkey","",1086,1175.85714285714,18,-41.1428571428571,-0.285714285714285,347.892857142858,104.367857142857
2020-07-07,"Turkey","",1053,1141.57142857143,18.4285714285714,-34.2857142857142,0.428571428571427,337.178571428573,101.153571428572
2020-07-08,"Turkey","",1041,1120,18.8571428571429,-21.5714285714287,0.428571428571431,327.464285714285,98.2392857142855
2020-07-09,"Turkey","",1024,1096.85714285714,19,-23.1428571428571,0.142857142857142,319.464285714285,95.8392857142855
2020-07-10,"Turkey","",1003,1072.71428571429,19.5714285714286,-24.1428571428571,0.571428571428573,311.678571428573,93.5035714285718
2020-07-11,"Turkey","",1016,1053,19.7142857142857,-19.7142857142858,0.142857142857142,304.25,91.275
2020-07-12,"Turkey","",1012,1033.57142857143,19.7142857142857,-19.4285714285713,0,293.964285714285,88.1892857142855
2020-07-13,"Turkey","",1008,1022.42857142857,20.1428571428571,-11.1428571428572,0.428571428571427,285.392857142858,85.6178571428572
2020-07-14,"Turkey","",992,1013.71428571429,20.2857142857143,-8.71428571428578,0.142857142857142,280,84
2020-07-15,"Turkey","",947,1000.28571428571,19.5714285714286,-13.4285714285713,-0.714285714285712,274.214285714285,82.2642857142855
2020-07-16,"Turkey","",933,987.285714285714,20,-13,0.428571428571427,268.178571428573,80.4535714285717
2020-07-17,"Turkey","",926,976.285714285714,19.2857142857143,-11,-0.714285714285715,263.25,78.975
2020-07-18,"Turkey","",918,962.285714285714,18.7142857142857,-14,-0.571428571428569,258.392857142858,77.5178571428573
2020-07-19,"Turkey","",924,949.714285714286,18.2857142857143,-12.5714285714287,-0.428571428571431,255.607142857142,76.6821428571428
2020-07-20,"Turkey","",931,938.714285714286,18,-11,-0.285714285714285,253.428571428572,76.0285714285718
2020-07-21,"Turkey","",928,929.571428571429,17.7142857142857,-9.14285714285711,-0.285714285714285,250.071428571428,75.0214285714282
2020-07-22,"Turkey","",902,923.142857142857,18,-6.42857142857144,0.285714285714285,246.821428571428,74.0464285714285
2020-07-23,"Turkey","",913,920.285714285714,17.5714285714286,-2.85714285714278,-0.428571428571427,244.071428571428,73.2214285714285
2020-07-24,"Turkey","",937,921.857142857143,17.4285714285714,1.57142857142856,-0.142857142857146,240.571428571428,72.1714285714285
2020-07-25,"Turkey","",921,922.285714285714,17.2857142857143,0.428571428571445,-0.142857142857142,237.428571428572,71.2285714285714
2020-07-26,"Turkey","",927,922.714285714286,17.4285714285714,0.428571428571331,0.142857142857142,234.678571428572,70.4035714285715
2020-07-27,"Turkey","",919,921,17.4285714285714,-1.71428571428567,0,232.392857142857,69.7178571428572
2020-07-28,"Turkey","",963,926,17,5,-0.428571428571427,230.785714285714,69.2357142857143
2020-07-29,"Turkey","",942,931.714285714286,16.2857142857143,5.71428571428567,-0.714285714285715,230.071428571428,69.0214285714285
2020-07-30,"Turkey","",967,939.428571428571,15.8571428571429,7.71428571428578,-0.428571428571427,230.464285714286,69.1392857142857
2020-07-31,"Turkey","",982,945.857142857143,15.8571428571429,6.42857142857144,0,230.571428571428,69.1714285714285
2020-08-01,"Turkey","",996,956.571428571429,16.2857142857143,10.7142857142857,0.428571428571427,230.678571428572,69.2035714285715
2020-08-02,"Turkey","",987,965.142857142857,16.4285714285714,8.57142857142856,0.142857142857142,230.25,69.075
2020-08-03,"Turkey","",995,976,16.7142857142857,10.8571428571429,0.285714285714288,231.5,69.45
2020-08-04,"Turkey","",1083,993.142857142857,17.1428571428571,17.1428571428571,0.428571428571427,232.928571428572,69.8785714285714
2020-08-05,"Turkey","",1178,1026.85714285714,17.8571428571429,33.7142857142858,0.714285714285715,234.857142857143,70.4571428571428
2020-08-06,"Turkey","",1153,1053.42857142857,17.7142857142857,26.5714285714284,-0.142857142857142,236.464285714286,70.9392857142857
2020-08-07,"Turkey","",1185,1082.42857142857,17.4285714285714,29,-0.285714285714288,239.142857142857,71.7428571428572
2020-08-08,"Turkey","",1172,1107.57142857143,17,25.1428571428573,-0.428571428571427,241.285714285714,72.3857142857143
2020-08-09,"Turkey","",1182,1135.42857142857,16.5714285714286,27.8571428571427,-0.428571428571427,244,73.2
2020-08-10,"Turkey","",1193,1163.71428571429,15.8571428571429,28.2857142857144,-0.714285714285715,248.285714285714,74.4857142857143
2020-08-11,"Turkey","",1183,1178,15.4285714285714,14.2857142857142,-0.428571428571429,256.714285714285,77.0142857142855
2020-08-12,"Turkey","",1212,1182.85714285714,15.2857142857143,4.85714285714289,-0.142857142857142,263.357142857142,79.0071428571427
2020-08-13,"Turkey","",1243,1195.71428571429,16.2857142857143,12.8571428571429,0.999999999999998,270.607142857142,81.1821428571428
2020-08-14,"Turkey","",1226,1201.57142857143,17.2857142857143,5.85714285714289,1,276.892857142858,83.0678571428572
2020-08-15,"Turkey","",1256,1213.57142857143,18,12,0.714285714285715,283.857142857142,85.1571428571427
2020-08-16,"Turkey","",1192,1215,18.5714285714286,1.42857142857133,0.571428571428573,290.928571428573,87.2785714285718
2020-08-17,"Turkey","",1233,1220.71428571429,19.7142857142857,5.71428571428578,1.14285714285714,294.5,88.35
2020-08-18,"Turkey","",1263,1232.14285714286,20.4285714285714,11.4285714285713,0.714285714285712,295.714285714285,88.7142857142855
2020-08-19,"Turkey","",1303,1245.14285714286,21.1428571428571,13,0.714285714285715,298.928571428573,89.6785714285718
2020-08-20,"Turkey","",1412,1269.28571428571,20.8571428571429,24.1428571428571,-0.285714285714285,300.392857142858,90.1178571428572
2020-08-21,"Turkey","",1203,1266,20.8571428571429,-3.28571428571422,0,303.392857142858,91.0178571428573
2020-08-22,"Turkey","",1309,1273.57142857143,21,7.57142857142867,0.142857142857142,303.75,91.125
2020-08-23,"Turkey","",1217,1277.14285714286,21,3.57142857142844,0,305.178571428573,91.5535714285718
2020-08-24,"Turkey","",1443,1307.14285714286,20.4285714285714,30,-0.571428571428573,308.035714285715,92.4107142857145
2020-08-25,"Turkey","",1502,1341.28571428571,21,34.1428571428571,0.571428571428573,311.285714285715,93.3857142857145
2020-08-26,"Turkey","",1313,1342.71428571429,20.5714285714286,1.42857142857156,-0.428571428571427,317.321428571427,95.1964285714282
2020-08-27,"Turkey","",1491,1354,21.5714285714286,11.2857142857142,1,316.5,94.95
2020-08-28,"Turkey","",1517,1398.85714285714,23.5714285714286,44.8571428571429,2,318.392857142858,95.5178571428573
2020-08-29,"Turkey","",1549,1433.14285714286,26,34.2857142857142,2.42857142857143,319.285714285715,95.7857142857145
2020-08-30,"Turkey","",1482,1471,29.2857142857143,37.8571428571429,3.28571428571428,326.785714285715,98.0357142857145
2020-08-31,"Turkey","",1587,1491.57142857143,33,20.5714285714287,3.71428571428572,335.321428571427,100.596428571428
2020-09-01,"Turkey","",1572,1501.57142857143,36.2857142857143,10,3.28571428571428,335.678571428573,100.703571428572
2020-09-02,"Turkey","",1596,1542,39.8571428571429,40.4285714285713,3.57142857142857,338.5,101.55
2020-09-03,"Turkey","",1642,1563.57142857143,43.1428571428571,21.5714285714287,3.28571428571429,349.714285714285,104.914285714285
2020-09-04,"Turkey","",1612,1577.14285714286,45.5714285714286,13.5714285714284,2.42857142857142,358.285714285715,107.485714285715
2020-09-05,"Turkey","",1673,1594.85714285714,48,17.7142857142858,2.42857142857143,367.75,110.325
2020-09-06,"Turkey","",1578,1608.57142857143,49.5714285714286,13.7142857142858,1.57142857142857,372.892857142858,111.867857142857
2020-09-07,"Turkey","",1703,1625.14285714286,51.4285714285714,16.5714285714284,1.85714285714286,375.392857142858,112.617857142857
2020-09-08,"Turkey","",1761,1652.14285714286,52.1428571428571,27,0.714285714285715,385.5,115.65
2020-09-09,"Turkey","",1673,1663.14285714286,53.5714285714286,11,1.42857142857142,390.892857142858,117.267857142857
2020-09-10,"Turkey","",1512,1644.57142857143,54.8571428571429,-18.5714285714284,1.28571428571428,394.285714285715,118.285714285715
2020-09-11,"Turkey","",1671,1653,55.2857142857143,8.42857142857133,0.428571428571431,398.714285714285,119.614285714285
2020-09-12,"Turkey","",1509,1629.57142857143,54.1428571428571,-23.4285714285713,-1.14285714285714,402.142857142858,120.642857142857
2020-09-13,"Turkey","",1527,1622.28571428571,54.7142857142857,-7.28571428571445,0.571428571428569,406.285714285715,121.885714285714
2020-09-14,"Turkey","",1716,1624.14285714286,55.5714285714286,1.85714285714289,0.857142857142854,413.035714285715,123.910714285715
2020-09-15,"Turkey","",1742,1621.42857142857,57.7142857142857,-2.71428571428578,2.14285714285715,415.785714285715,124.735714285714
2020-09-16,"Turkey","",1771,1635.42857142857,58.8571428571429,14,1.14285714285714,411.142857142858,123.342857142857
2020-09-17,"Turkey","",1648,1654.85714285714,60,19.4285714285716,1.14285714285715,413.25,123.975
2020-09-18,"Turkey","",1771,1669.14285714286,60.8571428571429,14.2857142857142,0.857142857142854,407.392857142858,122.217857142857
2020-09-19,"Turkey","",1538,1673.28571428571,63.7142857142857,4.14285714285711,2.85714285714286,405.571428571427,121.671428571428
2020-09-20,"Turkey","",1519,1672.14285714286,64.2857142857143,-1.14285714285711,0.571428571428577,406.035714285715,121.810714285714
2020-09-21,"Turkey","",1743,1676,65,3.85714285714289,0.714285714285708,405.357142857142,121.607142857143
2020-09-22,"Turkey","",1692,1668.85714285714,64.7142857142857,-7.14285714285711,-0.285714285714292,408.857142857142,122.657142857143
2020-09-23,"Turkey","",1767,1668.28571428571,66,-0.571428571428669,1.28571428571429,413.714285714285,124.114285714285
2020-09-24,"Turkey","",1721,1678.71428571429,67.1428571428571,10.4285714285716,1.14285714285714,417.285714285715,125.185714285714
2020-09-25,"Turkey","",1665,1663.57142857143,68.7142857142857,-15.1428571428571,1.57142857142857,418.321428571427,125.496428571428
2020-09-26,"Turkey","",1511,1659.71428571429,69.1428571428571,-3.85714285714289,0.428571428571431,418.035714285715,125.410714285715
2020-09-27,"Turkey","",1467,1652.28571428571,70.1428571428571,-7.42857142857156,1,419,125.7
2020-09-28,"Turkey","",1412,1605,69.7142857142857,-47.2857142857142,-0.428571428571431,417.214285714285,125.164285714285
2020-09-29,"Turkey","",1427,1567.14285714286,70.1428571428571,-37.8571428571429,0.428571428571431,417.071428571427,125.121428571428
2020-09-30,"Turkey","",1391,1513.42857142857,69.1428571428571,-53.7142857142858,-1,419.678571428573,125.903571428572
2020-10-01,"Turkey","",1407,1468.57142857143,68.1428571428571,-44.8571428571427,-1,415.892857142858,124.767857142857
2020-10-02,"Turkey","",1442,1436.71428571429,66.7142857142857,-31.8571428571429,-1.42857142857143,414.928571428573,124.478571428572
2020-10-03,"Turkey","",1502,1435.42857142857,65,-1.28571428571445,-1.71428571428571,413.071428571427,123.921428571428
2020-10-04,"Turkey","",1429,1430,63.4285714285714,-5.42857142857133,-1.57142857142857,401.25,120.375
2020-10-05,"Turkey","",1603,1457.28571428571,62.2857142857143,27.2857142857142,-1.14285714285715,391.785714285715,117.535714285715
2020-10-06,"Turkey","",1511,1469.28571428571,60.4285714285714,12,-1.85714285714285,378.357142857142,113.507142857143
2020-10-07,"Turkey","",1581,1496.42857142857,59.1428571428571,27.1428571428571,-1.28571428571428,367.142857142858,110.142857142857
2020-10-08,"Turkey","",1615,1526.14285714286,57.8571428571429,29.7142857142858,-1.28571428571429,359.178571428573,107.753571428572
2020-10-09,"Turkey","",1629,1552.85714285714,56.7142857142857,26.7142857142858,-1.14285714285714,358.857142857142,107.657142857143
2020-10-10,"Turkey","",1649,1573.85714285714,56.2857142857143,21,-0.428571428571431,357.5,107.25
2020-10-11,"Turkey","",1502,1584.28571428571,56.5714285714286,10.4285714285713,0.285714285714285,364.321428571427,109.296428571428
2020-10-12,"Turkey","",1614,1585.85714285714,56.7142857142857,1.57142857142867,0.142857142857146,367.321428571427,110.196428571428
2020-10-13,"Turkey","",1632,1603.14285714286,57.7142857142857,17.2857142857142,1,374.107142857142,112.232142857143
2020-10-14,"Turkey","",1671,1616,57.8571428571429,12.8571428571429,0.142857142857139,381.535714285715,114.460714285715
2020-10-15,"Turkey","",1693,1627.14285714286,59,11.1428571428571,1.14285714285715,388.214285714285,116.464285714285
2020-10-16,"Turkey","",1812,1653.28571428571,61.5714285714286,26.1428571428571,2.57142857142857,393.464285714285,118.039285714285
2020-10-17,"Turkey","",1723,1663.85714285714,63.7142857142857,10.5714285714287,2.14285714285715,396.071428571427,118.821428571428
2020-10-18,"Turkey","",1815,1708.57142857143,65.5714285714286,44.7142857142858,1.85714285714285,396.464285714285,118.939285714285
2020-10-19,"Turkey","",2026,1767.42857142857,68,58.8571428571427,2.42857142857143,400.785714285715,120.235714285714
2020-10-20,"Turkey","",1894,1804.85714285714,69.7142857142857,37.4285714285716,1.71428571428571,404,121.2
2020-10-21,"Turkey","",2013,1853.71428571429,71.2857142857143,48.8571428571429,1.57142857142858,406.785714285715,122.035714285715
2020-10-22,"Turkey","",2102,1912.14285714286,72,58.4285714285713,0.714285714285708,413.321428571427,123.996428571428
2020-10-23,"Turkey","",2165,1962.57142857143,72.1428571428571,50.4285714285716,0.142857142857139,415.964285714285,124.789285714285
2020-10-24,"Turkey","",2091,2015.14285714286,71.8571428571429,52.5714285714284,-0.285714285714278,427.142857142858,128.142857142857
2020-10-25,"Turkey","",2017,2044,71.8571428571429,28.8571428571429,0,441.857142857142,132.557142857143
2020-10-26,"Turkey","",2198,2068.57142857143,71.8571428571429,24.5714285714284,0,451.214285714285,135.364285714286
2020-10-27,"Turkey","",2209,2113.57142857143,72.1428571428571,45,0.285714285714278,463.428571428573,139.028571428572
2020-10-28,"Turkey","",2305,2155.28571428571,73.4285714285714,41.7142857142858,1.28571428571429,478.035714285715,143.410714285715
2020-10-29,"Turkey","",2319,2186.28571428571,73.5714285714286,31,0.142857142857139,490.642857142858,147.192857142857
2020-10-30,"Turkey","",2322,2208.71428571429,74.1428571428571,22.4285714285716,0.571428571428569,503.785714285715,151.135714285714
2020-10-31,"Turkey","",2213,2226.14285714286,75,17.4285714285716,0.857142857142861,511,153.3
2020-11-01,"Turkey","",2106,2238.85714285714,75.2857142857143,12.7142857142853,0.285714285714292,517.142857142857,155.142857142857
2020-11-02,"Turkey","",2302,2253.71428571429,75.4285714285714,14.8571428571431,0.142857142857139,528.392857142857,158.517857142857
2020-11-03,"Turkey","",2343,2272.85714285714,75.8571428571429,19.1428571428569,0.428571428571431,538.821428571428,161.646428571428
2020-11-04,"Turkey","",2391,2285.14285714286,75.8571428571429,12.2857142857147,0,546.571428571428,163.971428571428
2020-11-05,"Turkey","",2311,2284,77.1428571428571,-1.14285714285734,1.28571428571428,552.178571428572,165.653571428572
2020-11-06,"Turkey","",2436,2300.28571428571,77.8571428571429,16.2857142857142,0.714285714285722,556.535714285715,166.960714285714
2020-11-07,"Turkey","",2483,2338.85714285714,78.7142857142857,38.5714285714284,0.857142857142847,559.714285714285,167.914285714285
2020-11-08,"Turkey","",2516,2397.42857142857,80.1428571428571,58.5714285714289,1.42857142857143,563.428571428572,169.028571428572
2020-11-09,"Turkey","",2576,2436.57142857143,81.4285714285714,39.1428571428569,1.28571428571429,568.214285714285,170.464285714285
2020-11-10,"Turkey","",2529,2463.14285714286,82.5714285714286,26.5714285714289,1.14285714285714,571.285714285715,171.385714285714
2020-11-11,"Turkey","",2693,2506.28571428571,83.8571428571429,43.1428571428569,1.28571428571429,571,171.3
2020-11-12,"Turkey","",2841,2582,84.8571428571429,75.7142857142858,1,575.071428571428,172.521428571428
2020-11-13,"Turkey","",3045,2669,86.2857142857143,87,1.42857142857143,584.714285714285,175.414285714285
2020-11-14,"Turkey","",3116,2759.42857142857,87.8571428571429,90.4285714285716,1.57142857142857,599.357142857143,179.807142857143
2020-11-15,"Turkey","",3223,2860.42857142857,88.5714285714286,101,0.714285714285708,609.142857142857,182.742857142857
2020-11-16,"Turkey","",3316,2966.14285714286,89.8571428571429,105.714285714286,1.28571428571429,615.785714285715,184.735714285714
2020-11-17,"Turkey","",3819,3150.42857142857,92.1428571428571,184.285714285714,2.28571428571428,626.571428571428,187.971428571428
2020-11-18,"Turkey","",4215,3367.85714285714,96.4285714285714,217.428571428571,4.28571428571429,645.5,193.65
2020-11-19,"Turkey","",4542,3610.85714285714,101.428571428571,243,5,667.25,200.175
2020-11-20,"Turkey","",5103,3904.85714285714,108.285714285714,294,6.85714285714286,689.857142857143,206.957142857143
2020-11-21,"Turkey","",5532,4250,114.428571428571,345.142857142857,6.14285714285714,715.107142857143,214.532142857143
2020-11-22,"Turkey","",6017,4649.14285714286,121.571428571429,399.142857142857,7.14285714285714,741.535714285715,222.460714285714
2020-11-23,"Turkey","",6713,5134.42857142857,130,485.285714285715,8.42857142857143,787.607142857143,236.282142857143
2020-11-24,"Turkey","",7381,5643.28571428571,138.285714285714,508.857142857143,8.28571428571428,841.964285714285,252.589285714285
2020-11-25,"Turkey","",6814,6014.57142857143,145.714285714286,371.285714285714,7.42857142857144,902.714285714285,270.814285714285
2020-11-26,"Turkey","",36008,10509.7142857143,153,4495.14285714286,7.28571428571428,976.214285714285,292.864285714285
2020-11-27,"Turkey","",44506,16138.7142857143,158.142857142857,5629,5.14285714285714,1062.5,318.75
2020-11-28,"Turkey","",30103,19648.8571428571,164.857142857143,3510.14285714286,6.71428571428572,1162.28571428571,348.685714285714
2020-11-29,"Turkey","",29281,22972.2857142857,171.428571428571,3323.42857142857,6.57142857142856,1283.60714285714,385.082142857143
2020-11-30,"Turkey","",31219,26473.1428571429,176.428571428571,3500.85714285714,5,1410.82142857143,423.246428571428
2020-12-01,"Turkey","",30110,29720.1428571429,180.571428571429,3247,4.14285714285717,1503.64285714286,451.092857142857
2020-12-02,"Turkey","",31923,33307.1428571429,184.142857142857,3587,3.57142857142856,2627.42857142858,788.228571428573
2020-12-03,"Turkey","",32381,32789,186,-518.142857142855,1.85714285714286,4034.67857142858,1210.40357142857
2020-12-04,"Turkey","",32736,31107.5714285714,188.285714285714,-1681.42857142857,2.28571428571428,4912.21428571428,1473.66428571428
2020-12-05,"Turkey","",31896,31363.7142857143,190.285714285714,256.142857142859,2,5743.07142857142,1722.92142857143
2020-12-06,"Turkey","",30402,31523.8571428571,191.714285714286,160.142857142855,1.42857142857144,6618.28571428572,1985.48571428572
2020-12-07,"Turkey","",32137,31655,193.857142857143,131.142857142859,2.14285714285714,7430.03571428572,2229.01071428572
2020-12-08,"Turkey","",33198,32096.1428571429,196.857142857143,441.142857142859,3,8326.78571428572,2498.03571428572
2020-12-09,"Turkey","",31712,32066,200.285714285714,-30.1428571428587,3.42857142857142,8197.25,2459.175
2020-12-10,"Turkey","",823225,145043.714285714,205,112977.714285714,4.71428571428572,7776.89285714285,2333.06785714285
2020-12-11,"Turkey","",32106,144953.714285714,209.714285714286,-90,4.71428571428572,7840.92857142858,2352.27857142857
2020-12-12,"Turkey","",29136,144559.428571429,213.428571428571,-394.28571428571,3.71428571428569,7880.96428571428,2364.28928571428
2020-12-13,"Turkey","",26919,144061.857142857,216.714285714286,-497.571428571449,3.28571428571431,7913.75,2374.125
2020-12-14,"Turkey","",29617,143701.857142857,220.428571428571,-360,3.71428571428569,8024.03571428572,2407.21071428572
2020-12-15,"Turkey","",32102,143545.285714286,223.857142857143,-156.57142857142,3.42857142857144,8016.5,2404.95
2020-12-16,"Turkey","",29718,143260.428571429,227.142857142857,-284.85714285713,3.28571428571428,36260.9285714285,10878.2785714285
2020-12-17,"Turkey","",27515,29587.5714285714,230.428571428571,-113672.857142857,3.28571428571428,36238.4285714285,10871.5285714285
2020-12-18,"Turkey","",26410,28773.8571428571,233.285714285714,-813.714285714286,2.85714285714286,36139.8571428572,10841.9571428572
2020-12-19,"Turkey","",22195,27782.2857142857,236,-991.571428571428,2.71428571428572,36015.4642857143,10804.6392857143
2020-12-20,"Turkey","",20316,26839,240,-943.285714285714,4,35925.4642857143,10777.6392857143
2020-12-21,"Turkey","",19103,25337,243.571428571429,-1502,3.57142857142858,35886.3214285715,10765.8964285715
2020-12-22,"Turkey","",19103,26870.7422767857,649.405716844963,NA,NA,35815.1071428572,10744.5321428572
2020-12-23,"Turkey","",19103,28479.30125,2937.44830192634,NA,NA,7396.89285714285,2219.06785714285
2020-12-24,"Turkey","",19103,30162.6769196428,2935.62560765465,NA,NA,7193.46428571428,2158.03928571428
2020-12-25,"Turkey","",19103,31920.8692857143,2927.64047084535,NA,NA,6945.57142857142,2083.67142857143
2020-12-26,"Turkey","",19103,33753.8783482143,2917.56357537185,NA,NA,6709.75,2012.925
2020-12-27,"Turkey","",19103,35661.7041071428,2910.27279828509,NA,NA,6334.25,1900.275
2020-12-28,"Turkey","",19103,37644.3465625,2907.10188888545,NA,NA,6717.68556919643,2015.30567075893
2020-12-29,"Turkey","",19103,39701.8057142857,2901.33291685728,NA,NA,7119.8253125,2135.94759375
2020-12-30,"Turkey","",19103,41834.0815625,599.212188401203,NA,NA,7540.66922991071,2262.20076897321
2020-12-31,"Turkey","",19103,44041.1741071428,582.732717652706,NA,NA,7980.21732142857,2394.06519642857
2021-01-01,"Turkey","",19103,46323.0833482142,562.651255843488,NA,NA,8438.46958705357,2531.54087611607
2021-01-02,"Turkey","",19103,48679.8092857142,543.547683976859,NA,NA,8915.42602678571,2674.62780803571
2021-01-03,"Turkey","",19103,51111.3519196428,513.128941798192,NA,NA,9411.08664062499,2823.3259921875
2021-01-04,"Turkey","",19103,53617.7112499999,544.190533599834,NA,NA,9925.45142857142,2977.63542857143
2021-01-05,"Turkey","",19103,56198.8872767856,576.767325001556,NA,NA,10458.520390625,3137.5561171875
2021-01-06,"Turkey","",19103,58854.8799999999,610.859316003358,NA,NA,11010.2935267857,3303.08805803571
2021-01-07,"Turkey","",19103,61585.6894196428,646.466506605241,NA,NA,11580.7708370536,3474.23125111607
2021-01-08,"Turkey","",19103,64391.3155357142,683.588896807203,NA,NA,12169.9523214286,3650.98569642857
2021-01-09,"Turkey","",19103,67271.7583482142,722.226486609245,NA,NA,12777.8379799107,3833.35139397321
2021-01-10,"Turkey","",19103,70227.0178571428,762.379276011368,NA,NA,13404.4278125,4021.32834374999
2021-01-11,"Turkey","",19103,73257.0940624999,804.04726501357,NA,NA,14049.7218191964,4214.91654575892
2021-01-12,"Turkey","",19103,76361.9869642856,847.230453615853,NA,NA,14713.72,4414.11599999999
2021-01-13,"Turkey","",19103,79541.6965624999,891.928841818216,NA,NA,15396.4223549107,4618.92670647321
2021-01-14,"Turkey","",19103,82796.2228571427,938.142429620659,NA,NA,16097.8288839285,4829.34866517856
2021-01-15,"Turkey","",19103,86125.5658482141,985.871217023182,NA,NA,16817.9395870535,5045.38187611606
2021-01-16,"Turkey","",19103,89529.7255357141,1035.11520402578,NA,NA,17556.7544642857,5267.02633928571
2021-01-17,"Turkey","",19103,93008.7019196427,1085.87439062847,NA,NA,18314.273515625,5494.28205468749
2021-01-18,"Turkey","",19103,96562.4949999998,1138.14877683123,NA,NA,19090.4967410714,5727.14902232142
2021-01-19,"Turkey","",19103,100191.104776786,1191.93836263407,NA,NA,19885.424140625,5965.62724218749
2021-01-20,"Turkey","",19103,103894.53125,1247.243148037,NA,NA,20699.0557142857,6209.71671428571
2021-01-21,"Turkey","",19103,107672.774419643,1304.06313304,NA,NA,21531.3914620535,6459.41743861606
2021-01-22,"Turkey","",19103,111525.834285714,1362.39831764308,NA,NA,22382.4313839285,6714.72941517856
2021-01-23,"Turkey","",19103,115453.710848214,1422.24870184625,NA,NA,23252.1754799107,6975.6526439732
2021-01-24,"Turkey","",19103,119456.404107143,1483.61428564949,NA,NA,24140.62375,7242.18712499999
2021-01-25,"Turkey","",19103,123533.9140625,1546.49506905282,NA,NA,25047.7761941964,7514.33285825892
2021-01-26,"Turkey","",19103,127686.240714285,1610.89105205622,NA,NA,25973.6328125,7792.08984374999
2021-01-27,"Turkey","",19103,131913.3840625,1676.80223465971,NA,NA,26918.1936049107,8075.4580814732
2021-01-28,"Turkey","",19103,136215.344107143,1744.22861686327,NA,NA,27881.4585714285,8364.43757142856
2021-01-29,"Turkey","",19103,140592.120848214,1813.17019866691,NA,NA,28863.4277120535,8659.02831361606
2021-01-30,"Turkey","",19103,145043.714285714,1883.62698007064,NA,NA,29864.1010267857,8959.2303080357
2021-01-31,"Turkey","",19103,143214.027053571,1955.59896107444,NA,NA,30883.4785156249,9265.04355468748
2021-02-01,"Turkey","",19103,141295.086785714,2029.08614167833,NA,NA,31921.5601785714,9576.46805357141
2021-02-02,"Turkey","",19103,139286.893482143,2104.08852188229,NA,NA,32978.3460156249,9893.50380468748
2021-02-03,"Turkey","",19103,137189.447142857,2180.60610168634,NA,NA,34053.8360267856,10216.1508080357
2021-02-04,"Turkey","",19103,135002.747767857,2258.63888109046,NA,NA,35148.0302120535,10544.4090636161
2021-02-05,"Turkey","",19103,132726.795357143,2338.18686009467,NA,NA,36260.9285714285,10878.2785714285
2021-02-06,"Turkey","",19103,130361.589910714,2419.25003869895,NA,NA,35803.5067633928,10741.0520290178
2021-02-07,"Turkey","",19103,127907.131428571,2501.82841690332,NA,NA,35323.7716964285,10597.1315089285
2021-02-08,"Turkey","",19103,125363.419910714,2585.92199470776,NA,NA,34821.7233705356,10446.5170111607
2021-02-09,"Turkey","",19103,122730.455357143,2671.53077211229,NA,NA,34297.3617857142,10289.2085357143
2021-02-10,"Turkey","",19103,120008.237767857,2758.65474911689,NA,NA,33750.6869419642,10125.2060825893
2021-02-11,"Turkey","",19103,117196.767142857,2847.29392572158,NA,NA,33181.6988392857,9954.50965178569
2021-02-12,"Turkey","",19103,114296.043482143,2937.44830192634,NA,NA,32590.3974776785,9777.11924330355
2021-02-13,"Turkey","",19103,111306.066785714,2900.39318595953,NA,NA,31976.7828571428,9593.03485714284
2021-02-14,"Turkey","",19103,108226.837053571,2861.53050336019,NA,NA,31340.8549776785,9402.25649330355
2021-02-15,"Turkey","",19103,105058.354285714,2820.86025412832,NA,NA,30682.6138392857,9204.7841517857
2021-02-16,"Turkey","",19103,101800.618482143,2778.38243826393,NA,NA,30002.0594419642,9000.61783258927
2021-02-17,"Turkey","",19103,98453.6296428569,2734.09705576701,NA,NA,29299.1917857142,8789.75753571427
2021-02-18,"Turkey","",19103,95017.3877678569,2688.00410663756,NA,NA,28574.0108705357,8572.2032611607
2021-02-19,"Turkey","",19103,91491.8928571427,2640.10359087558,NA,NA,27826.5166964285,8347.95500892855
2021-02-20,"Turkey","",19103,87877.1449107141,2590.39550848108,NA,NA,27056.7092633928,8117.01277901784
2021-02-21,"Turkey","",19103,84173.1439285713,2538.87985945404,NA,NA,26264.5885714285,7879.37657142855
2021-02-22,"Turkey","",19103,80379.8899107141,2485.55664379448,NA,NA,25450.1546205357,7635.0463861607
2021-02-23,"Turkey","",19103,76497.3828571427,2430.4258615024,NA,NA,24613.4074107142,7384.02222321427
2021-02-24,"Turkey","",19103,72525.622767857,2373.48751257778,NA,NA,23754.3469419642,7126.30408258927
2021-02-25,"Turkey","",19103,68464.609642857,2314.74159702064,NA,NA,22872.9732142857,6861.8919642857
2021-02-26,"Turkey","",19103,64314.3434821427,2254.18811483097,NA,NA,21969.2862276785,6590.78586830356
2021-02-27,"Turkey","",19103,60074.8242857141,2191.82706600878,NA,NA,21043.2859821428,6312.98579464284
2021-02-28,"Turkey","",19103,55746.0520535713,2127.65845055405,NA,NA,20094.9724776785,6028.49174330356
2021-03-01,"Turkey","",19103,51328.0267857142,2061.6822684668,NA,NA,19124.3457142857,5737.3037142857
2021-03-02,"Turkey","",19103,46820.7484821427,1993.89851974702,NA,NA,18131.4056919642,5439.42170758927
2021-03-03,"Turkey","",19103,42224.217142857,1924.30720439472,NA,NA,17116.1524107143,5134.84572321427
2021-03-04,"Turkey","",19103,37538.432767857,1852.90832240988,NA,NA,16078.5858705357,4823.5757611607
2021-03-05,"Turkey","",19103,32763.3953571428,1779.70187379252,NA,NA,15018.7060714285,4505.61182142856
2021-03-06,"Turkey","",19103,27899.1049107142,1704.68785854263,NA,NA,13936.5130133928,4180.95390401785
2021-03-07,"Turkey","",19103,22945.5614285714,1627.86627666022,NA,NA,12832.0066964285,3849.60200892856
2021-03-08,"Turkey","",19103,17902.7649107142,1549.23712814527,NA,NA,11705.1871205357,3511.55613616071
2021-03-09,"Turkey","",19103,12770.7153571428,1468.8004129978,NA,NA,10556.0542857143,3166.81628571428
2021-03-10,"Turkey","",19103,7549.41276785711,1386.5561312178,NA,NA,9384.60819196426,2815.38245758928
2021-03-11,"Turkey","",19103,2238.85714285713,1302.50428280528,NA,NA,8190.84883928569,2457.25465178571
2021-03-12,"Turkey","",19103,2238.85714285714,1216.64486776023,NA,NA,6974.77622767855,2092.43286830357
2021-03-13,"Turkey","",19103,2238.85714285714,1128.97788608264,NA,NA,5736.39035714285,1720.91710714285
2021-03-14,"Turkey","",19103,2238.85714285714,1039.50333777254,NA,NA,4475.69122767856,1342.70736830357
2021-03-15,"Turkey","",19103,2238.85714285714,948.221222829902,NA,NA,3192.67883928571,957.803651785712
2021-03-16,"Turkey","",19103,2238.85714285714,855.131541254739,NA,NA,1887.35319196428,566.205957589283
2021-03-17,"Turkey","",19103,2238.85714285714,760.234293047048,NA,NA,559.714285714283,167.914285714285
2021-03-18,"Turkey","",19103,2238.85714285714,663.529478206831,NA,NA,559.714285714285,167.914285714285
2021-03-19,"Turkey","",19103,2238.85714285714,565.017096734086,NA,NA,559.714285714285,167.914285714285
2021-03-20,"Turkey","",19103,2238.85714285714,464.697148628814,NA,NA,559.714285714285,167.914285714285
2021-03-21,"Turkey","",19103,2238.85714285714,362.569633891013,NA,NA,559.714285714285,167.914285714285
2021-03-22,"Turkey","",19103,2238.85714285714,258.634552520686,NA,NA,559.714285714285,167.914285714285
2021-03-23,"Turkey","",19103,2238.85714285714,152.891904517831,NA,NA,559.714285714285,167.914285714285
2021-03-24,"Turkey","",19103,2238.85714285714,45.3416898824487,NA,NA,559.714285714285,167.914285714285
2021-03-25,"Turkey","",19103,2238.85714285714,45.3416898824489,NA,NA,559.714285714285,167.914285714285
2021-03-26,"Turkey","",19103,2238.85714285714,45.3416898824489,NA,NA,559.714285714285,167.914285714285
2021-03-27,"Turkey","",19103,2238.85714285714,45.3416898824489,NA,NA,559.714285714285,167.914285714285
2021-03-28,"Turkey","",19103,2238.85714285714,45.3416898824489,NA,NA,559.714285714285,167.914285714285
2021-03-29,"Turkey","",19103,2238.85714285714,45.3416898824489,NA,NA,559.714285714285,167.914285714285
2021-03-30,"Turkey","",19103,2238.85714285714,45.3416898824489,NA,NA,559.714285714285,167.914285714285
2021-03-31,"Turkey","",19103,2238.85714285714,45.3416898824489,NA,NA,559.714285714285,167.914285714285
2021-04-01,"Turkey","",19103,2238.85714285714,45.3416898824489,NA,NA,559.714285714285,167.914285714285
2021-04-02,"Turkey","",19103,2238.85714285714,45.3416898824489,NA,NA,559.714285714285,167.914285714285
2021-04-03,"Turkey","",19103,2238.85714285714,45.3416898824489,NA,NA,559.714285714285,167.914285714285
2021-04-04,"Turkey","",19103,2238.85714285714,45.3416898824489,NA,NA,559.714285714285,167.914285714285
2021-04-05,"Turkey","",19103,2238.85714285714,45.3416898824489,NA,NA,559.714285714285,167.914285714285
2021-04-06,"Turkey","",19103,2238.85714285714,45.3416898824489,NA,NA,559.714285714285,167.914285714285
2021-04-07,"Turkey","",19103,2238.85714285714,45.3416898824489,NA,NA,559.714285714285,167.914285714285
2021-04-08,"Turkey","",19103,2238.85714285714,45.3416898824489,NA,NA,559.714285714285,167.914285714285
2021-04-09,"Turkey","",19103,2238.85714285714,45.3416898824489,NA,NA,559.714285714285,167.914285714285
2021-04-10,"Turkey","",19103,2238.85714285714,45.3416898824489,NA,NA,559.714285714285,167.914285714285
2021-04-11,"Turkey","",19103,2238.85714285714,45.3416898824489,NA,NA,559.714285714285,167.914285714285
2021-04-12,"Turkey","",19103,2238.85714285714,45.3416898824489,NA,NA,559.714285714285,167.914285714285
2021-04-13,"Turkey","",19103,2238.85714285714,45.3416898824489,NA,NA,559.714285714285,167.914285714285
2021-04-14,"Turkey","",19103,2238.85714285714,45.3416898824489,NA,NA,559.714285714285,167.914285714285
2021-04-15,"Turkey","",19103,2238.85714285714,45.3416898824489,NA,NA,559.714285714285,167.914285714285
2021-04-16,"Turkey","",19103,2238.85714285714,45.3416898824489,NA,NA,559.714285714285,167.914285714285
2021-04-17,"Turkey","",19103,2238.85714285714,45.3416898824489,NA,NA,559.714285714285,167.914285714285
2021-04-18,"Turkey","",19103,2238.85714285714,45.3416898824489,NA,NA,559.714285714285,167.914285714285
2021-04-19,"Turkey","",19103,2238.85714285714,45.3416898824489,NA,NA,559.714285714285,167.914285714285
2021-04-20,"Turkey","",19103,2238.85714285714,45.3416898824489,NA,NA,559.714285714285,167.914285714285
2021-04-21,"Turkey","",19103,2238.85714285714,45.3416898824489,NA,NA,559.714285714285,167.914285714285
2021-04-22,"Turkey","",19103,2238.85714285714,45.3416898824489,NA,NA,559.714285714285,167.914285714285
2021-04-23,"Turkey","",19103,2238.85714285714,45.3416898824489,NA,NA,559.714285714285,167.914285714285
2021-04-24,"Turkey","",19103,2238.85714285714,45.3416898824489,NA,NA,559.714285714285,167.914285714285
2021-04-25,"Turkey","",19103,2238.85714285714,45.3416898824489,NA,NA,559.714285714285,167.914285714285
2021-04-26,"Turkey","",19103,2238.85714285714,45.3416898824489,NA,NA,559.714285714285,167.914285714285
2021-04-27,"Turkey","",19103,2238.85714285714,45.3416898824489,NA,NA,559.714285714285,167.914285714285
2021-04-28,"Turkey","",19103,2238.85714285714,45.3416898824489,NA,NA,559.714285714285,167.914285714285
2021-04-29,"Turkey","",19103,2238.85714285714,45.3416898824489,NA,NA,559.714285714285,167.914285714285
2021-04-30,"Turkey","",19103,2238.85714285714,45.3416898824489,NA,NA,559.714285714285,167.914285714285
2021-05-01,"Turkey","",19103,2238.85714285714,45.3416898824489,NA,NA,559.714285714285,167.914285714285
2021-05-02,"Turkey","",19103,2238.85714285714,45.3416898824489,NA,NA,559.714285714285,167.914285714285
2021-05-03,"Turkey","",19103,2238.85714285714,45.3416898824489,NA,NA,559.714285714285,167.914285714285
2021-05-04,"Turkey","",19103,2238.85714285714,45.3416898824489,NA,NA,559.714285714285,167.914285714285
2021-05-05,"Turkey","",19103,2238.85714285714,45.3416898824489,NA,NA,559.714285714285,167.914285714285
2021-05-06,"Turkey","",19103,2238.85714285714,45.3416898824489,NA,NA,559.714285714285,167.914285714285
2021-05-07,"Turkey","",19103,2238.85714285714,45.3416898824489,NA,NA,559.714285714285,167.914285714285
2021-05-08,"Turkey","",19103,2238.85714285714,45.3416898824489,NA,NA,559.714285714285,167.914285714285
2021-05-09,"Turkey","",19103,2238.85714285714,45.3416898824489,NA,NA,559.714285714285,167.914285714285
2021-05-10,"Turkey","",19103,2238.85714285714,45.3416898824489,NA,NA,559.714285714285,167.914285714285
2021-05-11,"Turkey","",19103,2238.85714285714,45.3416898824489,NA,NA,559.714285714285,167.914285714285
2021-05-12,"Turkey","",19103,2238.85714285714,45.3416898824489,NA,NA,559.714285714285,167.914285714285
2021-05-13,"Turkey","",19103,2238.85714285714,45.3416898824489,NA,NA,559.714285714285,167.914285714285
2021-05-14,"Turkey","",19103,2238.85714285714,45.3416898824489,NA,NA,559.714285714285,167.914285714285
2021-05-15,"Turkey","",19103,2238.85714285714,45.3416898824489,NA,NA,559.714285714285,167.914285714285
2021-05-16,"Turkey","",19103,2238.85714285714,45.3416898824489,NA,NA,559.714285714285,167.914285714285
2021-05-17,"Turkey","",19103,2238.85714285714,45.3416898824489,NA,NA,559.714285714285,167.914285714285
2021-05-18,"Turkey","",19103,2238.85714285714,45.3416898824489,NA,NA,559.714285714285,167.914285714285
2021-05-19,"Turkey","",19103,2238.85714285714,45.3416898824489,NA,NA,559.714285714285,167.914285714285
2021-05-20,"Turkey","",19103,2238.85714285714,45.3416898824489,NA,NA,559.714285714285,167.914285714285
2021-05-21,"Turkey","",19103,2238.85714285714,45.3416898824489,NA,NA,559.714285714285,167.914285714285
2021-05-22,"Turkey","",19103,2238.85714285714,45.3416898824489,NA,NA,559.714285714285,167.914285714285
2021-05-23,"Turkey","",19103,2238.85714285714,45.3416898824489,NA,NA,559.714285714285,167.914285714285
2021-05-24,"Turkey","",19103,2238.85714285714,45.3416898824489,NA,NA,559.714285714285,167.914285714285
2021-05-25,"Turkey","",19103,2238.85714285714,45.3416898824489,NA,NA,559.714285714285,167.914285714285
2021-05-26,"Turkey","",19103,2238.85714285714,45.3416898824489,NA,NA,559.714285714285,167.914285714285
2021-05-27,"Turkey","",19103,2238.85714285714,45.3416898824489,NA,NA,559.714285714285,167.914285714285
2021-05-28,"Turkey","",19103,2238.85714285714,45.3416898824489,NA,NA,559.714285714285,167.914285714285
2021-05-29,"Turkey","",19103,2238.85714285714,45.3416898824489,NA,NA,559.714285714285,167.914285714285
2021-05-30,"Turkey","",19103,2238.85714285714,45.3416898824489,NA,NA,559.714285714285,167.914285714285
2021-05-31,"Turkey","",19103,2238.85714285714,45.3416898824489,NA,NA,559.714285714285,167.914285714285
2021-06-01,"Turkey","",19103,2238.85714285714,45.3416898824489,NA,NA,559.714285714285,167.914285714285
2021-06-02,"Turkey","",19103,2238.85714285714,45.3416898824489,NA,NA,559.714285714285,167.914285714285
2021-06-03,"Turkey","",19103,2238.85714285714,45.3416898824489,NA,NA,559.714285714285,167.914285714285
2021-06-04,"Turkey","",19103,2238.85714285714,45.3416898824489,NA,NA,559.714285714285,167.914285714285
2021-06-05,"Turkey","",19103,2238.85714285714,45.3416898824489,NA,NA,559.714285714285,167.914285714285
2021-06-06,"Turkey","",19103,2238.85714285714,45.3416898824489,NA,NA,559.714285714285,167.914285714285
2021-06-07,"Turkey","",19103,2238.85714285714,45.3416898824489,NA,NA,559.714285714285,167.914285714285
2021-06-08,"Turkey","",19103,2238.85714285714,45.3416898824489,NA,NA,559.714285714285,167.914285714285
2021-06-09,"Turkey","",19103,2238.85714285714,45.3416898824489,NA,NA,559.714285714285,167.914285714285
2021-06-10,"Turkey","",19103,2238.85714285714,45.3416898824489,NA,NA,559.714285714285,167.914285714285
2021-06-11,"Turkey","",19103,2238.85714285714,45.3416898824489,NA,NA,559.714285714285,167.914285714285
2021-06-12,"Turkey","",19103,2238.85714285714,45.3416898824489,NA,NA,559.714285714285,167.914285714285
2021-06-13,"Turkey","",19103,2238.85714285714,45.3416898824489,NA,NA,559.714285714285,167.914285714285
2021-06-14,"Turkey","",19103,2238.85714285714,45.3416898824489,NA,NA,559.714285714285,167.914285714285
2021-06-15,"Turkey","",19103,2238.85714285714,45.3416898824489,NA,NA,559.714285714285,167.914285714285
2021-06-16,"Turkey","",19103,2238.85714285714,45.3416898824489,NA,NA,559.714285714285,167.914285714285
2021-06-17,"Turkey","",19103,2238.85714285714,45.3416898824489,NA,NA,559.714285714285,167.914285714285
2021-06-18,"Turkey","",19103,2238.85714285714,45.3416898824489,NA,NA,559.714285714285,167.914285714285
2021-06-19,"Turkey","",19103,2238.85714285714,45.3416898824489,NA,NA,559.714285714285,167.914285714285
2021-06-20,"Turkey","",19103,2238.85714285714,45.3416898824489,NA,NA,559.714285714285,167.914285714285
2021-06-21,"Turkey","",19103,2238.85714285714,45.3416898824489,NA,NA,559.714285714285,167.914285714285
2021-06-22,"Turkey","",19103,2238.85714285714,45.3416898824489,NA,NA,559.714285714285,167.914285714285
2021-06-23,"Turkey","",19103,2238.85714285714,45.3416898824489,NA,NA,559.714285714285,167.914285714285
2021-06-24,"Turkey","",19103,2238.85714285714,45.3416898824489,NA,NA,559.714285714285,167.914285714285
2021-06-25,"Turkey","",19103,2238.85714285714,45.3416898824489,NA,NA,559.714285714285,167.914285714285
2021-06-26,"Turkey","",19103,2238.85714285714,45.3416898824489,NA,NA,559.714285714285,167.914285714285
2021-06-27,"Turkey","",19103,2238.85714285714,45.3416898824489,NA,NA,559.714285714285,167.914285714285
2021-06-28,"Turkey","",19103,2238.85714285714,45.3416898824489,NA,NA,559.714285714285,167.914285714285
2021-06-29,"Turkey","",19103,2238.85714285714,45.3416898824489,NA,NA,559.714285714285,167.914285714285
2021-06-30,"Turkey","",19103,2238.85714285714,45.3416898824489,NA,NA,559.714285714285,167.914285714285
2021-07-01,"Turkey","",19103,2238.85714285714,45.3416898824489,NA,NA,559.714285714285,167.914285714285
2021-07-02,"Turkey","",19103,2238.85714285714,45.3416898824489,NA,NA,559.714285714285,167.914285714285
2021-07-03,"Turkey","",19103,2238.85714285714,45.3416898824489,NA,NA,559.714285714285,167.914285714285
2021-07-04,"Turkey","",19103,2238.85714285714,45.3416898824489,NA,NA,559.714285714285,167.914285714285
2021-07-05,"Turkey","",19103,2238.85714285714,45.3416898824489,NA,NA,559.714285714285,167.914285714285
2021-07-06,"Turkey","",19103,2238.85714285714,45.3416898824489,NA,NA,559.714285714285,167.914285714285
2021-07-07,"Turkey","",19103,2238.85714285714,45.3416898824489,NA,NA,559.714285714285,167.914285714285
2021-07-08,"Turkey","",19103,2238.85714285714,45.3416898824489,NA,NA,559.714285714285,167.914285714285
2021-07-09,"Turkey","",19103,2238.85714285714,45.3416898824489,NA,NA,559.714285714285,167.914285714285
2021-07-10,"Turkey","",19103,2238.85714285714,45.3416898824489,NA,NA,559.714285714285,167.914285714285
2021-07-11,"Turkey","",19103,2238.85714285714,45.3416898824489,NA,NA,559.714285714285,167.914285714285
2021-07-12,"Turkey","",19103,2238.85714285714,45.3416898824489,NA,NA,559.714285714285,167.914285714285
2021-07-13,"Turkey","",19103,2238.85714285714,45.3416898824489,NA,NA,559.714285714285,167.914285714285
2021-07-14,"Turkey","",19103,2238.85714285714,45.3416898824489,NA,NA,559.714285714285,167.914285714285
2021-07-15,"Turkey","",19103,2238.85714285714,45.3416898824489,NA,NA,559.714285714285,167.914285714285
2021-07-16,"Turkey","",19103,2238.85714285714,45.3416898824489,NA,NA,559.714285714285,167.914285714285
2021-07-17,"Turkey","",19103,2238.85714285714,45.3416898824489,NA,NA,559.714285714285,167.914285714285
2021-07-18,"Turkey","",19103,2238.85714285714,45.3416898824489,NA,NA,559.714285714285,167.914285714285
2021-07-19,"Turkey","",19103,2238.85714285714,45.3416898824489,NA,NA,559.714285714285,167.914285714285
2021-07-20,"Turkey","",19103,2238.85714285714,45.3416898824489,NA,NA,559.714285714285,167.914285714285
2021-07-21,"Turkey","",19103,2238.85714285714,45.3416898824489,NA,NA,559.714285714285,167.914285714285
2021-07-22,"Turkey","",19103,2238.85714285714,45.3416898824489,NA,NA,559.714285714285,167.914285714285
2021-07-23,"Turkey","",19103,2238.85714285714,45.3416898824489,NA,NA,559.714285714285,167.914285714285
2021-07-24,"Turkey","",19103,2238.85714285714,45.3416898824489,NA,NA,559.714285714285,167.914285714285
2021-07-25,"Turkey","",19103,2238.85714285714,45.3416898824489,NA,NA,559.714285714285,167.914285714285
2021-07-26,"Turkey","",19103,2238.85714285714,45.3416898824489,NA,NA,559.714285714285,167.914285714285
2021-07-27,"Turkey","",19103,2238.85714285714,45.3416898824489,NA,NA,559.714285714285,167.914285714285
2021-07-28,"Turkey","",19103,2238.85714285714,45.3416898824489,NA,NA,559.714285714285,167.914285714285
2021-07-29,"Turkey","",19103,2238.85714285714,45.3416898824489,NA,NA,559.714285714285,167.914285714285
2021-07-30,"Turkey","",19103,2238.85714285714,45.3416898824489,NA,NA,559.714285714285,167.914285714285
2021-07-31,"Turkey","",19103,2238.85714285714,45.3416898824489,NA,NA,559.714285714285,167.914285714285
2021-08-01,"Turkey","",19103,2238.85714285714,45.3416898824489,NA,NA,559.714285714285,167.914285714285
2021-08-02,"Turkey","",19103,2238.85714285714,45.3416898824489,NA,NA,559.714285714285,167.914285714285
2021-08-03,"Turkey","",19103,2238.85714285714,45.3416898824489,NA,NA,559.714285714285,167.914285714285
2021-08-04,"Turkey","",19103,2238.85714285714,45.3416898824489,NA,NA,559.714285714285,167.914285714285
2021-08-05,"Turkey","",19103,2238.85714285714,45.3416898824489,NA,NA,559.714285714285,167.914285714285
2021-08-06,"Turkey","",19103,2238.85714285714,45.3416898824489,NA,NA,559.714285714285,167.914285714285
2021-08-07,"Turkey","",19103,2238.85714285714,45.3416898824489,NA,NA,559.714285714285,167.914285714285
2021-08-08,"Turkey","",19103,2238.85714285714,45.3416898824489,NA,NA,559.714285714285,167.914285714285
2021-08-09,"Turkey","",19103,2238.85714285714,45.3416898824489,NA,NA,559.714285714285,167.914285714285
2021-08-10,"Turkey","",19103,2238.85714285714,45.3416898824489,NA,NA,559.714285714285,167.914285714285
2021-08-11,"Turkey","",19103,2238.85714285714,45.3416898824489,NA,NA,559.714285714285,167.914285714285
2021-08-12,"Turkey","",19103,2238.85714285714,45.3416898824489,NA,NA,559.714285714285,167.914285714285
2021-08-13,"Turkey","",19103,2238.85714285714,45.3416898824489,NA,NA,559.714285714285,167.914285714285
2021-08-14,"Turkey","",19103,2238.85714285714,45.3416898824489,NA,NA,559.714285714285,167.914285714285
2021-08-15,"Turkey","",19103,2238.85714285714,45.3416898824489,NA,NA,559.714285714285,167.914285714285
2021-08-16,"Turkey","",19103,2238.85714285714,45.3416898824489,NA,NA,559.714285714285,167.914285714285
2021-08-17,"Turkey","",19103,2238.85714285714,45.3416898824489,NA,NA,559.714285714285,167.914285714285
2021-08-18,"Turkey","",19103,2238.85714285714,45.3416898824489,NA,NA,559.714285714285,167.914285714285
2021-08-19,"Turkey","",19103,2238.85714285714,45.3416898824489,NA,NA,559.714285714285,167.914285714285
2021-08-20,"Turkey","",19103,2238.85714285714,45.3416898824489,NA,NA,559.714285714285,167.914285714285
2021-08-21,"Turkey","",19103,2238.85714285714,45.3416898824489,NA,NA,559.714285714285,167.914285714285
2021-08-22,"Turkey","",19103,2238.85714285714,45.3416898824489,NA,NA,559.714285714285,167.914285714285
2021-08-23,"Turkey","",19103,2238.85714285714,45.3416898824489,NA,NA,559.714285714285,167.914285714285
2021-08-24,"Turkey","",19103,2238.85714285714,45.3416898824489,NA,NA,559.714285714285,167.914285714285
2021-08-25,"Turkey","",19103,2238.85714285714,45.3416898824489,NA,NA,559.714285714285,167.914285714285
2021-08-26,"Turkey","",19103,2238.85714285714,45.3416898824489,NA,NA,559.714285714285,167.914285714285
2021-08-27,"Turkey","",19103,2238.85714285714,45.3416898824489,NA,NA,559.714285714285,167.914285714285
2021-08-28,"Turkey","",19103,2238.85714285714,45.3416898824489,NA,NA,559.714285714285,167.914285714285
2021-08-29,"Turkey","",19103,2238.85714285714,45.3416898824489,NA,NA,559.714285714285,167.914285714285
2021-08-30,"Turkey","",19103,2238.85714285714,45.3416898824489,NA,NA,559.714285714285,167.914285714285
2021-08-31,"Turkey","",19103,2238.85714285714,45.3416898824489,NA,NA,559.714285714285,167.914285714285
2021-09-01,"Turkey","",19103,2238.85714285714,45.3416898824489,NA,NA,559.714285714285,167.914285714285
2021-09-02,"Turkey","",19103,2238.85714285714,45.3416898824489,NA,NA,559.714285714285,167.914285714285
2021-09-03,"Turkey","",19103,2238.85714285714,45.3416898824489,NA,NA,559.714285714285,167.914285714285
2021-09-04,"Turkey","",19103,2238.85714285714,45.3416898824489,NA,NA,559.714285714285,167.914285714285
2021-09-05,"Turkey","",19103,2238.85714285714,45.3416898824489,NA,NA,559.714285714285,167.914285714285
2021-09-06,"Turkey","",19103,2238.85714285714,45.3416898824489,NA,NA,559.714285714285,167.914285714285
2021-09-07,"Turkey","",19103,2238.85714285714,45.3416898824489,NA,NA,559.714285714285,167.914285714285
2021-09-08,"Turkey","",19103,2238.85714285714,45.3416898824489,NA,NA,559.714285714285,167.914285714285
2021-09-09,"Turkey","",19103,2238.85714285714,45.3416898824489,NA,NA,559.714285714285,167.914285714285
2021-09-10,"Turkey","",19103,2238.85714285714,45.3416898824489,NA,NA,559.714285714285,167.914285714285
2021-09-11,"Turkey","",19103,2238.85714285714,45.3416898824489,NA,NA,559.714285714285,167.914285714285
2021-09-12,"Turkey","",19103,2238.85714285714,45.3416898824489,NA,NA,559.714285714285,167.914285714285
2021-09-13,"Turkey","",19103,2238.85714285714,45.3416898824489,NA,NA,559.714285714285,167.914285714285
2021-09-14,"Turkey","",19103,2238.85714285714,45.3416898824489,NA,NA,559.714285714285,167.914285714285
2021-09-15,"Turkey","",19103,2238.85714285714,45.3416898824489,NA,NA,559.714285714285,167.914285714285
2021-09-16,"Turkey","",19103,2238.85714285714,45.3416898824489,NA,NA,559.714285714285,167.914285714285
2021-09-17,"Turkey","",19103,2238.85714285714,45.3416898824489,NA,NA,559.714285714285,167.914285714285
2021-09-18,"Turkey","",19103,2238.85714285714,45.3416898824489,NA,NA,559.714285714285,167.914285714285
2021-09-19,"Turkey","",19103,2238.85714285714,45.3416898824489,NA,NA,559.714285714285,167.914285714285
2021-09-20,"Turkey","",19103,2238.85714285714,45.3416898824489,NA,NA,559.714285714285,167.914285714285
2021-09-21,"Turkey","",19103,2238.85714285714,45.3416898824489,NA,NA,559.714285714285,167.914285714285
2021-09-22,"Turkey","",19103,2238.85714285714,45.3416898824489,NA,NA,559.714285714285,167.914285714285
2021-09-23,"Turkey","",19103,2238.85714285714,45.3416898824489,NA,NA,559.714285714285,167.914285714285
2021-09-24,"Turkey","",19103,2238.85714285714,45.3416898824489,NA,NA,559.714285714285,167.914285714285
2021-09-25,"Turkey","",19103,2238.85714285714,45.3416898824489,NA,NA,559.714285714285,167.914285714285
2021-09-26,"Turkey","",19103,2238.85714285714,45.3416898824489,NA,NA,559.714285714285,167.914285714285
2021-09-27,"Turkey","",19103,2238.85714285714,45.3416898824489,NA,NA,559.714285714285,167.914285714285
2021-09-28,"Turkey","",19103,2238.85714285714,45.3416898824489,NA,NA,559.714285714285,167.914285714285
2021-09-29,"Turkey","",19103,2238.85714285714,45.3416898824489,NA,NA,559.714285714285,167.914285714285
2021-09-30,"Turkey","",19103,2238.85714285714,45.3416898824489,NA,NA,559.714285714285,167.914285714285
2021-10-01,"Turkey","",19103,2238.85714285714,45.3416898824489,NA,NA,559.714285714285,167.914285714285
2021-10-02,"Turkey","",19103,2238.85714285714,45.3416898824489,NA,NA,559.714285714285,167.914285714285
2021-10-03,"Turkey","",19103,2238.85714285714,45.3416898824489,NA,NA,559.714285714285,167.914285714285
2021-10-04,"Turkey","",19103,2238.85714285714,45.3416898824489,NA,NA,559.714285714285,167.914285714285
2021-10-05,"Turkey","",19103,2238.85714285714,45.3416898824489,NA,NA,559.714285714285,167.914285714285
2021-10-06,"Turkey","",19103,2238.85714285714,45.3416898824489,NA,NA,559.714285714285,167.914285714285
2021-10-07,"Turkey","",19103,2238.85714285714,45.3416898824489,NA,NA,559.714285714285,167.914285714285
2021-10-08,"Turkey","",19103,2238.85714285714,45.3416898824489,NA,NA,559.714285714285,167.914285714285
2021-10-09,"Turkey","",19103,2238.85714285714,45.3416898824489,NA,NA,559.714285714285,167.914285714285
2021-10-10,"Turkey","",19103,2238.85714285714,45.3416898824489,NA,NA,559.714285714285,167.914285714285
2021-10-11,"Turkey","",19103,2238.85714285714,45.3416898824489,NA,NA,559.714285714285,167.914285714285
2021-10-12,"Turkey","",19103,2238.85714285714,45.3416898824489,NA,NA,559.714285714285,167.914285714285
2021-10-13,"Turkey","",19103,2238.85714285714,45.3416898824489,NA,NA,559.714285714285,167.914285714285
2021-10-14,"Turkey","",19103,2238.85714285714,45.3416898824489,NA,NA,559.714285714285,167.914285714285
2021-10-15,"Turkey","",19103,2238.85714285714,45.3416898824489,NA,NA,559.714285714285,167.914285714285
2021-10-16,"Turkey","",19103,2238.85714285714,45.3416898824489,NA,NA,559.714285714285,167.914285714285
2021-10-17,"Turkey","",19103,2238.85714285714,45.3416898824489,NA,NA,559.714285714285,167.914285714285
2021-10-18,"Turkey","",19103,2238.85714285714,45.3416898824489,NA,NA,559.714285714285,167.914285714285
2021-10-19,"Turkey","",19103,2238.85714285714,45.3416898824489,NA,NA,559.714285714285,167.914285714285
2021-10-20,"Turkey","",19103,2238.85714285714,45.3416898824489,NA,NA,559.714285714285,167.914285714285
2021-10-21,"Turkey","",19103,2238.85714285714,45.3416898824489,NA,NA,559.714285714285,167.914285714285
2021-10-22,"Turkey","",19103,2238.85714285714,45.3416898824489,NA,NA,559.714285714285,167.914285714285
2021-10-23,"Turkey","",19103,2238.85714285714,45.3416898824489,NA,NA,559.714285714285,167.914285714285
2021-10-24,"Turkey","",19103,2238.85714285714,45.3416898824489,NA,NA,559.714285714285,167.914285714285
2021-10-25,"Turkey","",19103,2238.85714285714,45.3416898824489,NA,NA,559.714285714285,167.914285714285
2021-10-26,"Turkey","",19103,2238.85714285714,45.3416898824489,NA,NA,559.714285714285,167.914285714285
2021-10-27,"Turkey","",19103,2238.85714285714,45.3416898824489,NA,NA,559.714285714285,167.914285714285
2021-10-28,"Turkey","",19103,2238.85714285714,45.3416898824489,NA,NA,559.714285714285,167.914285714285
2021-10-29,"Turkey","",19103,2238.85714285714,45.3416898824489,NA,NA,559.714285714285,167.914285714285
2021-10-30,"Turkey","",19103,2238.85714285714,45.3416898824489,NA,NA,559.714285714285,167.914285714285
2021-10-31,"Turkey","",19103,2238.85714285714,45.3416898824489,NA,NA,559.714285714285,167.914285714285
2021-11-01,"Turkey","",19103,2238.85714285714,45.3416898824489,NA,NA,559.714285714285,167.914285714285
2021-11-02,"Turkey","",19103,2238.85714285714,45.3416898824489,NA,NA,559.714285714285,167.914285714285
2021-11-03,"Turkey","",19103,2238.85714285714,45.3416898824489,NA,NA,559.714285714285,167.914285714285
2021-11-04,"Turkey","",19103,2238.85714285714,45.3416898824489,NA,NA,559.714285714285,167.914285714285
2021-11-05,"Turkey","",19103,2238.85714285714,45.3416898824489,NA,NA,559.714285714285,167.914285714285
2021-11-06,"Turkey","",19103,2238.85714285714,45.3416898824489,NA,NA,559.714285714285,167.914285714285
2021-11-07,"Turkey","",19103,2238.85714285714,45.3416898824489,NA,NA,559.714285714285,167.914285714285
2021-11-08,"Turkey","",19103,2238.85714285714,45.3416898824489,NA,NA,559.714285714285,167.914285714285
2021-11-09,"Turkey","",19103,2238.85714285714,45.3416898824489,NA,NA,559.714285714285,167.914285714285
2021-11-10,"Turkey","",19103,2238.85714285714,45.3416898824489,NA,NA,559.714285714285,167.914285714285
2021-11-11,"Turkey","",19103,2238.85714285714,45.3416898824489,NA,NA,559.714285714285,167.914285714285
2021-11-12,"Turkey","",19103,2238.85714285714,45.3416898824489,NA,NA,559.714285714285,167.914285714285
2021-11-13,"Turkey","",19103,2238.85714285714,45.3416898824489,NA,NA,559.714285714285,167.914285714285
2021-11-14,"Turkey","",19103,2238.85714285714,45.3416898824489,NA,NA,559.714285714285,167.914285714285
2021-11-15,"Turkey","",19103,2238.85714285714,45.3416898824489,NA,NA,559.714285714285,167.914285714285
2021-11-16,"Turkey","",19103,2238.85714285714,45.3416898824489,NA,NA,559.714285714285,167.914285714285
2021-11-17,"Turkey","",19103,2238.85714285714,45.3416898824489,NA,NA,559.714285714285,167.914285714285
2021-11-18,"Turkey","",19103,2238.85714285714,45.3416898824489,NA,NA,559.714285714285,167.914285714285
2021-11-19,"Turkey","",19103,2238.85714285714,45.3416898824489,NA,NA,559.714285714285,167.914285714285
2021-11-20,"Turkey","",19103,2238.85714285714,45.3416898824489,NA,NA,559.714285714285,167.914285714285
2021-11-21,"Turkey","",19103,2238.85714285714,45.3416898824489,NA,NA,559.714285714285,167.914285714285
2021-11-22,"Turkey","",19103,2238.85714285714,45.3416898824489,NA,NA,559.714285714285,167.914285714285
2021-11-23,"Turkey","",19103,2238.85714285714,45.3416898824489,NA,NA,559.714285714285,167.914285714285
2021-11-24,"Turkey","",19103,2238.85714285714,45.3416898824489,NA,NA,559.714285714285,167.914285714285
2021-11-25,"Turkey","",19103,2238.85714285714,45.3416898824489,NA,NA,559.714285714285,167.914285714285
2021-11-26,"Turkey","",19103,2238.85714285714,45.3416898824489,NA,NA,559.714285714285,167.914285714285
2021-11-27,"Turkey","",19103,2238.85714285714,45.3416898824489,NA,NA,559.714285714285,167.914285714285
2021-11-28,"Turkey","",19103,2238.85714285714,45.3416898824489,NA,NA,559.714285714285,167.914285714285
2021-11-29,"Turkey","",19103,2238.85714285714,45.3416898824489,NA,NA,559.714285714285,167.914285714285
2021-11-30,"Turkey","",19103,2238.85714285714,45.3416898824489,NA,NA,559.714285714285,167.914285714285
2021-12-01,"Turkey","",19103,2238.85714285714,45.3416898824489,NA,NA,559.714285714285,167.914285714285
2021-12-02,"Turkey","",19103,2238.85714285714,45.3416898824489,NA,NA,559.714285714285,167.914285714285
2021-12-03,"Turkey","",19103,2238.85714285714,45.3416898824489,NA,NA,559.714285714285,167.914285714285
2021-12-04,"Turkey","",19103,2238.85714285714,45.3416898824489,NA,NA,559.714285714285,167.914285714285
2021-12-05,"Turkey","",19103,2238.85714285714,45.3416898824489,NA,NA,559.714285714285,167.914285714285
2021-12-06,"Turkey","",19103,2238.85714285714,45.3416898824489,NA,NA,559.714285714285,167.914285714285
2021-12-07,"Turkey","",19103,2238.85714285714,45.3416898824489,NA,NA,559.714285714285,167.914285714285
2021-12-08,"Turkey","",19103,2238.85714285714,45.3416898824489,NA,NA,559.714285714285,167.914285714285
2021-12-09,"Turkey","",19103,2238.85714285714,45.3416898824489,NA,NA,559.714285714285,167.914285714285
2021-12-10,"Turkey","",19103,2238.85714285714,45.3416898824489,NA,NA,559.714285714285,167.914285714285
2021-12-11,"Turkey","",19103,2238.85714285714,45.3416898824489,NA,NA,559.714285714285,167.914285714285
2021-12-12,"Turkey","",19103,2238.85714285714,45.3416898824489,NA,NA,559.714285714285,167.914285714285
2021-12-13,"Turkey","",19103,2238.85714285714,45.3416898824489,NA,NA,559.714285714285,167.914285714285
2021-12-14,"Turkey","",19103,2238.85714285714,45.3416898824489,NA,NA,559.714285714285,167.914285714285
2021-12-15,"Turkey","",19103,2238.85714285714,45.3416898824489,NA,NA,559.714285714285,167.914285714285
2021-12-16,"Turkey","",19103,2238.85714285714,45.3416898824489,NA,NA,559.714285714285,167.914285714285
2021-12-17,"Turkey","",19103,2238.85714285714,45.3416898824489,NA,NA,559.714285714285,167.914285714285
2021-12-18,"Turkey","",19103,2238.85714285714,45.3416898824489,NA,NA,559.714285714285,167.914285714285
2021-12-19,"Turkey","",19103,2238.85714285714,45.3416898824489,NA,NA,559.714285714285,167.914285714285
2021-12-20,"Turkey","",19103,2238.85714285714,45.3416898824489,NA,NA,559.714285714285,167.914285714285
2021-12-21,"Turkey","",19103,2238.85714285714,45.3416898824489,NA,NA,559.714285714285,167.914285714285
2021-12-22,"Turkey","",19103,2238.85714285714,45.3416898824489,NA,NA,559.714285714285,167.914285714285
2021-12-23,"Turkey","",19103,2238.85714285714,45.3416898824489,NA,NA,559.714285714285,167.914285714285
2021-12-24,"Turkey","",19103,2238.85714285714,45.3416898824489,NA,NA,559.714285714285,167.914285714285
2021-12-25,"Turkey","",19103,2238.85714285714,45.3416898824489,NA,NA,559.714285714285,167.914285714285
2021-12-26,"Turkey","",19103,2238.85714285714,45.3416898824489,NA,NA,559.714285714285,167.914285714285
2021-12-27,"Turkey","",19103,2238.85714285714,45.3416898824489,NA,NA,559.714285714285,167.914285714285
2021-12-28,"Turkey","",19103,2238.85714285714,45.3416898824489,NA,NA,559.714285714285,167.914285714285
2021-12-29,"Turkey","",19103,2238.85714285714,45.3416898824489,NA,NA,559.714285714285,167.914285714285
2021-12-30,"Turkey","",19103,2238.85714285714,45.3416898824489,NA,NA,559.714285714285,167.914285714285
2021-12-31,"Turkey","",19103,2238.85714285714,45.3416898824489,NA,NA,559.714285714285,167.914285714285
