"iso_code","continent","location","date","total_cases","new_cases","new_cases_smoothed","total_deaths","new_deaths","new_deaths_smoothed","total_cases_per_million","new_cases_per_million","new_cases_smoothed_per_million","total_deaths_per_million","new_deaths_per_million","new_deaths_smoothed_per_million","reproduction_rate","icu_patients","icu_patients_per_million","hosp_patients","hosp_patients_per_million","weekly_icu_admissions","weekly_icu_admissions_per_million","weekly_hosp_admissions","weekly_hosp_admissions_per_million","new_tests","total_tests","total_tests_per_thousand","new_tests_per_thousand","new_tests_smoothed","new_tests_smoothed_per_thousand","positive_rate","tests_per_case","tests_units","total_vaccinations","total_vaccinations_per_hundred","stringency_index","population","population_density","median_age","aged_65_older","aged_70_older","gdp_per_capita","extreme_poverty","cardiovasc_death_rate","diabetes_prevalence","female_smokers","male_smokers","handwashing_facilities","hospital_beds_per_thousand","life_expectancy","human_development_index"
"TUN","Africa","Tunisia","2020-03-04",1,NA,NA,NA,NA,NA,0.085,NA,NA,NA,NA,NA,NA,NA,NA,NA,NA,NA,NA,NA,NA,NA,NA,NA,NA,NA,NA,NA,NA,"",NA,NA,13.89,11818618,74.228,32.7,8.001,5.075,10849.297,2,318.991,8.52,1.1,65.8,78.687,2.3,76.7,0.735
"TUN","Africa","Tunisia","2020-03-05",1,0,NA,NA,NA,NA,0.085,0,NA,NA,NA,NA,NA,NA,NA,NA,NA,NA,NA,NA,NA,NA,NA,NA,NA,NA,NA,NA,NA,"",NA,NA,13.89,11818618,74.228,32.7,8.001,5.075,10849.297,2,318.991,8.52,1.1,65.8,78.687,2.3,76.7,0.735
"TUN","Africa","Tunisia","2020-03-06",1,0,NA,NA,NA,NA,0.085,0,NA,NA,NA,NA,NA,NA,NA,NA,NA,NA,NA,NA,NA,NA,NA,NA,NA,NA,NA,NA,NA,"",NA,NA,13.89,11818618,74.228,32.7,8.001,5.075,10849.297,2,318.991,8.52,1.1,65.8,78.687,2.3,76.7,0.735
"TUN","Africa","Tunisia","2020-03-07",1,0,NA,NA,NA,NA,0.085,0,NA,NA,NA,NA,NA,NA,NA,NA,NA,NA,NA,NA,NA,NA,NA,NA,NA,NA,NA,NA,NA,"",NA,NA,13.89,11818618,74.228,32.7,8.001,5.075,10849.297,2,318.991,8.52,1.1,65.8,78.687,2.3,76.7,0.735
"TUN","Africa","Tunisia","2020-03-08",2,1,NA,NA,NA,NA,0.169,0.085,NA,NA,NA,NA,NA,NA,NA,NA,NA,NA,NA,NA,NA,NA,NA,NA,NA,NA,NA,NA,NA,"",NA,NA,13.89,11818618,74.228,32.7,8.001,5.075,10849.297,2,318.991,8.52,1.1,65.8,78.687,2.3,76.7,0.735
"TUN","Africa","Tunisia","2020-03-09",2,0,NA,NA,NA,NA,0.169,0,NA,NA,NA,NA,NA,NA,NA,NA,NA,NA,NA,NA,NA,NA,NA,NA,NA,NA,NA,NA,NA,"",NA,NA,16.67,11818618,74.228,32.7,8.001,5.075,10849.297,2,318.991,8.52,1.1,65.8,78.687,2.3,76.7,0.735
"TUN","Africa","Tunisia","2020-03-10",5,3,0.571,NA,NA,0,0.423,0.254,0.048,NA,NA,0,NA,NA,NA,NA,NA,NA,NA,NA,NA,NA,150,0.013,NA,NA,NA,NA,NA,"tests performed",NA,NA,16.67,11818618,74.228,32.7,8.001,5.075,10849.297,2,318.991,8.52,1.1,65.8,78.687,2.3,76.7,0.735
"TUN","Africa","Tunisia","2020-03-11",7,2,0.857,NA,NA,0,0.592,0.169,0.073,NA,NA,0,NA,NA,NA,NA,NA,NA,NA,NA,NA,28,178,0.015,0.002,NA,NA,NA,NA,"tests performed",NA,NA,16.67,11818618,74.228,32.7,8.001,5.075,10849.297,2,318.991,8.52,1.1,65.8,78.687,2.3,76.7,0.735
"TUN","Africa","Tunisia","2020-03-12",7,0,0.857,NA,NA,0,0.592,0,0.073,NA,NA,0,NA,NA,NA,NA,NA,NA,NA,NA,NA,71,249,0.021,0.006,NA,NA,NA,NA,"tests performed",NA,NA,27.78,11818618,74.228,32.7,8.001,5.075,10849.297,2,318.991,8.52,1.1,65.8,78.687,2.3,76.7,0.735
"TUN","Africa","Tunisia","2020-03-13",16,9,2.143,NA,NA,0,1.354,0.762,0.181,NA,NA,0,NA,NA,NA,NA,NA,NA,NA,NA,NA,42,291,0.025,0.004,NA,NA,NA,NA,"tests performed",NA,NA,33.33,11818618,74.228,32.7,8.001,5.075,10849.297,2,318.991,8.52,1.1,65.8,78.687,2.3,76.7,0.735
"TUN","Africa","Tunisia","2020-03-14",18,2,2.429,NA,NA,0,1.523,0.169,0.205,NA,NA,0,NA,NA,NA,NA,NA,NA,NA,NA,NA,70,361,0.031,0.006,NA,NA,NA,NA,"tests performed",NA,NA,33.33,11818618,74.228,32.7,8.001,5.075,10849.297,2,318.991,8.52,1.1,65.8,78.687,2.3,76.7,0.735
"TUN","Africa","Tunisia","2020-03-15",18,0,2.286,NA,NA,0,1.523,0,0.193,NA,NA,0,NA,NA,NA,NA,NA,NA,NA,NA,NA,31,392,0.033,0.003,NA,NA,NA,NA,"tests performed",NA,NA,33.33,11818618,74.228,32.7,8.001,5.075,10849.297,2,318.991,8.52,1.1,65.8,78.687,2.3,76.7,0.735
"TUN","Africa","Tunisia","2020-03-16",20,2,2.571,NA,NA,0,1.692,0.169,0.218,NA,NA,0,NA,NA,NA,NA,NA,NA,NA,NA,NA,67,459,0.039,0.006,NA,NA,NA,NA,"tests performed",NA,NA,38.89,11818618,74.228,32.7,8.001,5.075,10849.297,2,318.991,8.52,1.1,65.8,78.687,2.3,76.7,0.735
"TUN","Africa","Tunisia","2020-03-17",24,4,2.714,NA,NA,0,2.031,0.338,0.23,NA,NA,0,NA,NA,NA,NA,NA,NA,NA,NA,NA,70,529,0.045,0.006,54,0.005,0.05,19.9,"tests performed",NA,NA,38.89,11818618,74.228,32.7,8.001,5.075,10849.297,2,318.991,8.52,1.1,65.8,78.687,2.3,76.7,0.735
"TUN","Africa","Tunisia","2020-03-18",29,5,3.143,NA,NA,0,2.454,0.423,0.266,NA,NA,0,NA,NA,NA,NA,NA,NA,NA,NA,NA,86,615,0.052,0.007,62,0.005,0.051,19.7,"tests performed",NA,NA,48.15,11818618,74.228,32.7,8.001,5.075,10849.297,2,318.991,8.52,1.1,65.8,78.687,2.3,76.7,0.735
"TUN","Africa","Tunisia","2020-03-19",39,10,4.571,1,NA,0,3.3,0.846,0.387,0.085,NA,0,NA,NA,NA,NA,NA,NA,NA,NA,NA,79,694,0.059,0.007,64,0.005,0.071,14,"tests performed",NA,NA,48.15,11818618,74.228,32.7,8.001,5.075,10849.297,2,318.991,8.52,1.1,65.8,78.687,2.3,76.7,0.735
"TUN","Africa","Tunisia","2020-03-20",54,15,5.429,1,0,0,4.569,1.269,0.459,0.085,0,0,NA,NA,NA,NA,NA,NA,NA,NA,NA,126,820,0.069,0.011,76,0.006,0.071,14,"tests performed",NA,NA,77.78,11818618,74.228,32.7,8.001,5.075,10849.297,2,318.991,8.52,1.1,65.8,78.687,2.3,76.7,0.735
"TUN","Africa","Tunisia","2020-03-21",60,6,6,1,0,0,5.077,0.508,0.508,0.085,0,0,NA,NA,NA,NA,NA,NA,NA,NA,NA,135,955,0.081,0.011,85,0.007,0.071,14.2,"tests performed",NA,NA,77.78,11818618,74.228,32.7,8.001,5.075,10849.297,2,318.991,8.52,1.1,65.8,78.687,2.3,76.7,0.735
"TUN","Africa","Tunisia","2020-03-22",75,15,8.143,3,2,0.286,6.346,1.269,0.689,0.254,0.169,0.024,NA,NA,NA,NA,NA,NA,NA,NA,NA,132,1087,0.092,0.011,99,0.008,0.082,12.2,"tests performed",NA,NA,90.74,11818618,74.228,32.7,8.001,5.075,10849.297,2,318.991,8.52,1.1,65.8,78.687,2.3,76.7,0.735
"TUN","Africa","Tunisia","2020-03-23",89,14,9.857,3,0,0.286,7.53,1.185,0.834,0.254,0,0.024,NA,NA,NA,NA,NA,NA,NA,NA,NA,138,1225,0.104,0.012,109,0.009,0.09,11.1,"tests performed",NA,NA,90.74,11818618,74.228,32.7,8.001,5.075,10849.297,2,318.991,8.52,1.1,65.8,78.687,2.3,76.7,0.735
"TUN","Africa","Tunisia","2020-03-24",114,25,12.857,4,1,0.429,9.646,2.115,1.088,0.338,0.085,0.036,NA,NA,NA,NA,NA,NA,NA,NA,NA,229,1454,0.123,0.019,132,0.011,0.097,10.3,"tests performed",NA,NA,90.74,11818618,74.228,32.7,8.001,5.075,10849.297,2,318.991,8.52,1.1,65.8,78.687,2.3,76.7,0.735
"TUN","Africa","Tunisia","2020-03-25",173,59,20.571,5,1,0.571,14.638,4.992,1.741,0.423,0.085,0.048,1.2,NA,NA,NA,NA,NA,NA,NA,NA,309,1763,0.149,0.026,164,0.014,0.125,8,"tests performed",NA,NA,90.74,11818618,74.228,32.7,8.001,5.075,10849.297,2,318.991,8.52,1.1,65.8,78.687,2.3,76.7,0.735
"TUN","Africa","Tunisia","2020-03-26",197,24,22.571,6,1,0.714,16.669,2.031,1.91,0.508,0.085,0.06,1.18,NA,NA,NA,NA,NA,NA,NA,NA,282,2045,0.173,0.024,193,0.016,0.117,8.6,"tests performed",NA,NA,90.74,11818618,74.228,32.7,8.001,5.075,10849.297,2,318.991,8.52,1.1,65.8,78.687,2.3,76.7,0.735
"TUN","Africa","Tunisia","2020-03-27",227,30,24.714,6,0,0.714,19.207,2.538,2.091,0.508,0,0.06,1.17,NA,NA,NA,NA,NA,NA,NA,NA,724,2769,0.234,0.061,278,0.024,0.089,11.2,"tests performed",NA,NA,90.74,11818618,74.228,32.7,8.001,5.075,10849.297,2,318.991,8.52,1.1,65.8,78.687,2.3,76.7,0.735
"TUN","Africa","Tunisia","2020-03-28",278,51,31.143,8,2,1,23.522,4.315,2.635,0.677,0.169,0.085,1.16,NA,NA,NA,NA,NA,NA,NA,NA,536,3305,0.28,0.045,336,0.028,0.093,10.8,"tests performed",NA,NA,90.74,11818618,74.228,32.7,8.001,5.075,10849.297,2,318.991,8.52,1.1,65.8,78.687,2.3,76.7,0.735
"TUN","Africa","Tunisia","2020-03-29",312,34,33.857,8,0,0.714,26.399,2.877,2.865,0.677,0,0.06,1.15,NA,NA,NA,NA,NA,NA,NA,NA,447,3752,0.317,0.038,381,0.032,0.089,11.3,"tests performed",NA,NA,90.74,11818618,74.228,32.7,8.001,5.075,10849.297,2,318.991,8.52,1.1,65.8,78.687,2.3,76.7,0.735
"TUN","Africa","Tunisia","2020-03-30",312,0,31.857,8,0,0.714,26.399,0,2.696,0.677,0,0.06,1.13,NA,NA,NA,NA,NA,NA,NA,NA,442,4194,0.355,0.037,424,0.036,0.075,13.3,"tests performed",NA,NA,90.74,11818618,74.228,32.7,8.001,5.075,10849.297,2,318.991,8.52,1.1,65.8,78.687,2.3,76.7,0.735
"TUN","Africa","Tunisia","2020-03-31",394,82,40,10,2,0.857,33.337,6.938,3.384,0.846,0.169,0.073,1.12,NA,NA,NA,NA,NA,NA,NA,NA,550,4744,0.401,0.047,470,0.04,0.085,11.8,"tests performed",NA,NA,90.74,11818618,74.228,32.7,8.001,5.075,10849.297,2,318.991,8.52,1.1,65.8,78.687,2.3,76.7,0.735
"TUN","Africa","Tunisia","2020-04-01",423,29,35.714,12,2,1,35.791,2.454,3.022,1.015,0.169,0.085,1.1,NA,NA,NA,NA,NA,NA,NA,NA,386,5130,0.434,0.033,481,0.041,0.074,13.5,"tests performed",NA,NA,90.74,11818618,74.228,32.7,8.001,5.075,10849.297,2,318.991,8.52,1.1,65.8,78.687,2.3,76.7,0.735
"TUN","Africa","Tunisia","2020-04-02",455,32,36.857,14,2,1.143,38.499,2.708,3.119,1.185,0.169,0.097,1.08,NA,NA,NA,NA,NA,NA,NA,NA,606,5736,0.485,0.051,527,0.045,0.07,14.3,"tests performed",NA,NA,90.74,11818618,74.228,32.7,8.001,5.075,10849.297,2,318.991,8.52,1.1,65.8,78.687,2.3,76.7,0.735
"TUN","Africa","Tunisia","2020-04-03",495,40,38.286,18,4,1.714,41.883,3.384,3.239,1.523,0.338,0.145,1.06,NA,NA,NA,NA,NA,NA,NA,NA,749,6485,0.549,0.063,531,0.045,0.072,13.9,"tests performed",NA,NA,90.74,11818618,74.228,32.7,8.001,5.075,10849.297,2,318.991,8.52,1.1,65.8,78.687,2.3,76.7,0.735
"TUN","Africa","Tunisia","2020-04-04",553,58,39.286,18,0,1.429,46.791,4.908,3.324,1.523,0,0.121,1.04,NA,NA,NA,NA,NA,NA,NA,NA,660,7145,0.605,0.056,549,0.046,0.072,14,"tests performed",NA,NA,90.74,11818618,74.228,32.7,8.001,5.075,10849.297,2,318.991,8.52,1.1,65.8,78.687,2.3,76.7,0.735
"TUN","Africa","Tunisia","2020-04-05",574,21,37.429,22,4,2,48.567,1.777,3.167,1.861,0.338,0.169,1.02,NA,NA,NA,NA,NA,NA,NA,NA,1129,8274,0.7,0.096,646,0.055,0.058,17.3,"tests performed",NA,NA,90.74,11818618,74.228,32.7,8.001,5.075,10849.297,2,318.991,8.52,1.1,65.8,78.687,2.3,76.7,0.735
"TUN","Africa","Tunisia","2020-04-06",596,22,40.571,22,0,2,50.429,1.861,3.433,1.861,0,0.169,1,NA,NA,NA,NA,NA,NA,NA,NA,604,8878,0.751,0.051,669,0.057,0.061,16.5,"tests performed",NA,NA,90.74,11818618,74.228,32.7,8.001,5.075,10849.297,2,318.991,8.52,1.1,65.8,78.687,2.3,76.7,0.735
"TUN","Africa","Tunisia","2020-04-07",623,27,32.714,23,1,1.857,52.713,2.285,2.768,1.946,0.085,0.157,0.98,NA,NA,NA,NA,NA,NA,NA,NA,692,9570,0.81,0.059,689,0.058,0.047,21.1,"tests performed",NA,NA,90.74,11818618,74.228,32.7,8.001,5.075,10849.297,2,318.991,8.52,1.1,65.8,78.687,2.3,76.7,0.735
"TUN","Africa","Tunisia","2020-04-08",628,5,29.286,24,1,1.714,53.137,0.423,2.478,2.031,0.085,0.145,0.96,NA,NA,NA,NA,NA,NA,NA,NA,517,10087,0.853,0.044,708,0.06,0.041,24.2,"tests performed",NA,NA,90.74,11818618,74.228,32.7,8.001,5.075,10849.297,2,318.991,8.52,1.1,65.8,78.687,2.3,76.7,0.735
"TUN","Africa","Tunisia","2020-04-09",643,15,26.857,25,1,1.571,54.406,1.269,2.272,2.115,0.085,0.133,0.95,NA,NA,NA,NA,NA,NA,NA,NA,589,10676,0.903,0.05,706,0.06,0.038,26.3,"tests performed",NA,NA,90.74,11818618,74.228,32.7,8.001,5.075,10849.297,2,318.991,8.52,1.1,65.8,78.687,2.3,76.7,0.735
"TUN","Africa","Tunisia","2020-04-10",671,28,25.143,25,0,1,56.775,2.369,2.127,2.115,0,0.085,0.94,NA,NA,NA,NA,NA,NA,NA,NA,562,11238,0.951,0.048,679,0.057,0.037,27,"tests performed",NA,NA,90.74,11818618,74.228,32.7,8.001,5.075,10849.297,2,318.991,8.52,1.1,65.8,78.687,2.3,76.7,0.735
"TUN","Africa","Tunisia","2020-04-11",685,14,18.857,28,3,1.429,57.959,1.185,1.596,2.369,0.254,0.121,0.93,NA,NA,NA,NA,NA,NA,NA,NA,587,11825,1.001,0.05,669,0.057,0.028,35.5,"tests performed",NA,NA,90.74,11818618,74.228,32.7,8.001,5.075,10849.297,2,318.991,8.52,1.1,65.8,78.687,2.3,76.7,0.735
"TUN","Africa","Tunisia","2020-04-12",707,22,19,31,3,1.286,59.821,1.861,1.608,2.623,0.254,0.109,0.91,NA,NA,NA,NA,NA,NA,NA,NA,590,12415,1.05,0.05,592,0.05,0.032,31.2,"tests performed",NA,NA,90.74,11818618,74.228,32.7,8.001,5.075,10849.297,2,318.991,8.52,1.1,65.8,78.687,2.3,76.7,0.735
"TUN","Africa","Tunisia","2020-04-13",726,19,18.571,34,3,1.714,61.429,1.608,1.571,2.877,0.254,0.145,0.9,NA,NA,NA,NA,NA,NA,NA,NA,722,13137,1.112,0.061,608,0.051,0.031,32.7,"tests performed",NA,NA,90.74,11818618,74.228,32.7,8.001,5.075,10849.297,2,318.991,8.52,1.1,65.8,78.687,2.3,76.7,0.735
"TUN","Africa","Tunisia","2020-04-14",747,21,17.714,34,0,1.571,63.205,1.777,1.499,2.877,0,0.133,0.9,NA,NA,NA,NA,NA,NA,NA,NA,793,13930,1.179,0.067,623,0.053,0.028,35.2,"tests performed",NA,NA,90.74,11818618,74.228,32.7,8.001,5.075,10849.297,2,318.991,8.52,1.1,65.8,78.687,2.3,76.7,0.735
"TUN","Africa","Tunisia","2020-04-15",780,33,21.714,35,1,1.571,65.998,2.792,1.837,2.961,0.085,0.133,0.89,NA,NA,NA,NA,NA,NA,NA,NA,710,14640,1.239,0.06,650,0.055,0.033,29.9,"tests performed",NA,NA,90.74,11818618,74.228,32.7,8.001,5.075,10849.297,2,318.991,8.52,1.1,65.8,78.687,2.3,76.7,0.735
"TUN","Africa","Tunisia","2020-04-16",822,42,25.571,37,2,1.714,69.551,3.554,2.164,3.131,0.169,0.145,0.87,NA,NA,NA,NA,NA,NA,NA,NA,692,15332,1.297,0.059,665,0.056,0.038,26,"tests performed",NA,NA,90.74,11818618,74.228,32.7,8.001,5.075,10849.297,2,318.991,8.52,1.1,65.8,78.687,2.3,76.7,0.735
"TUN","Africa","Tunisia","2020-04-17",864,42,27.571,37,0,1.714,73.105,3.554,2.333,3.131,0,0.145,0.86,NA,NA,NA,NA,NA,NA,NA,NA,766,16098,1.362,0.065,694,0.059,0.04,25.2,"tests performed",NA,NA,90.74,11818618,74.228,32.7,8.001,5.075,10849.297,2,318.991,8.52,1.1,65.8,78.687,2.3,76.7,0.735
"TUN","Africa","Tunisia","2020-04-18",864,0,25.571,37,0,1.286,73.105,0,2.164,3.131,0,0.109,0.84,NA,NA,NA,NA,NA,NA,NA,NA,1189,17287,1.463,0.101,780,0.066,0.033,30.5,"tests performed",NA,NA,90.74,11818618,74.228,32.7,8.001,5.075,10849.297,2,318.991,8.52,1.1,65.8,78.687,2.3,76.7,0.735
"TUN","Africa","Tunisia","2020-04-19",879,15,24.571,38,1,1,74.374,1.269,2.079,3.215,0.085,0.085,0.82,NA,NA,NA,NA,NA,NA,NA,NA,878,18165,1.537,0.074,821,0.069,0.03,33.4,"tests performed",NA,NA,90.74,11818618,74.228,32.7,8.001,5.075,10849.297,2,318.991,8.52,1.1,65.8,78.687,2.3,76.7,0.735
"TUN","Africa","Tunisia","2020-04-20",884,5,22.571,38,0,0.571,74.797,0.423,1.91,3.215,0,0.048,0.8,NA,NA,NA,NA,NA,NA,NA,NA,696,18861,1.596,0.059,818,0.069,0.028,36.2,"tests performed",NA,NA,90.74,11818618,74.228,32.7,8.001,5.075,10849.297,2,318.991,8.52,1.1,65.8,78.687,2.3,76.7,0.735
"TUN","Africa","Tunisia","2020-04-21",884,0,19.571,38,0,0.571,74.797,0,1.656,3.215,0,0.048,0.79,NA,NA,NA,NA,NA,NA,NA,NA,550,19411,1.642,0.047,783,0.066,0.025,40,"tests performed",NA,NA,90.74,11818618,74.228,32.7,8.001,5.075,10849.297,2,318.991,8.52,1.1,65.8,78.687,2.3,76.7,0.735
"TUN","Africa","Tunisia","2020-04-22",909,25,18.429,38,0,0.429,76.913,2.115,1.559,3.215,0,0.036,0.78,NA,NA,NA,NA,NA,NA,NA,NA,438,19849,1.679,0.037,744,0.063,0.025,40.4,"tests performed",NA,NA,90.74,11818618,74.228,32.7,8.001,5.075,10849.297,2,318.991,8.52,1.1,65.8,78.687,2.3,76.7,0.735
"TUN","Africa","Tunisia","2020-04-23",918,9,13.714,38,0,0.143,77.674,0.762,1.16,3.215,0,0.012,0.77,NA,NA,NA,NA,NA,NA,NA,NA,559,20408,1.727,0.047,725,0.061,0.019,52.9,"tests performed",NA,NA,90.74,11818618,74.228,32.7,8.001,5.075,10849.297,2,318.991,8.52,1.1,65.8,78.687,2.3,76.7,0.735
"TUN","Africa","Tunisia","2020-04-24",922,4,8.286,38,0,0.143,78.013,0.338,0.701,3.215,0,0.012,0.76,NA,NA,NA,NA,NA,NA,NA,NA,410,20818,1.761,0.035,674,0.057,0.012,81.3,"tests performed",NA,NA,90.74,11818618,74.228,32.7,8.001,5.075,10849.297,2,318.991,8.52,1.1,65.8,78.687,2.3,76.7,0.735
"TUN","Africa","Tunisia","2020-04-25",939,17,10.714,38,0,0.143,79.451,1.438,0.907,3.215,0,0.012,0.75,NA,NA,NA,NA,NA,NA,NA,NA,263,21081,1.784,0.022,542,0.046,0.02,50.6,"tests performed",NA,NA,90.74,11818618,74.228,32.7,8.001,5.075,10849.297,2,318.991,8.52,1.1,65.8,78.687,2.3,76.7,0.735
"TUN","Africa","Tunisia","2020-04-26",949,10,10,38,0,0,80.297,0.846,0.846,3.215,0,0,0.74,NA,NA,NA,NA,NA,NA,NA,NA,396,21477,1.817,0.034,473,0.04,0.021,47.3,"tests performed",NA,NA,90.74,11818618,74.228,32.7,8.001,5.075,10849.297,2,318.991,8.52,1.1,65.8,78.687,2.3,76.7,0.735
"TUN","Africa","Tunisia","2020-04-27",967,18,11.857,39,1,0.143,81.82,1.523,1.003,3.3,0.085,0.012,0.73,NA,NA,NA,NA,NA,NA,NA,NA,585,22062,1.867,0.049,457,0.039,0.026,38.5,"tests performed",NA,NA,90.74,11818618,74.228,32.7,8.001,5.075,10849.297,2,318.991,8.52,1.1,65.8,78.687,2.3,76.7,0.735
"TUN","Africa","Tunisia","2020-04-28",975,8,13,40,1,0.286,82.497,0.677,1.1,3.384,0.085,0.024,0.72,NA,NA,NA,NA,NA,NA,NA,NA,895,22957,1.942,0.076,507,0.043,0.026,39,"tests performed",NA,NA,90.74,11818618,74.228,32.7,8.001,5.075,10849.297,2,318.991,8.52,1.1,65.8,78.687,2.3,76.7,0.735
"TUN","Africa","Tunisia","2020-04-29",980,5,10.143,40,0,0.286,82.92,0.423,0.858,3.384,0,0.024,0.71,NA,NA,NA,NA,NA,NA,NA,NA,569,23526,1.991,0.048,525,0.044,0.019,51.8,"tests performed",NA,NA,90.74,11818618,74.228,32.7,8.001,5.075,10849.297,2,318.991,8.52,1.1,65.8,78.687,2.3,76.7,0.735
"TUN","Africa","Tunisia","2020-04-30",994,14,10.857,41,1,0.429,84.105,1.185,0.919,3.469,0.085,0.036,0.7,NA,NA,NA,NA,NA,NA,NA,NA,529,24055,2.035,0.045,521,0.044,0.021,48,"tests performed",NA,NA,90.74,11818618,74.228,32.7,8.001,5.075,10849.297,2,318.991,8.52,1.1,65.8,78.687,2.3,76.7,0.735
"TUN","Africa","Tunisia","2020-05-01",998,4,10.857,41,0,0.429,84.443,0.338,0.919,3.469,0,0.036,0.69,NA,NA,NA,NA,NA,NA,NA,NA,351,24406,2.065,0.03,513,0.043,0.021,47.3,"tests performed",NA,NA,90.74,11818618,74.228,32.7,8.001,5.075,10849.297,2,318.991,8.52,1.1,65.8,78.687,2.3,76.7,0.735
"TUN","Africa","Tunisia","2020-05-02",1009,11,10,42,1,0.571,85.374,0.931,0.846,3.554,0.085,0.048,0.68,NA,NA,NA,NA,NA,NA,NA,NA,447,24853,2.103,0.038,539,0.046,0.019,53.9,"tests performed",NA,NA,90.74,11818618,74.228,32.7,8.001,5.075,10849.297,2,318.991,8.52,1.1,65.8,78.687,2.3,76.7,0.735
"TUN","Africa","Tunisia","2020-05-03",1013,4,9.143,42,0,0.571,85.712,0.338,0.774,3.554,0,0.048,0.67,NA,NA,NA,NA,NA,NA,NA,NA,312,25165,2.129,0.026,527,0.045,0.017,57.6,"tests performed",NA,NA,90.74,11818618,74.228,32.7,8.001,5.075,10849.297,2,318.991,8.52,1.1,65.8,78.687,2.3,76.7,0.735
"TUN","Africa","Tunisia","2020-05-04",1018,5,7.286,43,1,0.571,86.135,0.423,0.616,3.638,0.085,0.048,0.66,NA,NA,NA,NA,NA,NA,NA,NA,390,25555,2.162,0.033,499,0.042,0.015,68.5,"tests performed",NA,NA,87.04,11818618,74.228,32.7,8.001,5.075,10849.297,2,318.991,8.52,1.1,65.8,78.687,2.3,76.7,0.735
"TUN","Africa","Tunisia","2020-05-05",1022,4,6.714,43,0,0.429,86.474,0.338,0.568,3.638,0,0.036,0.65,NA,NA,NA,NA,NA,NA,NA,NA,412,25967,2.197,0.035,430,0.036,0.016,64,"tests performed",NA,NA,87.04,11818618,74.228,32.7,8.001,5.075,10849.297,2,318.991,8.52,1.1,65.8,78.687,2.3,76.7,0.735
"TUN","Africa","Tunisia","2020-05-06",1025,3,6.429,43,0,0.429,86.728,0.254,0.544,3.638,0,0.036,0.64,NA,NA,NA,NA,NA,NA,NA,NA,1453,27420,2.32,0.123,556,0.047,0.012,86.5,"tests performed",NA,NA,87.04,11818618,74.228,32.7,8.001,5.075,10849.297,2,318.991,8.52,1.1,65.8,78.687,2.3,76.7,0.735
"TUN","Africa","Tunisia","2020-05-07",1026,1,4.571,44,1,0.429,86.812,0.085,0.387,3.723,0.085,0.036,0.63,NA,NA,NA,NA,NA,NA,NA,NA,1877,29297,2.479,0.159,749,0.063,0.006,163.9,"tests performed",NA,NA,87.04,11818618,74.228,32.7,8.001,5.075,10849.297,2,318.991,8.52,1.1,65.8,78.687,2.3,76.7,0.735
"TUN","Africa","Tunisia","2020-05-08",1030,4,4.571,45,1,0.571,87.151,0.338,0.387,3.808,0.085,0.048,0.63,NA,NA,NA,NA,NA,NA,NA,NA,3521,32818,2.777,0.298,1202,0.102,0.004,263,"tests performed",NA,NA,87.04,11818618,74.228,32.7,8.001,5.075,10849.297,2,318.991,8.52,1.1,65.8,78.687,2.3,76.7,0.735
"TUN","Africa","Tunisia","2020-05-09",1032,2,3.286,45,0,0.429,87.32,0.169,0.278,3.808,0,0.036,0.62,NA,NA,NA,NA,NA,NA,NA,NA,448,33266,2.815,0.038,1202,0.102,0.003,365.8,"tests performed",NA,NA,87.04,11818618,74.228,32.7,8.001,5.075,10849.297,2,318.991,8.52,1.1,65.8,78.687,2.3,76.7,0.735
"TUN","Africa","Tunisia","2020-05-10",1032,0,2.714,45,0,0.429,87.32,0,0.23,3.808,0,0.036,0.62,NA,NA,NA,NA,NA,NA,NA,NA,614,33880,2.867,0.052,1245,0.105,0.002,458.7,"tests performed",NA,NA,87.04,11818618,74.228,32.7,8.001,5.075,10849.297,2,318.991,8.52,1.1,65.8,78.687,2.3,76.7,0.735
"TUN","Africa","Tunisia","2020-05-11",1032,0,2,45,0,0.286,87.32,0,0.169,3.808,0,0.024,0.62,NA,NA,NA,NA,NA,NA,NA,NA,443,34323,2.904,0.037,1253,0.106,0.002,626.5,"tests performed",NA,NA,87.04,11818618,74.228,32.7,8.001,5.075,10849.297,2,318.991,8.52,1.1,65.8,78.687,2.3,76.7,0.735
"TUN","Africa","Tunisia","2020-05-12",1032,0,1.429,45,0,0.286,87.32,0,0.121,3.808,0,0.024,0.62,NA,NA,NA,NA,NA,NA,NA,NA,2200,36523,3.09,0.186,1508,0.128,0.001,1055.3,"tests performed",NA,NA,87.04,11818618,74.228,32.7,8.001,5.075,10849.297,2,318.991,8.52,1.1,65.8,78.687,2.3,76.7,0.735
"TUN","Africa","Tunisia","2020-05-13",1032,0,1,45,0,0.286,87.32,0,0.085,3.808,0,0.024,0.62,NA,NA,NA,NA,NA,NA,NA,NA,1339,37862,3.204,0.113,1492,0.126,0.001,1492,"tests performed",NA,NA,87.04,11818618,74.228,32.7,8.001,5.075,10849.297,2,318.991,8.52,1.1,65.8,78.687,2.3,76.7,0.735
"TUN","Africa","Tunisia","2020-05-14",1032,0,0.857,45,0,0.143,87.32,0,0.073,3.808,0,0.012,0.63,NA,NA,NA,NA,NA,NA,NA,NA,1916,39778,3.366,0.162,1497,0.127,0.001,1746.8,"tests performed",NA,NA,87.04,11818618,74.228,32.7,8.001,5.075,10849.297,2,318.991,8.52,1.1,65.8,78.687,2.3,76.7,0.735
"TUN","Africa","Tunisia","2020-05-15",1035,3,0.714,45,0,0,87.574,0.254,0.06,3.808,0,0,0.64,NA,NA,NA,NA,NA,NA,NA,NA,781,40559,3.432,0.066,1106,0.094,0.001,1549,"tests performed",NA,NA,83.33,11818618,74.228,32.7,8.001,5.075,10849.297,2,318.991,8.52,1.1,65.8,78.687,2.3,76.7,0.735
"TUN","Africa","Tunisia","2020-05-16",1037,2,0.714,45,0,0,87.743,0.169,0.06,3.808,0,0,0.64,NA,NA,NA,NA,NA,NA,NA,NA,1061,41620,3.522,0.09,1193,0.101,0.001,1670.9,"tests performed",NA,NA,83.33,11818618,74.228,32.7,8.001,5.075,10849.297,2,318.991,8.52,1.1,65.8,78.687,2.3,76.7,0.735
"TUN","Africa","Tunisia","2020-05-17",1037,0,0.714,45,0,0,87.743,0,0.06,3.808,0,0,0.65,NA,NA,NA,NA,NA,NA,NA,NA,869,42489,3.595,0.074,1230,0.104,0.001,1722.7,"tests performed",NA,NA,83.33,11818618,74.228,32.7,8.001,5.075,10849.297,2,318.991,8.52,1.1,65.8,78.687,2.3,76.7,0.735
"TUN","Africa","Tunisia","2020-05-18",1043,6,1.571,46,1,0.143,88.251,0.508,0.133,3.892,0.085,0.012,0.66,NA,NA,NA,NA,NA,NA,NA,NA,1234,43723,3.7,0.104,1343,0.114,0.001,854.9,"tests performed",NA,NA,83.33,11818618,74.228,32.7,8.001,5.075,10849.297,2,318.991,8.52,1.1,65.8,78.687,2.3,76.7,0.735
"TUN","Africa","Tunisia","2020-05-19",1044,1,1.714,47,1,0.286,88.335,0.085,0.145,3.977,0.085,0.024,0.66,NA,NA,NA,NA,NA,NA,NA,NA,1585,45308,3.834,0.134,1255,0.106,0.001,732.2,"tests performed",NA,NA,83.33,11818618,74.228,32.7,8.001,5.075,10849.297,2,318.991,8.52,1.1,65.8,78.687,2.3,76.7,0.735
"TUN","Africa","Tunisia","2020-05-20",1045,1,1.857,47,0,0.286,88.42,0.085,0.157,3.977,0,0.024,0.66,NA,NA,NA,NA,NA,NA,NA,NA,1320,46628,3.945,0.112,1252,0.106,0.001,674.2,"tests performed",NA,NA,83.33,11818618,74.228,32.7,8.001,5.075,10849.297,2,318.991,8.52,1.1,65.8,78.687,2.3,76.7,0.735
"TUN","Africa","Tunisia","2020-05-21",1046,1,2,47,0,0.286,88.504,0.085,0.169,3.977,0,0.024,0.66,NA,NA,NA,NA,NA,NA,NA,NA,1021,47649,4.032,0.086,1124,0.095,0.002,562,"tests performed",NA,NA,83.33,11818618,74.228,32.7,8.001,5.075,10849.297,2,318.991,8.52,1.1,65.8,78.687,2.3,76.7,0.735
"TUN","Africa","Tunisia","2020-05-22",1048,2,1.857,47,0,0.286,88.674,0.169,0.157,3.977,0,0.024,0.66,NA,NA,NA,NA,NA,NA,NA,NA,167,47816,4.046,0.014,1037,0.088,0.002,558.4,"tests performed",NA,NA,83.33,11818618,74.228,32.7,8.001,5.075,10849.297,2,318.991,8.52,1.1,65.8,78.687,2.3,76.7,0.735
"TUN","Africa","Tunisia","2020-05-23",1048,0,1.571,48,1,0.429,88.674,0,0.133,4.061,0.085,0.036,0.67,NA,NA,NA,NA,NA,NA,NA,NA,660,48476,4.102,0.056,979,0.083,0.002,623.2,"tests performed",NA,NA,83.33,11818618,74.228,32.7,8.001,5.075,10849.297,2,318.991,8.52,1.1,65.8,78.687,2.3,76.7,0.735
"TUN","Africa","Tunisia","2020-05-24",1051,3,2,48,0,0.429,88.927,0.254,0.169,4.061,0,0.036,0.67,NA,NA,NA,NA,NA,NA,NA,NA,637,49113,4.156,0.054,946,0.08,0.002,473,"tests performed",NA,NA,83.33,11818618,74.228,32.7,8.001,5.075,10849.297,2,318.991,8.52,1.1,65.8,78.687,2.3,76.7,0.735
"TUN","Africa","Tunisia","2020-05-25",1051,0,1.143,48,0,0.286,88.927,0,0.097,4.061,0,0.024,0.67,NA,NA,NA,NA,NA,NA,NA,NA,838,49951,4.226,0.071,890,0.075,0.001,778.7,"tests performed",NA,NA,83.33,11818618,74.228,32.7,8.001,5.075,10849.297,2,318.991,8.52,1.1,65.8,78.687,2.3,76.7,0.735
"TUN","Africa","Tunisia","2020-05-26",1051,0,1,48,0,0.143,88.927,0,0.085,4.061,0,0.012,0.67,NA,NA,NA,NA,NA,NA,NA,NA,429,50380,4.263,0.036,725,0.061,0.001,725,"tests performed",NA,NA,83.33,11818618,74.228,32.7,8.001,5.075,10849.297,2,318.991,8.52,1.1,65.8,78.687,2.3,76.7,0.735
"TUN","Africa","Tunisia","2020-05-27",1051,0,0.857,48,0,0.143,88.927,0,0.073,4.061,0,0.012,0.68,NA,NA,NA,NA,NA,NA,NA,NA,791,51171,4.33,0.067,649,0.055,0.001,757.3,"tests performed",NA,NA,83.33,11818618,74.228,32.7,8.001,5.075,10849.297,2,318.991,8.52,1.1,65.8,78.687,2.3,76.7,0.735
"TUN","Africa","Tunisia","2020-05-28",1068,17,3.143,48,0,0.143,90.366,1.438,0.266,4.061,0,0.012,0.69,NA,NA,NA,NA,NA,NA,NA,NA,710,51881,4.39,0.06,605,0.051,0.005,192.5,"tests performed",NA,NA,79.63,11818618,74.228,32.7,8.001,5.075,10849.297,2,318.991,8.52,1.1,65.8,78.687,2.3,76.7,0.735
"TUN","Africa","Tunisia","2020-05-29",1071,3,3.286,48,0,0.143,90.62,0.254,0.278,4.061,0,0.012,0.69,NA,NA,NA,NA,NA,NA,NA,NA,622,52503,4.442,0.053,670,0.057,0.005,203.9,"tests performed",NA,NA,79.63,11818618,74.228,32.7,8.001,5.075,10849.297,2,318.991,8.52,1.1,65.8,78.687,2.3,76.7,0.735
"TUN","Africa","Tunisia","2020-05-30",1076,5,4,48,0,0,91.043,0.423,0.338,4.061,0,0,0.7,NA,NA,NA,NA,NA,NA,NA,NA,371,52874,4.474,0.031,628,0.053,0.006,157,"tests performed",NA,NA,79.63,11818618,74.228,32.7,8.001,5.075,10849.297,2,318.991,8.52,1.1,65.8,78.687,2.3,76.7,0.735
"TUN","Africa","Tunisia","2020-05-31",1077,1,3.714,48,0,0,91.127,0.085,0.314,4.061,0,0,0.7,NA,NA,NA,NA,NA,NA,NA,NA,287,53161,4.498,0.024,578,0.049,0.006,155.6,"tests performed",NA,NA,79.63,11818618,74.228,32.7,8.001,5.075,10849.297,2,318.991,8.52,1.1,65.8,78.687,2.3,76.7,0.735
"TUN","Africa","Tunisia","2020-06-01",1084,7,4.714,48,0,0,91.72,0.592,0.399,4.061,0,0,0.71,NA,NA,NA,NA,NA,NA,NA,NA,378,53539,4.53,0.032,513,0.043,0.009,108.8,"tests performed",NA,NA,79.63,11818618,74.228,32.7,8.001,5.075,10849.297,2,318.991,8.52,1.1,65.8,78.687,2.3,76.7,0.735
"TUN","Africa","Tunisia","2020-06-02",1086,2,5,48,0,0,91.889,0.169,0.423,4.061,0,0,0.71,NA,NA,NA,NA,NA,NA,NA,NA,611,54150,4.582,0.052,539,0.046,0.009,107.8,"tests performed",NA,NA,79.63,11818618,74.228,32.7,8.001,5.075,10849.297,2,318.991,8.52,1.1,65.8,78.687,2.3,76.7,0.735
"TUN","Africa","Tunisia","2020-06-03",1087,1,5.143,49,1,0.143,91.974,0.085,0.435,4.146,0.085,0.012,0.71,NA,NA,NA,NA,NA,NA,NA,NA,503,54653,4.624,0.043,497,0.042,0.01,96.6,"tests performed",NA,NA,79.63,11818618,74.228,32.7,8.001,5.075,10849.297,2,318.991,8.52,1.1,65.8,78.687,2.3,76.7,0.735
"TUN","Africa","Tunisia","2020-06-04",1087,0,2.714,49,0,0.143,91.974,0,0.23,4.146,0,0.012,0.71,NA,NA,NA,NA,NA,NA,NA,NA,705,55358,4.684,0.06,497,0.042,0.005,183.1,"tests performed",NA,NA,68.52,11818618,74.228,32.7,8.001,5.075,10849.297,2,318.991,8.52,1.1,65.8,78.687,2.3,76.7,0.735
"TUN","Africa","Tunisia","2020-06-05",1087,0,2.286,49,0,0.143,91.974,0,0.193,4.146,0,0.012,0.71,NA,NA,NA,NA,NA,NA,NA,NA,61,55419,4.689,0.005,417,0.035,0.005,182.4,"tests performed",NA,NA,68.52,11818618,74.228,32.7,8.001,5.075,10849.297,2,318.991,8.52,1.1,65.8,78.687,2.3,76.7,0.735
"TUN","Africa","Tunisia","2020-06-06",1087,0,1.571,49,0,0.143,91.974,0,0.133,4.146,0,0.012,0.72,NA,NA,NA,NA,NA,NA,NA,NA,160,55579,4.703,0.014,386,0.033,0.004,245.7,"tests performed",NA,NA,68.52,11818618,74.228,32.7,8.001,5.075,10849.297,2,318.991,8.52,1.1,65.8,78.687,2.3,76.7,0.735
"TUN","Africa","Tunisia","2020-06-07",1087,0,1.429,49,0,0.143,91.974,0,0.121,4.146,0,0.012,0.73,NA,NA,NA,NA,NA,NA,NA,NA,312,55891,4.729,0.026,390,0.033,0.004,272.9,"tests performed",NA,NA,68.52,11818618,74.228,32.7,8.001,5.075,10849.297,2,318.991,8.52,1.1,65.8,78.687,2.3,76.7,0.735
"TUN","Africa","Tunisia","2020-06-08",1087,0,0.429,49,0,0.143,91.974,0,0.036,4.146,0,0.012,0.74,NA,NA,NA,NA,NA,NA,NA,NA,319,56210,4.756,0.027,382,0.032,0.001,890.4,"tests performed",NA,NA,29.63,11818618,74.228,32.7,8.001,5.075,10849.297,2,318.991,8.52,1.1,65.8,78.687,2.3,76.7,0.735
"TUN","Africa","Tunisia","2020-06-09",1087,0,0.143,49,0,0.143,91.974,0,0.012,4.146,0,0.012,0.76,NA,NA,NA,NA,NA,NA,NA,NA,1063,57273,4.846,0.09,446,0.038,0,3118.9,"tests performed",NA,NA,29.63,11818618,74.228,32.7,8.001,5.075,10849.297,2,318.991,8.52,1.1,65.8,78.687,2.3,76.7,0.735
"TUN","Africa","Tunisia","2020-06-10",1087,0,0,49,0,0,91.974,0,0,4.146,0,0,0.78,NA,NA,NA,NA,NA,NA,NA,NA,1497,58770,4.973,0.127,588,0.05,0,NA,"tests performed",NA,NA,29.63,11818618,74.228,32.7,8.001,5.075,10849.297,2,318.991,8.52,1.1,65.8,78.687,2.3,76.7,0.735
"TUN","Africa","Tunisia","2020-06-11",1087,0,0,49,0,0,91.974,0,0,4.146,0,0,0.8,NA,NA,NA,NA,NA,NA,NA,NA,1117,59887,5.067,0.095,647,0.055,0,NA,"tests performed",NA,NA,29.63,11818618,74.228,32.7,8.001,5.075,10849.297,2,318.991,8.52,1.1,65.8,78.687,2.3,76.7,0.735
"TUN","Africa","Tunisia","2020-06-12",1093,6,0.857,49,0,0,92.481,0.508,0.073,4.146,0,0,0.83,NA,NA,NA,NA,NA,NA,NA,NA,985,60872,5.151,0.083,779,0.066,0.001,909,"tests performed",NA,NA,29.63,11818618,74.228,32.7,8.001,5.075,10849.297,2,318.991,8.52,1.1,65.8,78.687,2.3,76.7,0.735
"TUN","Africa","Tunisia","2020-06-13",1094,1,1,49,0,0,92.566,0.085,0.085,4.146,0,0,0.86,NA,NA,NA,NA,NA,NA,NA,NA,558,61430,5.198,0.047,836,0.071,0.001,836,"tests performed",NA,NA,29.63,11818618,74.228,32.7,8.001,5.075,10849.297,2,318.991,8.52,1.1,65.8,78.687,2.3,76.7,0.735
"TUN","Africa","Tunisia","2020-06-14",1096,2,1.286,49,0,0,92.735,0.169,0.109,4.146,0,0,0.89,NA,NA,NA,NA,NA,NA,NA,NA,1492,62922,5.324,0.126,1004,0.085,0.001,780.7,"tests performed",NA,NA,29.63,11818618,74.228,32.7,8.001,5.075,10849.297,2,318.991,8.52,1.1,65.8,78.687,2.3,76.7,0.735
"TUN","Africa","Tunisia","2020-06-15",1110,14,3.286,49,0,0,93.92,1.185,0.278,4.146,0,0,0.91,NA,NA,NA,NA,NA,NA,NA,NA,709,63631,5.384,0.06,1060,0.09,0.003,322.6,"tests performed",NA,NA,29.63,11818618,74.228,32.7,8.001,5.075,10849.297,2,318.991,8.52,1.1,65.8,78.687,2.3,76.7,0.735
"TUN","Africa","Tunisia","2020-06-16",1125,15,5.429,49,0,0,95.189,1.269,0.459,4.146,0,0,0.94,NA,NA,NA,NA,NA,NA,NA,NA,1279,64910,5.492,0.108,1091,0.092,0.005,201,"tests performed",NA,NA,29.63,11818618,74.228,32.7,8.001,5.075,10849.297,2,318.991,8.52,1.1,65.8,78.687,2.3,76.7,0.735
"TUN","Africa","Tunisia","2020-06-17",1128,3,5.857,50,1,0.143,95.443,0.254,0.496,4.231,0.085,0.012,0.95,NA,NA,NA,NA,NA,NA,NA,NA,605,65515,5.543,0.051,964,0.082,0.006,164.6,"tests performed",NA,NA,29.63,11818618,74.228,32.7,8.001,5.075,10849.297,2,318.991,8.52,1.1,65.8,78.687,2.3,76.7,0.735
"TUN","Africa","Tunisia","2020-06-18",1132,4,6.429,50,0,0.143,95.781,0.338,0.544,4.231,0,0.012,0.96,NA,NA,NA,NA,NA,NA,NA,NA,1530,67045,5.673,0.129,1023,0.087,0.006,159.1,"tests performed",NA,NA,29.63,11818618,74.228,32.7,8.001,5.075,10849.297,2,318.991,8.52,1.1,65.8,78.687,2.3,76.7,0.735
"TUN","Africa","Tunisia","2020-06-19",1146,14,7.571,50,0,0.143,96.966,1.185,0.641,4.231,0,0.012,0.97,NA,NA,NA,NA,NA,NA,NA,NA,189,67234,5.689,0.016,909,0.077,0.008,120.1,"tests performed",NA,NA,29.63,11818618,74.228,32.7,8.001,5.075,10849.297,2,318.991,8.52,1.1,65.8,78.687,2.3,76.7,0.735
"TUN","Africa","Tunisia","2020-06-20",1156,10,8.857,50,0,0.143,97.812,0.846,0.749,4.231,0,0.012,0.97,NA,NA,NA,NA,NA,NA,NA,NA,222,67456,5.708,0.019,861,0.073,0.01,97.2,"tests performed",NA,NA,29.63,11818618,74.228,32.7,8.001,5.075,10849.297,2,318.991,8.52,1.1,65.8,78.687,2.3,76.7,0.735
"TUN","Africa","Tunisia","2020-06-21",1157,1,8.714,50,0,0.143,97.896,0.085,0.737,4.231,0,0.012,0.97,NA,NA,NA,NA,NA,NA,NA,NA,648,68104,5.762,0.055,740,0.063,0.012,84.9,"tests performed",NA,NA,29.63,11818618,74.228,32.7,8.001,5.075,10849.297,2,318.991,8.52,1.1,65.8,78.687,2.3,76.7,0.735
"TUN","Africa","Tunisia","2020-06-22",1159,2,7,50,0,0.143,98.066,0.169,0.592,4.231,0,0.012,0.97,NA,NA,NA,NA,NA,NA,NA,NA,217,68321,5.781,0.018,670,0.057,0.01,95.7,"tests performed",NA,NA,29.63,11818618,74.228,32.7,8.001,5.075,10849.297,2,318.991,8.52,1.1,65.8,78.687,2.3,76.7,0.735
"TUN","Africa","Tunisia","2020-06-23",1159,0,4.857,50,0,0.143,98.066,0,0.411,4.231,0,0.012,0.98,NA,NA,NA,NA,NA,NA,NA,NA,221,68542,5.799,0.019,519,0.044,0.009,106.9,"tests performed",NA,NA,29.63,11818618,74.228,32.7,8.001,5.075,10849.297,2,318.991,8.52,1.1,65.8,78.687,2.3,76.7,0.735
"TUN","Africa","Tunisia","2020-06-24",1160,1,4.571,50,0,0,98.15,0.085,0.387,4.231,0,0,0.99,NA,NA,NA,NA,NA,NA,NA,NA,242,68784,5.82,0.02,467,0.04,0.01,102.2,"tests performed",NA,NA,29.63,11818618,74.228,32.7,8.001,5.075,10849.297,2,318.991,8.52,1.1,65.8,78.687,2.3,76.7,0.735
"TUN","Africa","Tunisia","2020-06-25",1162,2,4.286,50,0,0,98.319,0.169,0.363,4.231,0,0,1,NA,NA,NA,NA,NA,NA,NA,NA,353,69137,5.85,0.03,299,0.025,0.014,69.8,"tests performed",NA,NA,29.63,11818618,74.228,32.7,8.001,5.075,10849.297,2,318.991,8.52,1.1,65.8,78.687,2.3,76.7,0.735
"TUN","Africa","Tunisia","2020-06-26",1164,2,2.571,50,0,0,98.489,0.169,0.218,4.231,0,0,1.02,NA,NA,NA,NA,NA,NA,NA,NA,82,69219,5.857,0.007,284,0.024,0.009,110.5,"tests performed",NA,NA,29.63,11818618,74.228,32.7,8.001,5.075,10849.297,2,318.991,8.52,1.1,65.8,78.687,2.3,76.7,0.735
"TUN","Africa","Tunisia","2020-06-27",1168,4,1.714,50,0,0,98.827,0.338,0.145,4.231,0,0,1.04,NA,NA,NA,NA,NA,NA,NA,NA,308,69527,5.883,0.026,296,0.025,0.006,172.7,"tests performed",NA,NA,26.85,11818618,74.228,32.7,8.001,5.075,10849.297,2,318.991,8.52,1.1,65.8,78.687,2.3,76.7,0.735
"TUN","Africa","Tunisia","2020-06-28",1169,1,1.714,50,0,0,98.912,0.085,0.145,4.231,0,0,1.05,NA,NA,NA,NA,NA,NA,NA,NA,513,70040,5.926,0.043,277,0.023,0.006,161.6,"tests performed",NA,NA,26.85,11818618,74.228,32.7,8.001,5.075,10849.297,2,318.991,8.52,1.1,65.8,78.687,2.3,76.7,0.735
"TUN","Africa","Tunisia","2020-06-29",1172,3,1.857,50,0,0,99.166,0.254,0.157,4.231,0,0,1.08,NA,NA,NA,NA,NA,NA,NA,NA,574,70614,5.975,0.049,328,0.028,0.006,176.6,"tests performed",NA,NA,26.85,11818618,74.228,32.7,8.001,5.075,10849.297,2,318.991,8.52,1.1,65.8,78.687,2.3,76.7,0.735
"TUN","Africa","Tunisia","2020-06-30",1174,2,2.143,50,0,0,99.335,0.169,0.181,4.231,0,0,1.1,NA,NA,NA,NA,NA,NA,NA,NA,584,71198,6.024,0.049,379,0.032,0.006,176.9,"tests performed",NA,NA,26.85,11818618,74.228,32.7,8.001,5.075,10849.297,2,318.991,8.52,1.1,65.8,78.687,2.3,76.7,0.735
"TUN","Africa","Tunisia","2020-07-01",1175,1,2.143,50,0,0,99.419,0.085,0.181,4.231,0,0,1.12,NA,NA,NA,NA,NA,NA,NA,NA,491,71689,6.066,0.042,415,0.035,0.005,193.7,"tests performed",NA,NA,26.85,11818618,74.228,32.7,8.001,5.075,10849.297,2,318.991,8.52,1.1,65.8,78.687,2.3,76.7,0.735
"TUN","Africa","Tunisia","2020-07-02",1178,3,2.286,50,0,0,99.673,0.254,0.193,4.231,0,0,1.15,NA,NA,NA,NA,NA,NA,NA,NA,1213,72902,6.168,0.103,538,0.046,0.004,235.3,"tests performed",NA,NA,26.85,11818618,74.228,32.7,8.001,5.075,10849.297,2,318.991,8.52,1.1,65.8,78.687,2.3,76.7,0.735
"TUN","Africa","Tunisia","2020-07-03",1181,3,2.429,50,0,0,99.927,0.254,0.205,4.231,0,0,1.18,NA,NA,NA,NA,NA,NA,NA,NA,450,73352,6.206,0.038,590,0.05,0.004,242.9,"tests performed",NA,NA,26.85,11818618,74.228,32.7,8.001,5.075,10849.297,2,318.991,8.52,1.1,65.8,78.687,2.3,76.7,0.735
"TUN","Africa","Tunisia","2020-07-04",1186,5,2.571,50,0,0,100.35,0.423,0.218,4.231,0,0,1.21,NA,NA,NA,NA,NA,NA,NA,NA,258,73610,6.228,0.022,583,0.049,0.004,226.8,"tests performed",NA,NA,26.85,11818618,74.228,32.7,8.001,5.075,10849.297,2,318.991,8.52,1.1,65.8,78.687,2.3,76.7,0.735
"TUN","Africa","Tunisia","2020-07-05",1188,2,2.714,50,0,0,100.519,0.169,0.23,4.231,0,0,1.24,NA,NA,NA,NA,NA,NA,NA,NA,798,74408,6.296,0.068,624,0.053,0.004,229.9,"tests performed",NA,NA,26.85,11818618,74.228,32.7,8.001,5.075,10849.297,2,318.991,8.52,1.1,65.8,78.687,2.3,76.7,0.735
"TUN","Africa","Tunisia","2020-07-06",1199,11,3.857,50,0,0,101.45,0.931,0.326,4.231,0,0,1.27,NA,NA,NA,NA,NA,NA,NA,NA,1131,75539,6.392,0.096,704,0.06,0.005,182.5,"tests performed",NA,NA,26.85,11818618,74.228,32.7,8.001,5.075,10849.297,2,318.991,8.52,1.1,65.8,78.687,2.3,76.7,0.735
"TUN","Africa","Tunisia","2020-07-07",1205,6,4.429,50,0,0,101.958,0.508,0.375,4.231,0,0,1.29,NA,NA,NA,NA,NA,NA,NA,NA,879,76418,6.466,0.074,746,0.063,0.006,168.4,"tests performed",NA,NA,26.85,11818618,74.228,32.7,8.001,5.075,10849.297,2,318.991,8.52,1.1,65.8,78.687,2.3,76.7,0.735
"TUN","Africa","Tunisia","2020-07-08",1221,16,6.571,50,0,0,103.312,1.354,0.556,4.231,0,0,1.31,NA,NA,NA,NA,NA,NA,NA,NA,1175,77593,6.565,0.099,843,0.071,0.008,128.3,"tests performed",NA,NA,26.85,11818618,74.228,32.7,8.001,5.075,10849.297,2,318.991,8.52,1.1,65.8,78.687,2.3,76.7,0.735
"TUN","Africa","Tunisia","2020-07-09",1231,10,7.571,50,0,0,104.158,0.846,0.641,4.231,0,0,1.31,NA,NA,NA,NA,NA,NA,NA,NA,974,78567,6.648,0.082,809,0.068,0.009,106.9,"tests performed",NA,NA,26.85,11818618,74.228,32.7,8.001,5.075,10849.297,2,318.991,8.52,1.1,65.8,78.687,2.3,76.7,0.735
"TUN","Africa","Tunisia","2020-07-10",1240,9,8.429,50,0,0,104.919,0.762,0.713,4.231,0,0,1.32,NA,NA,NA,NA,NA,NA,NA,NA,577,79144,6.697,0.049,827,0.07,0.01,98.1,"tests performed",NA,NA,26.85,11818618,74.228,32.7,8.001,5.075,10849.297,2,318.991,8.52,1.1,65.8,78.687,2.3,76.7,0.735
"TUN","Africa","Tunisia","2020-07-11",1245,5,8.429,50,0,0,105.342,0.423,0.713,4.231,0,0,1.32,NA,NA,NA,NA,NA,NA,NA,NA,603,79747,6.748,0.051,877,0.074,0.01,104,"tests performed",NA,NA,26.85,11818618,74.228,32.7,8.001,5.075,10849.297,2,318.991,8.52,1.1,65.8,78.687,2.3,76.7,0.735
"TUN","Africa","Tunisia","2020-07-12",1263,18,10.714,50,0,0,106.865,1.523,0.907,4.231,0,0,1.33,NA,NA,NA,NA,NA,NA,NA,NA,791,80538,6.815,0.067,876,0.074,0.012,81.8,"tests performed",NA,NA,26.85,11818618,74.228,32.7,8.001,5.075,10849.297,2,318.991,8.52,1.1,65.8,78.687,2.3,76.7,0.735
"TUN","Africa","Tunisia","2020-07-13",1302,39,14.714,50,0,0,110.165,3.3,1.245,4.231,0,0,1.33,NA,NA,NA,NA,NA,NA,NA,NA,743,81281,6.877,0.063,820,0.069,0.018,55.7,"tests performed",NA,NA,26.85,11818618,74.228,32.7,8.001,5.075,10849.297,2,318.991,8.52,1.1,65.8,78.687,2.3,76.7,0.735
"TUN","Africa","Tunisia","2020-07-14",1306,4,14.429,50,0,0,110.504,0.338,1.221,4.231,0,0,1.32,NA,NA,NA,NA,NA,NA,NA,NA,1137,82418,6.974,0.096,857,0.073,0.017,59.4,"tests performed",NA,NA,26.85,11818618,74.228,32.7,8.001,5.075,10849.297,2,318.991,8.52,1.1,65.8,78.687,2.3,76.7,0.735
"TUN","Africa","Tunisia","2020-07-15",1319,13,14,50,0,0,111.604,1.1,1.185,4.231,0,0,1.31,NA,NA,NA,NA,NA,NA,NA,NA,636,83054,7.027,0.054,780,0.066,0.018,55.7,"tests performed",NA,NA,26.85,11818618,74.228,32.7,8.001,5.075,10849.297,2,318.991,8.52,1.1,65.8,78.687,2.3,76.7,0.735
"TUN","Africa","Tunisia","2020-07-16",1327,8,13.714,50,0,0,112.28,0.677,1.16,4.231,0,0,1.3,NA,NA,NA,NA,NA,NA,NA,NA,769,83823,7.092,0.065,751,0.064,0.018,54.8,"tests performed",NA,NA,26.85,11818618,74.228,32.7,8.001,5.075,10849.297,2,318.991,8.52,1.1,65.8,78.687,2.3,76.7,0.735
"TUN","Africa","Tunisia","2020-07-17",1336,9,13.714,50,0,0,113.042,0.762,1.16,4.231,0,0,1.3,NA,NA,NA,NA,NA,NA,NA,NA,422,84245,7.128,0.036,729,0.062,0.019,53.2,"tests performed",NA,NA,26.85,11818618,74.228,32.7,8.001,5.075,10849.297,2,318.991,8.52,1.1,65.8,78.687,2.3,76.7,0.735
"TUN","Africa","Tunisia","2020-07-18",1348,12,14.714,50,0,0,114.057,1.015,1.245,4.231,0,0,1.29,NA,NA,NA,NA,NA,NA,NA,NA,846,85091,7.2,0.072,763,0.065,0.019,51.9,"tests performed",NA,NA,26.85,11818618,74.228,32.7,8.001,5.075,10849.297,2,318.991,8.52,1.1,65.8,78.687,2.3,76.7,0.735
"TUN","Africa","Tunisia","2020-07-19",1374,26,15.857,50,0,0,116.257,2.2,1.342,4.231,0,0,1.29,NA,NA,NA,NA,NA,NA,NA,NA,826,85917,7.27,0.07,768,0.065,0.021,48.4,"tests performed",NA,NA,26.85,11818618,74.228,32.7,8.001,5.075,10849.297,2,318.991,8.52,1.1,65.8,78.687,2.3,76.7,0.735
"TUN","Africa","Tunisia","2020-07-20",1381,7,11.286,50,0,0,116.85,0.592,0.955,4.231,0,0,1.29,NA,NA,NA,NA,NA,NA,NA,NA,945,86862,7.35,0.08,797,0.067,0.014,70.6,"tests performed",NA,NA,26.85,11818618,74.228,32.7,8.001,5.075,10849.297,2,318.991,8.52,1.1,65.8,78.687,2.3,76.7,0.735
"TUN","Africa","Tunisia","2020-07-21",1389,8,11.857,50,0,0,117.526,0.677,1.003,4.231,0,0,1.28,NA,NA,NA,NA,NA,NA,NA,NA,999,87861,7.434,0.085,778,0.066,0.015,65.6,"tests performed",NA,NA,26.85,11818618,74.228,32.7,8.001,5.075,10849.297,2,318.991,8.52,1.1,65.8,78.687,2.3,76.7,0.735
"TUN","Africa","Tunisia","2020-07-22",1394,5,10.714,50,0,0,117.949,0.423,0.907,4.231,0,0,1.28,NA,NA,NA,NA,NA,NA,NA,NA,1457,89318,7.557,0.123,895,0.076,0.012,83.5,"tests performed",NA,NA,26.85,11818618,74.228,32.7,8.001,5.075,10849.297,2,318.991,8.52,1.1,65.8,78.687,2.3,76.7,0.735
"TUN","Africa","Tunisia","2020-07-23",1406,12,11.286,50,0,0,118.965,1.015,0.955,4.231,0,0,1.29,NA,NA,NA,NA,NA,NA,NA,NA,530,89848,7.602,0.045,861,0.073,0.013,76.3,"tests performed",NA,NA,26.85,11818618,74.228,32.7,8.001,5.075,10849.297,2,318.991,8.52,1.1,65.8,78.687,2.3,76.7,0.735
"TUN","Africa","Tunisia","2020-07-24",1425,19,12.714,50,0,0,120.572,1.608,1.076,4.231,0,0,1.29,NA,NA,NA,NA,NA,NA,NA,NA,327,90175,7.63,0.028,847,0.072,0.015,66.6,"tests performed",NA,NA,26.85,11818618,74.228,32.7,8.001,5.075,10849.297,2,318.991,8.52,1.1,65.8,78.687,2.3,76.7,0.735
"TUN","Africa","Tunisia","2020-07-25",1443,18,13.571,50,0,0,122.095,1.523,1.148,4.231,0,0,1.3,NA,NA,NA,NA,NA,NA,NA,NA,1081,91256,7.721,0.091,881,0.075,0.015,64.9,"tests performed",NA,NA,26.85,11818618,74.228,32.7,8.001,5.075,10849.297,2,318.991,8.52,1.1,65.8,78.687,2.3,76.7,0.735
"TUN","Africa","Tunisia","2020-07-26",1452,9,11.143,50,0,0,122.857,0.762,0.943,4.231,0,0,1.3,NA,NA,NA,NA,NA,NA,NA,NA,1454,92710,7.844,0.123,970,0.082,0.011,87.1,"tests performed",NA,NA,26.85,11818618,74.228,32.7,8.001,5.075,10849.297,2,318.991,8.52,1.1,65.8,78.687,2.3,76.7,0.735
"TUN","Africa","Tunisia","2020-07-27",1455,3,10.571,50,0,0,123.111,0.254,0.894,4.231,0,0,1.31,NA,NA,NA,NA,NA,NA,NA,NA,1561,94271,7.976,0.132,1058,0.09,0.01,100.1,"tests performed",NA,NA,26.85,11818618,74.228,32.7,8.001,5.075,10849.297,2,318.991,8.52,1.1,65.8,78.687,2.3,76.7,0.735
"TUN","Africa","Tunisia","2020-07-28",1468,13,11.286,50,0,0,124.211,1.1,0.955,4.231,0,0,1.32,NA,NA,NA,NA,NA,NA,NA,NA,1587,95858,8.111,0.134,1142,0.097,0.01,101.2,"tests performed",NA,NA,26.85,11818618,74.228,32.7,8.001,5.075,10849.297,2,318.991,8.52,1.1,65.8,78.687,2.3,76.7,0.735
"TUN","Africa","Tunisia","2020-07-29",1488,20,13.429,50,0,0,125.903,1.692,1.136,4.231,0,0,1.33,NA,NA,NA,NA,NA,NA,NA,NA,331,96189,8.139,0.028,982,0.083,0.014,73.1,"tests performed",NA,NA,26.85,11818618,74.228,32.7,8.001,5.075,10849.297,2,318.991,8.52,1.1,65.8,78.687,2.3,76.7,0.735
"TUN","Africa","Tunisia","2020-07-30",1514,26,15.429,50,0,0,128.103,2.2,1.305,4.231,0,0,1.33,NA,NA,NA,NA,NA,NA,NA,NA,99,96288,8.147,0.008,920,0.078,0.017,59.6,"tests performed",NA,NA,26.85,11818618,74.228,32.7,8.001,5.075,10849.297,2,318.991,8.52,1.1,65.8,78.687,2.3,76.7,0.735
"TUN","Africa","Tunisia","2020-07-31",1535,21,15.714,50,0,0,129.88,1.777,1.33,4.231,0,0,1.34,NA,NA,NA,NA,NA,NA,NA,NA,249,96537,8.168,0.021,909,0.077,0.017,57.8,"tests performed",NA,NA,26.85,11818618,74.228,32.7,8.001,5.075,10849.297,2,318.991,8.52,1.1,65.8,78.687,2.3,76.7,0.735
"TUN","Africa","Tunisia","2020-08-01",1552,17,15.571,51,1,0.143,131.318,1.438,1.318,4.315,0.085,0.012,1.34,NA,NA,NA,NA,NA,NA,NA,NA,708,97245,8.228,0.06,856,0.072,0.018,55,"tests performed",NA,NA,26.85,11818618,74.228,32.7,8.001,5.075,10849.297,2,318.991,8.52,1.1,65.8,78.687,2.3,76.7,0.735
"TUN","Africa","Tunisia","2020-08-02",1561,9,15.571,51,0,0.143,132.08,0.762,1.318,4.315,0,0.012,1.35,NA,NA,NA,NA,NA,NA,NA,NA,1578,98823,8.362,0.134,873,0.074,0.018,56.1,"tests performed",NA,NA,26.85,11818618,74.228,32.7,8.001,5.075,10849.297,2,318.991,8.52,1.1,65.8,78.687,2.3,76.7,0.735
"TUN","Africa","Tunisia","2020-08-03",1565,4,15.714,51,0,0.143,132.418,0.338,1.33,4.315,0,0.012,1.36,NA,NA,NA,NA,NA,NA,NA,NA,1475,100298,8.486,0.125,861,0.073,0.018,54.8,"tests performed",NA,NA,26.85,11818618,74.228,32.7,8.001,5.075,10849.297,2,318.991,8.52,1.1,65.8,78.687,2.3,76.7,0.735
"TUN","Africa","Tunisia","2020-08-04",1584,19,16.571,51,0,0.143,134.026,1.608,1.402,4.315,0,0.012,1.37,NA,NA,NA,NA,NA,NA,NA,NA,1743,102041,8.634,0.147,883,0.075,0.019,53.3,"tests performed",NA,NA,26.85,11818618,74.228,32.7,8.001,5.075,10849.297,2,318.991,8.52,1.1,65.8,78.687,2.3,76.7,0.735
"TUN","Africa","Tunisia","2020-08-05",1601,17,16.143,51,0,0.143,135.464,1.438,1.366,4.315,0,0.012,1.39,NA,NA,NA,NA,NA,NA,NA,NA,1382,103423,8.751,0.117,1033,0.087,0.016,64,"tests performed",NA,NA,26.85,11818618,74.228,32.7,8.001,5.075,10849.297,2,318.991,8.52,1.1,65.8,78.687,2.3,76.7,0.735
"TUN","Africa","Tunisia","2020-08-06",1642,41,18.286,51,0,0.143,138.933,3.469,1.547,4.315,0,0.012,1.4,NA,NA,NA,NA,NA,NA,NA,NA,1283,104706,8.859,0.109,1203,0.102,0.015,65.8,"tests performed",NA,NA,26.85,11818618,74.228,32.7,8.001,5.075,10849.297,2,318.991,8.52,1.1,65.8,78.687,2.3,76.7,0.735
"TUN","Africa","Tunisia","2020-08-07",1656,14,17.286,51,0,0.143,140.118,1.185,1.463,4.315,0,0.012,1.41,NA,NA,NA,NA,NA,NA,NA,NA,650,105356,8.914,0.055,1260,0.107,0.014,72.9,"tests performed",NA,NA,24.07,11818618,74.228,32.7,8.001,5.075,10849.297,2,318.991,8.52,1.1,65.8,78.687,2.3,76.7,0.735
"TUN","Africa","Tunisia","2020-08-08",1678,22,18,51,0,0,141.979,1.861,1.523,4.315,0,0,1.42,NA,NA,NA,NA,NA,NA,NA,NA,976,106332,8.997,0.083,1298,0.11,0.014,72.1,"tests performed",NA,NA,24.07,11818618,74.228,32.7,8.001,5.075,10849.297,2,318.991,8.52,1.1,65.8,78.687,2.3,76.7,0.735
"TUN","Africa","Tunisia","2020-08-09",1697,19,19.429,51,0,0,143.587,1.608,1.644,4.315,0,0,1.44,NA,NA,NA,NA,NA,NA,NA,NA,1202,107534,9.099,0.102,1244,0.105,0.016,64,"tests performed",NA,NA,24.07,11818618,74.228,32.7,8.001,5.075,10849.297,2,318.991,8.52,1.1,65.8,78.687,2.3,76.7,0.735
"TUN","Africa","Tunisia","2020-08-10",1717,20,21.714,51,0,0,145.279,1.692,1.837,4.315,0,0,1.45,NA,NA,NA,NA,NA,NA,NA,NA,1289,108823,9.208,0.109,1218,0.103,0.018,56.1,"tests performed",NA,NA,24.07,11818618,74.228,32.7,8.001,5.075,10849.297,2,318.991,8.52,1.1,65.8,78.687,2.3,76.7,0.735
"TUN","Africa","Tunisia","2020-08-11",1738,21,22,52,1,0.143,147.056,1.777,1.861,4.4,0.085,0.012,1.47,NA,NA,NA,NA,NA,NA,NA,NA,1200,110023,9.309,0.102,1140,0.096,0.019,51.8,"tests performed",NA,NA,24.07,11818618,74.228,32.7,8.001,5.075,10849.297,2,318.991,8.52,1.1,65.8,78.687,2.3,76.7,0.735
"TUN","Africa","Tunisia","2020-08-12",1780,42,25.571,52,0,0.143,150.61,3.554,2.164,4.4,0,0.012,1.49,NA,NA,NA,NA,NA,NA,NA,NA,1494,111517,9.436,0.126,1156,0.098,0.022,45.2,"tests performed",NA,NA,24.07,11818618,74.228,32.7,8.001,5.075,10849.297,2,318.991,8.52,1.1,65.8,78.687,2.3,76.7,0.735
"TUN","Africa","Tunisia","2020-08-13",1847,67,29.286,53,1,0.286,156.279,5.669,2.478,4.484,0.085,0.024,1.51,NA,NA,NA,NA,NA,NA,NA,NA,1508,113025,9.563,0.128,1188,0.101,0.025,40.6,"tests performed",NA,NA,24.07,11818618,74.228,32.7,8.001,5.075,10849.297,2,318.991,8.52,1.1,65.8,78.687,2.3,76.7,0.735
"TUN","Africa","Tunisia","2020-08-14",1903,56,35.286,53,0,0.286,161.017,4.738,2.986,4.484,0,0.024,1.52,NA,NA,NA,NA,NA,NA,NA,NA,947,113972,9.643,0.08,1231,0.104,0.029,34.9,"tests performed",NA,NA,24.07,11818618,74.228,32.7,8.001,5.075,10849.297,2,318.991,8.52,1.1,65.8,78.687,2.3,76.7,0.735
"TUN","Africa","Tunisia","2020-08-15",2023,120,49.286,54,1,0.429,171.171,10.153,4.17,4.569,0.085,0.036,1.52,NA,NA,NA,NA,NA,NA,NA,NA,1404,115376,9.762,0.119,1292,0.109,0.038,26.2,"tests performed",NA,NA,24.07,11818618,74.228,32.7,8.001,5.075,10849.297,2,318.991,8.52,1.1,65.8,78.687,2.3,76.7,0.735
"TUN","Africa","Tunisia","2020-08-16",2107,84,58.571,54,0,0.429,178.278,7.107,4.956,4.569,0,0.036,1.52,NA,NA,NA,NA,NA,NA,NA,NA,1710,117086,9.907,0.145,1365,0.115,0.043,23.3,"tests performed",NA,NA,24.07,11818618,74.228,32.7,8.001,5.075,10849.297,2,318.991,8.52,1.1,65.8,78.687,2.3,76.7,0.735
"TUN","Africa","Tunisia","2020-08-17",2185,78,66.857,56,2,0.714,184.878,6.6,5.657,4.738,0.169,0.06,1.51,NA,NA,NA,NA,NA,NA,NA,NA,2107,119193,10.085,0.178,1481,0.125,0.045,22.2,"tests performed",NA,NA,24.07,11818618,74.228,32.7,8.001,5.075,10849.297,2,318.991,8.52,1.1,65.8,78.687,2.3,76.7,0.735
"TUN","Africa","Tunisia","2020-08-18",2314,129,82.286,57,1,0.714,195.793,10.915,6.962,4.823,0.085,0.06,1.51,NA,NA,NA,NA,NA,NA,NA,NA,1699,120892,10.229,0.144,1553,0.131,0.053,18.9,"tests performed",NA,NA,24.07,11818618,74.228,32.7,8.001,5.075,10849.297,2,318.991,8.52,1.1,65.8,78.687,2.3,76.7,0.735
"TUN","Africa","Tunisia","2020-08-19",2427,113,92.429,60,3,1.143,205.354,9.561,7.821,5.077,0.254,0.097,1.5,NA,NA,NA,NA,NA,NA,NA,NA,2007,122899,10.399,0.17,1626,0.138,0.057,17.6,"tests performed",NA,NA,24.07,11818618,74.228,32.7,8.001,5.075,10849.297,2,318.991,8.52,1.1,65.8,78.687,2.3,76.7,0.735
"TUN","Africa","Tunisia","2020-08-20",2543,116,99.429,63,3,1.429,215.169,9.815,8.413,5.331,0.254,0.121,1.49,NA,NA,NA,NA,NA,NA,NA,NA,2236,125135,10.588,0.189,1730,0.146,0.057,17.4,"tests performed",NA,NA,24.07,11818618,74.228,32.7,8.001,5.075,10849.297,2,318.991,8.52,1.1,65.8,78.687,2.3,76.7,0.735
"TUN","Africa","Tunisia","2020-08-21",2607,64,100.571,64,1,1.571,220.584,5.415,8.51,5.415,0.085,0.133,1.48,NA,NA,NA,NA,NA,NA,NA,NA,1461,126596,10.712,0.124,1803,0.153,0.056,17.9,"tests performed",NA,NA,24.07,11818618,74.228,32.7,8.001,5.075,10849.297,2,318.991,8.52,1.1,65.8,78.687,2.3,76.7,0.735
"TUN","Africa","Tunisia","2020-08-22",2738,131,102.143,68,4,2,231.668,11.084,8.643,5.754,0.338,0.169,1.47,NA,NA,NA,NA,NA,NA,NA,NA,2508,129104,10.924,0.212,1961,0.166,0.052,19.2,"tests performed",NA,NA,24.07,11818618,74.228,32.7,8.001,5.075,10849.297,2,318.991,8.52,1.1,65.8,78.687,2.3,76.7,0.735
"TUN","Africa","Tunisia","2020-08-23",2818,80,101.571,71,3,2.429,238.437,6.769,8.594,6.007,0.254,0.205,1.46,NA,NA,NA,NA,NA,NA,NA,NA,2251,131355,11.114,0.19,2038,0.172,0.05,20.1,"tests performed",NA,NA,24.07,11818618,74.228,32.7,8.001,5.075,10849.297,2,318.991,8.52,1.1,65.8,78.687,2.3,76.7,0.735
"TUN","Africa","Tunisia","2020-08-24",2893,75,101.143,71,0,2.143,244.783,6.346,8.558,6.007,0,0.181,1.46,NA,NA,NA,NA,NA,NA,NA,NA,2589,133944,11.333,0.219,2107,0.178,0.048,20.8,"tests performed",NA,NA,24.07,11818618,74.228,32.7,8.001,5.075,10849.297,2,318.991,8.52,1.1,65.8,78.687,2.3,76.7,0.735
"TUN","Africa","Tunisia","2020-08-25",3069,176,107.857,71,0,2,259.675,14.892,9.126,6.007,0,0.169,1.45,NA,NA,NA,NA,NA,NA,NA,NA,2997,136941,11.587,0.254,2293,0.194,0.047,21.3,"tests performed",NA,NA,24.07,11818618,74.228,32.7,8.001,5.075,10849.297,2,318.991,8.52,1.1,65.8,78.687,2.3,76.7,0.735
"TUN","Africa","Tunisia","2020-08-26",3206,137,111.286,71,0,1.571,271.267,11.592,9.416,6.007,0,0.133,1.45,NA,NA,NA,NA,NA,NA,NA,NA,2586,139527,11.806,0.219,2375,0.201,0.047,21.3,"tests performed",NA,NA,24.07,11818618,74.228,32.7,8.001,5.075,10849.297,2,318.991,8.52,1.1,65.8,78.687,2.3,76.7,0.735
"TUN","Africa","Tunisia","2020-08-27",3323,117,111.429,73,2,1.429,281.167,9.9,9.428,6.177,0.169,0.121,1.44,NA,NA,NA,NA,NA,NA,NA,NA,2667,142194,12.031,0.226,2437,0.206,0.046,21.9,"tests performed",NA,NA,24.07,11818618,74.228,32.7,8.001,5.075,10849.297,2,318.991,8.52,1.1,65.8,78.687,2.3,76.7,0.735
"TUN","Africa","Tunisia","2020-08-28",3461,138,122,74,1,1.429,292.843,11.676,10.323,6.261,0.085,0.121,1.44,NA,NA,NA,NA,NA,NA,NA,NA,1848,144042,12.188,0.156,2492,0.211,0.049,20.4,"tests performed",NA,NA,24.07,11818618,74.228,32.7,8.001,5.075,10849.297,2,318.991,8.52,1.1,65.8,78.687,2.3,76.7,0.735
"TUN","Africa","Tunisia","2020-08-29",3572,111,119.143,76,2,1.143,302.235,9.392,10.081,6.431,0.169,0.097,1.44,NA,NA,NA,NA,NA,NA,NA,NA,2265,146307,12.379,0.192,2458,0.208,0.048,20.6,"tests performed",NA,NA,26.85,11818618,74.228,32.7,8.001,5.075,10849.297,2,318.991,8.52,1.1,65.8,78.687,2.3,76.7,0.735
"TUN","Africa","Tunisia","2020-08-30",3685,113,123.857,76,0,0.714,311.796,9.561,10.48,6.431,0,0.06,1.44,NA,NA,NA,NA,NA,NA,NA,NA,1905,148212,12.541,0.161,2408,0.204,0.051,19.4,"tests performed",NA,NA,26.85,11818618,74.228,32.7,8.001,5.075,10849.297,2,318.991,8.52,1.1,65.8,78.687,2.3,76.7,0.735
"TUN","Africa","Tunisia","2020-08-31",3803,118,130,77,1,0.857,321.78,9.984,11,6.515,0.085,0.073,1.44,NA,NA,NA,NA,NA,NA,NA,NA,2583,150795,12.759,0.219,2407,0.204,0.054,18.5,"tests performed",NA,NA,26.85,11818618,74.228,32.7,8.001,5.075,10849.297,2,318.991,8.52,1.1,65.8,78.687,2.3,76.7,0.735
"TUN","Africa","Tunisia","2020-09-01",3963,160,127.714,80,3,1.286,335.318,13.538,10.806,6.769,0.254,0.109,1.44,NA,NA,NA,NA,NA,NA,NA,NA,2597,153392,12.979,0.22,2350,0.199,0.054,18.4,"tests performed",NA,NA,26.85,11818618,74.228,32.7,8.001,5.075,10849.297,2,318.991,8.52,1.1,65.8,78.687,2.3,76.7,0.735
"TUN","Africa","Tunisia","2020-09-02",4196,233,141.429,81,1,1.429,355.033,19.715,11.967,6.854,0.085,0.121,1.44,NA,NA,NA,NA,NA,NA,NA,NA,2470,155862,13.188,0.209,2334,0.197,0.061,16.5,"tests performed",NA,NA,26.85,11818618,74.228,32.7,8.001,5.075,10849.297,2,318.991,8.52,1.1,65.8,78.687,2.3,76.7,0.735
"TUN","Africa","Tunisia","2020-09-03",4394,198,153,84,3,1.571,371.786,16.753,12.946,7.107,0.254,0.133,1.44,NA,NA,NA,NA,NA,NA,NA,NA,2817,158679,13.426,0.238,2355,0.199,0.065,15.4,"tests performed",NA,NA,26.85,11818618,74.228,32.7,8.001,5.075,10849.297,2,318.991,8.52,1.1,65.8,78.687,2.3,76.7,0.735
"TUN","Africa","Tunisia","2020-09-04",4542,148,154.429,87,3,1.857,384.309,12.523,13.067,7.361,0.254,0.157,1.44,NA,NA,NA,NA,NA,NA,NA,NA,918,159597,13.504,0.078,2222,0.188,0.07,14.4,"tests performed",NA,NA,26.85,11818618,74.228,32.7,8.001,5.075,10849.297,2,318.991,8.52,1.1,65.8,78.687,2.3,76.7,0.735
"TUN","Africa","Tunisia","2020-09-05",4776,234,172,93,6,2.429,404.108,19.799,14.553,7.869,0.508,0.205,1.44,NA,NA,NA,NA,NA,NA,NA,NA,2603,162200,13.724,0.22,2270,0.192,0.076,13.2,"tests performed",NA,NA,26.85,11818618,74.228,32.7,8.001,5.075,10849.297,2,318.991,8.52,1.1,65.8,78.687,2.3,76.7,0.735
"TUN","Africa","Tunisia","2020-09-06",5041,265,193.714,93,0,2.429,426.53,22.422,16.391,7.869,0,0.205,1.44,NA,NA,NA,NA,NA,NA,NA,NA,3223,165423,13.997,0.273,2459,0.208,0.079,12.7,"tests performed",NA,NA,26.85,11818618,74.228,32.7,8.001,5.075,10849.297,2,318.991,8.52,1.1,65.8,78.687,2.3,76.7,0.735
"TUN","Africa","Tunisia","2020-09-07",5124,83,188.714,94,1,2.429,433.553,7.023,15.968,7.954,0.085,0.205,1.44,NA,NA,NA,NA,NA,NA,NA,NA,3052,168475,14.255,0.258,2526,0.214,0.075,13.4,"tests performed",NA,NA,26.85,11818618,74.228,32.7,8.001,5.075,10849.297,2,318.991,8.52,1.1,65.8,78.687,2.3,76.7,0.735
"TUN","Africa","Tunisia","2020-09-08",5417,293,207.714,96,2,2.286,458.345,24.791,17.575,8.123,0.169,0.193,1.45,NA,NA,NA,NA,NA,NA,NA,NA,3311,171786,14.535,0.28,2628,0.222,0.079,12.7,"tests performed",NA,NA,26.85,11818618,74.228,32.7,8.001,5.075,10849.297,2,318.991,8.52,1.1,65.8,78.687,2.3,76.7,0.735
"TUN","Africa","Tunisia","2020-09-09",5417,0,174.429,96,0,2.143,458.345,0,14.759,8.123,0,0.181,1.45,NA,NA,NA,NA,NA,NA,NA,NA,6118,177904,15.053,0.518,3149,0.266,0.055,18.1,"tests performed",NA,NA,26.85,11818618,74.228,32.7,8.001,5.075,10849.297,2,318.991,8.52,1.1,65.8,78.687,2.3,76.7,0.735
"TUN","Africa","Tunisia","2020-09-10",5882,465,212.571,99,3,2.143,497.689,39.345,17.986,8.377,0.254,0.181,1.46,NA,NA,NA,NA,NA,NA,NA,NA,1131,179035,15.149,0.096,2908,0.246,0.073,13.7,"tests performed",NA,NA,26.85,11818618,74.228,32.7,8.001,5.075,10849.297,2,318.991,8.52,1.1,65.8,78.687,2.3,76.7,0.735
"TUN","Africa","Tunisia","2020-09-11",6259,377,245.286,103,4,2.286,529.588,31.899,20.754,8.715,0.338,0.193,1.47,NA,NA,NA,NA,NA,NA,NA,NA,NA,NA,NA,NA,3310,0.28,0.074,13.5,"tests performed",NA,NA,26.85,11818618,74.228,32.7,8.001,5.075,10849.297,2,318.991,8.52,1.1,65.8,78.687,2.3,76.7,0.735
"TUN","Africa","Tunisia","2020-09-12",6635,376,265.571,107,4,2,561.402,31.814,22.471,9.054,0.338,0.169,1.47,NA,NA,NA,NA,NA,NA,NA,NA,NA,NA,NA,NA,3472,0.294,0.076,13.1,"tests performed",NA,NA,26.85,11818618,74.228,32.7,8.001,5.075,10849.297,2,318.991,8.52,1.1,65.8,78.687,2.3,76.7,0.735
"TUN","Africa","Tunisia","2020-09-13",6635,0,227.714,107,0,2,561.402,0,19.267,9.054,0,0.169,1.47,NA,NA,NA,NA,NA,NA,NA,NA,NA,190241,16.097,NA,3545,0.3,0.064,15.6,"tests performed",NA,NA,26.85,11818618,74.228,32.7,8.001,5.075,10849.297,2,318.991,8.52,1.1,65.8,78.687,2.3,76.7,0.735
"TUN","Africa","Tunisia","2020-09-14",7382,747,322.571,117,10,3.286,624.608,63.205,27.293,9.9,0.846,0.278,1.47,NA,NA,NA,NA,NA,NA,NA,NA,3886,194127,16.426,0.329,3665,0.31,0.088,11.4,"tests performed",NA,NA,26.85,11818618,74.228,32.7,8.001,5.075,10849.297,2,318.991,8.52,1.1,65.8,78.687,2.3,76.7,0.735
"TUN","Africa","Tunisia","2020-09-15",7623,241,315.143,123,6,3.857,644.999,20.392,26.665,10.407,0.508,0.326,1.47,NA,NA,NA,NA,NA,NA,NA,NA,6332,200459,16.961,0.536,4096,0.347,0.077,13,"tests performed",NA,NA,23.15,11818618,74.228,32.7,8.001,5.075,10849.297,2,318.991,8.52,1.1,65.8,78.687,2.3,76.7,0.735
"TUN","Africa","Tunisia","2020-09-16",8100,477,383.286,129,6,4.714,685.359,40.36,32.431,10.915,0.508,0.399,1.47,NA,NA,NA,NA,NA,NA,NA,NA,2592,203051,17.181,0.219,3592,0.304,0.107,9.4,"tests performed",NA,NA,23.15,11818618,74.228,32.7,8.001,5.075,10849.297,2,318.991,8.52,1.1,65.8,78.687,2.3,76.7,0.735
"TUN","Africa","Tunisia","2020-09-17",8570,470,384,133,4,4.857,725.127,39.768,32.491,11.253,0.338,0.411,1.47,NA,NA,NA,NA,NA,NA,NA,NA,NA,NA,NA,NA,3780,0.32,0.102,9.8,"tests performed",NA,NA,23.15,11818618,74.228,32.7,8.001,5.075,10849.297,2,318.991,8.52,1.1,65.8,78.687,2.3,76.7,0.735
"TUN","Africa","Tunisia","2020-09-18",8570,0,330.143,133,0,4.286,725.127,0,27.934,11.253,0,0.363,1.47,NA,NA,NA,NA,NA,NA,NA,NA,NA,NA,NA,NA,3595,0.304,0.092,10.9,"tests performed",NA,NA,23.15,11818618,74.228,32.7,8.001,5.075,10849.297,2,318.991,8.52,1.1,65.8,78.687,2.3,76.7,0.735
"TUN","Africa","Tunisia","2020-09-19",9110,540,353.571,138,5,4.429,770.818,45.691,29.916,11.676,0.423,0.375,1.48,NA,NA,NA,NA,NA,NA,NA,NA,NA,NA,NA,NA,3410,0.289,0.104,9.6,"tests performed",NA,NA,23.15,11818618,74.228,32.7,8.001,5.075,10849.297,2,318.991,8.52,1.1,65.8,78.687,2.3,76.7,0.735
"TUN","Africa","Tunisia","2020-09-20",10732,1622,585.286,159,21,7.429,908.059,137.241,49.522,13.453,1.777,0.629,1.48,NA,NA,NA,NA,NA,NA,NA,NA,NA,NA,NA,NA,3226,0.273,0.181,5.5,"tests performed",NA,NA,23.15,11818618,74.228,32.7,8.001,5.075,10849.297,2,318.991,8.52,1.1,65.8,78.687,2.3,76.7,0.735
"TUN","Africa","Tunisia","2020-09-21",11260,528,554,164,5,6.714,952.734,44.675,46.875,13.876,0.423,0.568,1.47,NA,NA,NA,NA,NA,NA,NA,NA,NA,NA,NA,NA,3019,0.255,0.184,5.4,"tests performed",NA,NA,23.15,11818618,74.228,32.7,8.001,5.075,10849.297,2,318.991,8.52,1.1,65.8,78.687,2.3,76.7,0.735
"TUN","Africa","Tunisia","2020-09-22",11260,0,519.571,164,0,5.857,952.734,0,43.962,13.876,0,0.496,1.46,NA,NA,NA,NA,NA,NA,NA,NA,NA,NA,NA,NA,2464,0.208,0.211,4.7,"tests performed",NA,NA,23.15,11818618,74.228,32.7,8.001,5.075,10849.297,2,318.991,8.52,1.1,65.8,78.687,2.3,76.7,0.735
"TUN","Africa","Tunisia","2020-09-23",12479,1219,625.571,174,10,6.429,1055.876,103.142,52.931,14.723,0.846,0.544,1.45,NA,NA,NA,NA,NA,NA,NA,NA,NA,NA,NA,NA,2442,0.207,0.256,3.9,"tests performed",NA,NA,23.15,11818618,74.228,32.7,8.001,5.075,10849.297,2,318.991,8.52,1.1,65.8,78.687,2.3,76.7,0.735
"TUN","Africa","Tunisia","2020-09-24",13305,826,676.429,180,6,6.714,1125.766,69.89,57.234,15.23,0.508,0.568,1.45,NA,NA,NA,NA,NA,NA,NA,NA,NA,NA,NA,NA,2442,0.207,0.277,3.6,"tests performed",NA,NA,23.15,11818618,74.228,32.7,8.001,5.075,10849.297,2,318.991,8.52,1.1,65.8,78.687,2.3,76.7,0.735
"TUN","Africa","Tunisia","2020-09-25",14392,1087,831.714,191,11,8.286,1217.74,91.974,70.373,16.161,0.931,0.701,1.44,NA,NA,NA,NA,NA,NA,NA,NA,NA,225033,19.041,NA,2442,0.207,0.341,2.9,"tests performed",NA,NA,23.15,11818618,74.228,32.7,8.001,5.075,10849.297,2,318.991,8.52,1.1,65.8,78.687,2.3,76.7,0.735
"TUN","Africa","Tunisia","2020-09-26",14392,0,754.571,191,0,7.571,1217.74,0,63.846,16.161,0,0.641,1.43,NA,NA,NA,NA,NA,NA,NA,NA,NA,NA,NA,NA,NA,NA,NA,NA,"",NA,NA,23.15,11818618,74.228,32.7,8.001,5.075,10849.297,2,318.991,8.52,1.1,65.8,78.687,2.3,76.7,0.735
"TUN","Africa","Tunisia","2020-09-27",16114,1722,768.857,214,23,7.857,1363.442,145.702,65.055,18.107,1.946,0.665,1.42,NA,NA,NA,NA,NA,NA,NA,NA,NA,NA,NA,NA,NA,NA,NA,NA,"",NA,NA,23.15,11818618,74.228,32.7,8.001,5.075,10849.297,2,318.991,8.52,1.1,65.8,78.687,2.3,76.7,0.735
"TUN","Africa","Tunisia","2020-09-28",16114,0,693.429,214,0,7.143,1363.442,0,58.673,18.107,0,0.604,1.41,NA,NA,NA,NA,NA,NA,NA,NA,NA,NA,NA,NA,NA,NA,NA,NA,"",NA,NA,23.15,11818618,74.228,32.7,8.001,5.075,10849.297,2,318.991,8.52,1.1,65.8,78.687,2.3,76.7,0.735
"TUN","Africa","Tunisia","2020-09-29",17405,1291,877.857,246,32,11.714,1472.676,109.234,74.277,20.815,2.708,0.991,1.4,NA,NA,NA,NA,NA,NA,NA,NA,NA,NA,NA,NA,NA,NA,NA,NA,"",NA,NA,23.15,11818618,74.228,32.7,8.001,5.075,10849.297,2,318.991,8.52,1.1,65.8,78.687,2.3,76.7,0.735
"TUN","Africa","Tunisia","2020-09-30",18413,1008,847.714,265,19,13,1557.966,85.289,71.727,22.422,1.608,1.1,1.39,NA,NA,NA,NA,NA,NA,NA,NA,NA,NA,NA,NA,NA,NA,NA,NA,"",NA,NA,23.15,11818618,74.228,32.7,8.001,5.075,10849.297,2,318.991,8.52,1.1,65.8,78.687,2.3,76.7,0.735
"TUN","Africa","Tunisia","2020-10-01",18413,0,729.714,265,0,12.143,1557.966,0,61.743,22.422,0,1.027,1.39,NA,NA,NA,NA,NA,NA,NA,NA,NA,NA,NA,NA,NA,NA,NA,NA,"",NA,NA,23.15,11818618,74.228,32.7,8.001,5.075,10849.297,2,318.991,8.52,1.1,65.8,78.687,2.3,76.7,0.735
"TUN","Africa","Tunisia","2020-10-02",19721,1308,761.286,271,6,11.429,1668.638,110.673,64.414,22.93,0.508,0.967,1.38,NA,NA,NA,NA,NA,NA,NA,NA,NA,NA,NA,NA,NA,NA,NA,NA,"",NA,NA,23.15,11818618,74.228,32.7,8.001,5.075,10849.297,2,318.991,8.52,1.1,65.8,78.687,2.3,76.7,0.735
"TUN","Africa","Tunisia","2020-10-03",20944,1223,936,276,5,12.143,1772.119,103.481,79.197,23.353,0.423,1.027,1.38,NA,NA,NA,NA,NA,NA,NA,NA,NA,NA,NA,NA,NA,NA,NA,NA,"",NA,NA,49.07,11818618,74.228,32.7,8.001,5.075,10849.297,2,318.991,8.52,1.1,65.8,78.687,2.3,76.7,0.735
"TUN","Africa","Tunisia","2020-10-04",22230,1286,873.714,321,45,15.286,1880.931,108.811,73.927,27.161,3.808,1.293,1.37,NA,NA,NA,NA,NA,NA,NA,NA,NA,NA,NA,NA,NA,NA,NA,NA,"",NA,NA,49.07,11818618,74.228,32.7,8.001,5.075,10849.297,2,318.991,8.52,1.1,65.8,78.687,2.3,76.7,0.735
"TUN","Africa","Tunisia","2020-10-05",22230,0,873.714,321,0,15.286,1880.931,0,73.927,27.161,0,1.293,1.37,NA,NA,NA,NA,NA,NA,NA,NA,NA,NA,NA,NA,NA,NA,NA,NA,"",NA,NA,49.07,11818618,74.228,32.7,8.001,5.075,10849.297,2,318.991,8.52,1.1,65.8,78.687,2.3,76.7,0.735
"TUN","Africa","Tunisia","2020-10-06",22230,0,689.286,321,0,10.714,1880.931,0,58.322,27.161,0,0.907,1.37,NA,NA,NA,NA,NA,NA,NA,NA,NA,NA,NA,NA,NA,NA,NA,NA,"",NA,NA,49.07,11818618,74.228,32.7,8.001,5.075,10849.297,2,318.991,8.52,1.1,65.8,78.687,2.3,76.7,0.735
"TUN","Africa","Tunisia","2020-10-07",24542,2312,875.571,364,43,14.143,2076.554,195.624,74.084,30.799,3.638,1.197,1.37,NA,NA,NA,NA,NA,NA,NA,NA,NA,NA,NA,NA,NA,NA,NA,NA,"",NA,NA,49.07,11818618,74.228,32.7,8.001,5.075,10849.297,2,318.991,8.52,1.1,65.8,78.687,2.3,76.7,0.735
"TUN","Africa","Tunisia","2020-10-08",26899,2357,1212.286,409,45,20.571,2275.985,199.431,102.574,34.606,3.808,1.741,1.37,NA,NA,NA,NA,NA,NA,NA,NA,NA,NA,NA,NA,NA,NA,NA,NA,"",NA,NA,54.63,11818618,74.228,32.7,8.001,5.075,10849.297,2,318.991,8.52,1.1,65.8,78.687,2.3,76.7,0.735
"TUN","Africa","Tunisia","2020-10-09",26899,0,1025.429,409,0,19.714,2275.985,0,86.764,34.606,0,1.668,1.36,NA,NA,NA,NA,NA,NA,NA,NA,NA,NA,NA,NA,NA,NA,NA,NA,"",NA,NA,54.63,11818618,74.228,32.7,8.001,5.075,10849.297,2,318.991,8.52,1.1,65.8,78.687,2.3,76.7,0.735
"TUN","Africa","Tunisia","2020-10-10",31259,4360,1473.571,456,47,25.714,2644.895,368.909,124.682,38.583,3.977,2.176,1.36,NA,NA,NA,NA,NA,NA,NA,NA,NA,NA,NA,NA,NA,NA,NA,NA,"",NA,NA,54.63,11818618,74.228,32.7,8.001,5.075,10849.297,2,318.991,8.52,1.1,65.8,78.687,2.3,76.7,0.735
"TUN","Africa","Tunisia","2020-10-11",32556,1297,1475.143,478,22,22.429,2754.637,109.742,124.815,40.445,1.861,1.898,1.34,NA,NA,NA,NA,NA,NA,NA,NA,NA,NA,NA,NA,NA,NA,NA,NA,"",NA,NA,54.63,11818618,74.228,32.7,8.001,5.075,10849.297,2,318.991,8.52,1.1,65.8,78.687,2.3,76.7,0.735
"TUN","Africa","Tunisia","2020-10-12",32556,0,1475.143,478,0,22.429,2754.637,0,124.815,40.445,0,1.898,1.32,NA,NA,NA,NA,NA,NA,NA,NA,NA,NA,NA,NA,NA,NA,NA,NA,"",NA,NA,54.63,11818618,74.228,32.7,8.001,5.075,10849.297,2,318.991,8.52,1.1,65.8,78.687,2.3,76.7,0.735
"TUN","Africa","Tunisia","2020-10-13",32556,0,1475.143,478,0,22.429,2754.637,0,124.815,40.445,0,1.898,1.31,NA,NA,NA,NA,NA,NA,NA,NA,NA,NA,NA,NA,NA,NA,NA,NA,"",NA,NA,54.63,11818618,74.228,32.7,8.001,5.075,10849.297,2,318.991,8.52,1.1,65.8,78.687,2.3,76.7,0.735
"TUN","Africa","Tunisia","2020-10-14",34790,2234,1464,512,34,21.143,2943.661,189.024,123.872,43.321,2.877,1.789,1.31,NA,NA,NA,NA,NA,NA,NA,NA,NA,NA,NA,NA,NA,NA,NA,NA,"",NA,NA,54.63,11818618,74.228,32.7,8.001,5.075,10849.297,2,318.991,8.52,1.1,65.8,78.687,2.3,76.7,0.735
"TUN","Africa","Tunisia","2020-10-15",34790,0,1127.286,512,0,14.714,2943.661,0,95.382,43.321,0,1.245,1.3,NA,NA,NA,NA,NA,NA,NA,NA,NA,NA,NA,NA,NA,NA,NA,NA,"",NA,NA,54.63,11818618,74.228,32.7,8.001,5.075,10849.297,2,318.991,8.52,1.1,65.8,78.687,2.3,76.7,0.735
"TUN","Africa","Tunisia","2020-10-16",34790,0,1127.286,512,0,14.714,2943.661,0,95.382,43.321,0,1.245,1.3,NA,NA,NA,NA,NA,NA,NA,NA,NA,NA,NA,NA,NA,NA,NA,NA,"",NA,NA,54.63,11818618,74.228,32.7,8.001,5.075,10849.297,2,318.991,8.52,1.1,65.8,78.687,2.3,76.7,0.735
"TUN","Africa","Tunisia","2020-10-17",40542,5752,1326.143,626,114,24.286,3430.35,486.69,112.208,52.967,9.646,2.055,1.3,NA,NA,NA,NA,NA,NA,NA,NA,NA,NA,NA,NA,NA,NA,NA,NA,"",NA,NA,54.63,11818618,74.228,32.7,8.001,5.075,10849.297,2,318.991,8.52,1.1,65.8,78.687,2.3,76.7,0.735
"TUN","Africa","Tunisia","2020-10-18",40542,0,1140.857,626,0,21.143,3430.35,0,96.531,52.967,0,1.789,1.28,NA,NA,NA,NA,NA,NA,NA,NA,NA,NA,NA,NA,NA,NA,NA,NA,"",NA,NA,54.63,11818618,74.228,32.7,8.001,5.075,10849.297,2,318.991,8.52,1.1,65.8,78.687,2.3,76.7,0.735
"TUN","Africa","Tunisia","2020-10-19",42727,2185,1453,687,61,29.857,3615.228,184.878,122.942,58.129,5.161,2.526,1.27,NA,NA,NA,NA,NA,NA,NA,NA,NA,NA,NA,NA,NA,NA,NA,NA,"",NA,NA,54.63,11818618,74.228,32.7,8.001,5.075,10849.297,2,318.991,8.52,1.1,65.8,78.687,2.3,76.7,0.735
"TUN","Africa","Tunisia","2020-10-20",44450,1723,1699.143,711,24,33.286,3761.015,145.787,143.768,60.159,2.031,2.816,1.25,NA,NA,NA,NA,NA,NA,NA,NA,NA,NA,NA,NA,NA,NA,NA,NA,"",NA,NA,54.63,11818618,74.228,32.7,8.001,5.075,10849.297,2,318.991,8.52,1.1,65.8,78.687,2.3,76.7,0.735
"TUN","Africa","Tunisia","2020-10-21",45892,1442,1586,740,29,32.571,3883.026,122.011,134.195,62.613,2.454,2.756,1.23,NA,NA,NA,NA,NA,NA,NA,NA,NA,NA,NA,NA,NA,NA,NA,NA,"",NA,NA,54.63,11818618,74.228,32.7,8.001,5.075,10849.297,2,318.991,8.52,1.1,65.8,78.687,2.3,76.7,0.735
"TUN","Africa","Tunisia","2020-10-22",45892,0,1586,740,0,32.571,3883.026,0,134.195,62.613,0,2.756,1.22,NA,NA,NA,NA,NA,NA,NA,NA,NA,NA,NA,NA,NA,NA,NA,NA,"",NA,NA,54.63,11818618,74.228,32.7,8.001,5.075,10849.297,2,318.991,8.52,1.1,65.8,78.687,2.3,76.7,0.735
"TUN","Africa","Tunisia","2020-10-23",47214,1322,1774.857,784,44,38.857,3994.883,111.857,150.175,66.336,3.723,3.288,1.21,NA,NA,NA,NA,NA,NA,NA,NA,NA,NA,NA,NA,NA,NA,NA,NA,"",NA,NA,54.63,11818618,74.228,32.7,8.001,5.075,10849.297,2,318.991,8.52,1.1,65.8,78.687,2.3,76.7,0.735
"TUN","Africa","Tunisia","2020-10-24",48799,1585,1179.571,819,35,27.571,4128.994,134.11,99.806,69.297,2.961,2.333,1.2,NA,NA,NA,NA,NA,NA,NA,NA,NA,NA,NA,NA,NA,NA,NA,NA,"",NA,NA,54.63,11818618,74.228,32.7,8.001,5.075,10849.297,2,318.991,8.52,1.1,65.8,78.687,2.3,76.7,0.735
"TUN","Africa","Tunisia","2020-10-25",48799,0,1179.571,819,0,27.571,4128.994,0,99.806,69.297,0,2.333,1.2,NA,NA,NA,NA,NA,NA,NA,NA,NA,NA,NA,NA,NA,NA,NA,NA,"",NA,NA,54.63,11818618,74.228,32.7,8.001,5.075,10849.297,2,318.991,8.52,1.1,65.8,78.687,2.3,76.7,0.735
"TUN","Africa","Tunisia","2020-10-26",52399,3600,1381.714,983,164,42.286,4433.598,304.604,116.91,83.174,13.876,3.578,1.2,NA,NA,NA,NA,NA,NA,NA,NA,NA,NA,NA,NA,NA,NA,NA,NA,"",NA,NA,54.63,11818618,74.228,32.7,8.001,5.075,10849.297,2,318.991,8.52,1.1,65.8,78.687,2.3,76.7,0.735
"TUN","Africa","Tunisia","2020-10-27",52399,0,1135.571,983,0,38.857,4433.598,0,96.083,83.174,0,3.288,1.18,NA,NA,NA,NA,NA,NA,NA,NA,NA,NA,NA,NA,NA,NA,NA,NA,"",NA,NA,54.63,11818618,74.228,32.7,8.001,5.075,10849.297,2,318.991,8.52,1.1,65.8,78.687,2.3,76.7,0.735
"TUN","Africa","Tunisia","2020-10-28",54278,1879,1198,1153,170,59,4592.584,158.986,101.365,97.558,14.384,4.992,1.18,NA,NA,NA,NA,NA,NA,NA,NA,NA,NA,NA,NA,NA,NA,NA,NA,"",NA,NA,75,11818618,74.228,32.7,8.001,5.075,10849.297,2,318.991,8.52,1.1,65.8,78.687,2.3,76.7,0.735
"TUN","Africa","Tunisia","2020-10-29",54278,0,1198,1153,0,59,4592.584,0,101.365,97.558,0,4.992,1.17,NA,NA,NA,NA,NA,NA,NA,NA,NA,NA,NA,NA,NA,NA,NA,NA,"",NA,NA,75,11818618,74.228,32.7,8.001,5.075,10849.297,2,318.991,8.52,1.1,65.8,78.687,2.3,76.7,0.735
"TUN","Africa","Tunisia","2020-10-30",58029,3751,1545,1253,100,67,4909.965,317.381,130.726,106.019,8.461,5.669,1.17,NA,NA,NA,NA,NA,NA,NA,NA,NA,NA,NA,NA,NA,NA,NA,NA,"",NA,NA,75,11818618,74.228,32.7,8.001,5.075,10849.297,2,318.991,8.52,1.1,65.8,78.687,2.3,76.7,0.735
"TUN","Africa","Tunisia","2020-10-31",59813,1784,1573.429,1317,64,71.143,5060.913,150.948,133.131,111.434,5.415,6.02,1.16,NA,NA,NA,NA,NA,NA,NA,NA,NA,NA,NA,NA,NA,NA,NA,NA,"",NA,NA,75,11818618,74.228,32.7,8.001,5.075,10849.297,2,318.991,8.52,1.1,65.8,78.687,2.3,76.7,0.735
"TUN","Africa","Tunisia","2020-11-01",61115,1302,1759.429,1348,31,75.571,5171.078,110.165,148.869,114.057,2.623,6.394,1.15,NA,NA,NA,NA,NA,NA,NA,NA,NA,NA,NA,NA,NA,NA,NA,NA,"",NA,NA,75,11818618,74.228,32.7,8.001,5.075,10849.297,2,318.991,8.52,1.1,65.8,78.687,2.3,76.7,0.735
"TUN","Africa","Tunisia","2020-11-02",61906,791,1358.143,1381,33,56.857,5238.007,66.928,114.916,116.85,2.792,4.811,1.14,NA,NA,NA,NA,NA,NA,NA,NA,NA,NA,NA,NA,NA,NA,NA,NA,"",NA,NA,75,11818618,74.228,32.7,8.001,5.075,10849.297,2,318.991,8.52,1.1,65.8,78.687,2.3,76.7,0.735
"TUN","Africa","Tunisia","2020-11-03",63126,1220,1532.429,1483,102,71.429,5341.234,103.227,129.662,125.48,8.63,6.044,1.13,NA,NA,NA,NA,NA,NA,NA,NA,NA,NA,NA,NA,NA,NA,NA,NA,"",NA,NA,66.67,11818618,74.228,32.7,8.001,5.075,10849.297,2,318.991,8.52,1.1,65.8,78.687,2.3,76.7,0.735
"TUN","Africa","Tunisia","2020-11-04",64363,1237,1440.714,1512,29,51.286,5445.899,104.665,121.902,127.934,2.454,4.339,1.12,NA,NA,NA,NA,NA,NA,NA,NA,NA,NA,NA,NA,NA,NA,NA,NA,"",NA,NA,66.67,11818618,74.228,32.7,8.001,5.075,10849.297,2,318.991,8.52,1.1,65.8,78.687,2.3,76.7,0.735
"TUN","Africa","Tunisia","2020-11-05",66334,1971,1722.286,1577,65,60.571,5612.67,166.771,145.726,133.434,5.5,5.125,1.12,NA,NA,NA,NA,NA,NA,NA,NA,NA,NA,NA,NA,NA,NA,NA,NA,"",NA,NA,66.67,11818618,74.228,32.7,8.001,5.075,10849.297,2,318.991,8.52,1.1,65.8,78.687,2.3,76.7,0.735
"TUN","Africa","Tunisia","2020-11-06",66334,0,1186.429,1577,0,46.286,5612.67,0,100.386,133.434,0,3.916,1.11,NA,NA,NA,NA,NA,NA,NA,NA,NA,NA,NA,NA,NA,NA,NA,NA,"",NA,NA,66.67,11818618,74.228,32.7,8.001,5.075,10849.297,2,318.991,8.52,1.1,65.8,78.687,2.3,76.7,0.735
"TUN","Africa","Tunisia","2020-11-07",69543,3209,1390,1794,217,68.143,5884.191,271.521,117.611,151.794,18.361,5.766,1.11,NA,NA,NA,NA,NA,NA,NA,NA,NA,NA,NA,NA,NA,NA,NA,NA,"",NA,NA,66.67,11818618,74.228,32.7,8.001,5.075,10849.297,2,318.991,8.52,1.1,65.8,78.687,2.3,76.7,0.735
"TUN","Africa","Tunisia","2020-11-08",71119,1576,1429.143,1873,79,75,6017.539,133.349,120.923,158.479,6.684,6.346,1.1,NA,NA,NA,NA,NA,NA,NA,NA,NA,NA,NA,NA,NA,NA,NA,NA,"",NA,NA,62.96,11818618,74.228,32.7,8.001,5.075,10849.297,2,318.991,8.52,1.1,65.8,78.687,2.3,76.7,0.735
"TUN","Africa","Tunisia","2020-11-09",71569,450,1380.429,1920,47,77,6055.615,38.076,116.801,162.456,3.977,6.515,1.09,NA,NA,NA,NA,NA,NA,NA,NA,NA,NA,NA,NA,NA,NA,NA,NA,"",NA,NA,62.96,11818618,74.228,32.7,8.001,5.075,10849.297,2,318.991,8.52,1.1,65.8,78.687,2.3,76.7,0.735
"TUN","Africa","Tunisia","2020-11-10",72993,1424,1409.571,2006,86,74.714,6176.103,120.488,119.267,169.732,7.277,6.322,1.08,NA,NA,NA,NA,NA,NA,NA,NA,NA,NA,NA,NA,NA,NA,NA,NA,"",NA,NA,62.96,11818618,74.228,32.7,8.001,5.075,10849.297,2,318.991,8.52,1.1,65.8,78.687,2.3,76.7,0.735
"TUN","Africa","Tunisia","2020-11-11",74522,1529,1451.286,2100,94,84,6305.475,129.372,122.797,177.686,7.954,7.107,1.08,NA,NA,NA,NA,NA,NA,NA,NA,NA,NA,NA,NA,NA,NA,NA,NA,"",NA,NA,62.96,11818618,74.228,32.7,8.001,5.075,10849.297,2,318.991,8.52,1.1,65.8,78.687,2.3,76.7,0.735
"TUN","Africa","Tunisia","2020-11-12",76106,1584,1396,2151,51,82,6439.501,134.026,118.119,182.001,4.315,6.938,1.08,NA,NA,NA,NA,NA,NA,NA,NA,NA,NA,NA,NA,NA,NA,NA,NA,"",NA,NA,62.96,11818618,74.228,32.7,8.001,5.075,10849.297,2,318.991,8.52,1.1,65.8,78.687,2.3,76.7,0.735
"TUN","Africa","Tunisia","2020-11-13",77668,1562,1619.143,2209,58,90.286,6571.665,132.164,136.999,186.908,4.908,7.639,1.07,NA,NA,NA,NA,NA,NA,NA,NA,NA,NA,NA,NA,NA,NA,NA,NA,"",NA,NA,62.96,11818618,74.228,32.7,8.001,5.075,10849.297,2,318.991,8.52,1.1,65.8,78.687,2.3,76.7,0.735
"TUN","Africa","Tunisia","2020-11-14",79339,1671,1399.429,2279,70,69.286,6713.052,141.387,118.409,192.831,5.923,5.862,1.06,NA,NA,NA,NA,NA,NA,NA,NA,NA,NA,NA,NA,NA,NA,NA,NA,"",NA,NA,62.96,11818618,74.228,32.7,8.001,5.075,10849.297,2,318.991,8.52,1.1,65.8,78.687,2.3,76.7,0.735
"TUN","Africa","Tunisia","2020-11-15",80404,1065,1326.429,2345,66,67.429,6803.164,90.112,112.232,198.416,5.584,5.705,1.06,NA,NA,NA,NA,NA,NA,NA,NA,NA,NA,NA,NA,NA,NA,NA,NA,"",NA,NA,62.96,11818618,74.228,32.7,8.001,5.075,10849.297,2,318.991,8.52,1.1,65.8,78.687,2.3,76.7,0.735
"TUN","Africa","Tunisia","2020-11-16",81003,599,1347.714,2396,51,68,6853.847,50.683,114.033,202.731,4.315,5.754,1.05,NA,NA,NA,NA,NA,NA,NA,NA,NA,NA,NA,NA,NA,NA,NA,NA,"",NA,NA,62.96,11818618,74.228,32.7,8.001,5.075,10849.297,2,318.991,8.52,1.1,65.8,78.687,2.3,76.7,0.735
"TUN","Africa","Tunisia","2020-11-17",81723,720,1247.143,2445,49,62.714,6914.768,60.921,105.524,206.877,4.146,5.306,1.05,NA,NA,NA,NA,NA,NA,NA,NA,NA,NA,NA,NA,NA,NA,NA,NA,"",NA,NA,62.96,11818618,74.228,32.7,8.001,5.075,10849.297,2,318.991,8.52,1.1,65.8,78.687,2.3,76.7,0.735
"TUN","Africa","Tunisia","2020-11-18",83772,2049,1321.429,2541,96,63,7088.138,173.371,111.809,215,8.123,5.331,1.05,NA,NA,NA,NA,NA,NA,NA,NA,NA,NA,NA,NA,NA,NA,NA,NA,"",NA,NA,62.96,11818618,74.228,32.7,8.001,5.075,10849.297,2,318.991,8.52,1.1,65.8,78.687,2.3,76.7,0.735
"TUN","Africa","Tunisia","2020-11-19",83772,0,1095.143,2541,0,55.714,7088.138,0,92.663,215,0,4.714,1.05,NA,NA,NA,NA,NA,NA,NA,NA,NA,NA,NA,NA,NA,NA,NA,NA,"",NA,NA,62.96,11818618,74.228,32.7,8.001,5.075,10849.297,2,318.991,8.52,1.1,65.8,78.687,2.3,76.7,0.735
"TUN","Africa","Tunisia","2020-11-20",86265,2493,1228.143,2684,143,67.857,7299.077,210.938,103.916,227.099,12.1,5.742,1.05,NA,NA,NA,NA,NA,NA,NA,NA,NA,NA,NA,NA,NA,NA,NA,NA,"",NA,NA,62.96,11818618,74.228,32.7,8.001,5.075,10849.297,2,318.991,8.52,1.1,65.8,78.687,2.3,76.7,0.735
"TUN","Africa","Tunisia","2020-11-21",87471,1206,1161.714,2752,68,67.571,7401.119,102.042,98.295,232.853,5.754,5.717,1.05,NA,NA,NA,NA,NA,NA,NA,NA,NA,NA,NA,NA,NA,NA,NA,NA,"",NA,NA,62.96,11818618,74.228,32.7,8.001,5.075,10849.297,2,318.991,8.52,1.1,65.8,78.687,2.3,76.7,0.735
"TUN","Africa","Tunisia","2020-11-22",88711,1240,1186.714,2821,69,68,7506.038,104.919,100.411,238.691,5.838,5.754,1.05,NA,NA,NA,NA,NA,NA,NA,NA,NA,NA,NA,NA,NA,NA,NA,NA,"",NA,NA,62.96,11818618,74.228,32.7,8.001,5.075,10849.297,2,318.991,8.52,1.1,65.8,78.687,2.3,76.7,0.735
"TUN","Africa","Tunisia","2020-11-23",89196,485,1170.429,2862,41,66.571,7547.075,41.037,99.033,242.16,3.469,5.633,1.05,NA,NA,NA,NA,NA,NA,NA,NA,NA,NA,NA,NA,NA,NA,NA,NA,"",NA,NA,62.96,11818618,74.228,32.7,8.001,5.075,10849.297,2,318.991,8.52,1.1,65.8,78.687,2.3,76.7,0.735
"TUN","Africa","Tunisia","2020-11-24",90213,1017,1212.857,2935,73,70,7633.126,86.051,102.623,248.337,6.177,5.923,1.05,NA,NA,NA,NA,NA,NA,NA,NA,NA,NA,NA,NA,NA,NA,NA,NA,"",NA,NA,62.96,11818618,74.228,32.7,8.001,5.075,10849.297,2,318.991,8.52,1.1,65.8,78.687,2.3,76.7,0.735
"TUN","Africa","Tunisia","2020-11-25",91307,1094,1076.429,2983,48,63.143,7725.692,92.566,91.079,252.398,4.061,5.343,1.05,NA,NA,NA,NA,NA,NA,NA,NA,NA,NA,NA,NA,NA,NA,NA,NA,"",NA,NA,68.52,11818618,74.228,32.7,8.001,5.075,10849.297,2,318.991,8.52,1.1,65.8,78.687,2.3,76.7,0.735
"TUN","Africa","Tunisia","2020-11-26",92475,1168,1243.286,3034,51,70.429,7824.519,98.827,105.197,256.714,4.315,5.959,1.05,NA,NA,NA,NA,NA,NA,NA,NA,NA,NA,NA,NA,NA,NA,NA,NA,"",NA,NA,68.52,11818618,74.228,32.7,8.001,5.075,10849.297,2,318.991,8.52,1.1,65.8,78.687,2.3,76.7,0.735
"TUN","Africa","Tunisia","2020-11-27",93770,1295,1072.143,3106,72,60.286,7934.092,109.573,90.716,262.806,6.092,5.101,1.05,NA,NA,NA,NA,NA,NA,NA,NA,NA,NA,NA,NA,NA,NA,NA,NA,"",NA,NA,68.52,11818618,74.228,32.7,8.001,5.075,10849.297,2,318.991,8.52,1.1,65.8,78.687,2.3,76.7,0.735
"TUN","Africa","Tunisia","2020-11-28",94980,1210,1072.714,3153,47,57.286,8036.473,102.381,90.765,266.782,3.977,4.847,1.06,NA,NA,NA,NA,NA,NA,NA,NA,NA,NA,NA,NA,NA,NA,NA,NA,"",NA,NA,68.52,11818618,74.228,32.7,8.001,5.075,10849.297,2,318.991,8.52,1.1,65.8,78.687,2.3,76.7,0.735
"TUN","Africa","Tunisia","2020-11-29",96251,1271,1077.143,3219,66,56.857,8144.015,107.542,91.139,272.367,5.584,4.811,1.06,NA,NA,NA,NA,NA,NA,NA,NA,NA,NA,NA,NA,NA,NA,NA,NA,"",NA,NA,68.52,11818618,74.228,32.7,8.001,5.075,10849.297,2,318.991,8.52,1.1,65.8,78.687,2.3,76.7,0.735
"TUN","Africa","Tunisia","2020-11-30",96769,518,1081.857,3260,41,56.857,8187.844,43.829,91.538,275.836,3.469,4.811,1.06,NA,NA,NA,NA,NA,NA,NA,NA,NA,NA,NA,NA,NA,NA,NA,NA,"",NA,NA,68.52,11818618,74.228,32.7,8.001,5.075,10849.297,2,318.991,8.52,1.1,65.8,78.687,2.3,76.7,0.735
"TUN","Africa","Tunisia","2020-12-01",96769,0,936.571,3260,0,46.429,8187.844,0,79.245,275.836,0,3.928,1.07,NA,NA,NA,NA,NA,NA,NA,NA,NA,NA,NA,NA,NA,NA,NA,NA,"",NA,NA,68.52,11818618,74.228,32.7,8.001,5.075,10849.297,2,318.991,8.52,1.1,65.8,78.687,2.3,76.7,0.735
"TUN","Africa","Tunisia","2020-12-02",99280,2511,1139,3359,99,53.714,8400.305,212.461,96.373,284.213,8.377,4.545,1.08,NA,NA,NA,NA,NA,NA,NA,NA,NA,NA,NA,NA,NA,NA,NA,NA,"",NA,NA,68.52,11818618,74.228,32.7,8.001,5.075,10849.297,2,318.991,8.52,1.1,65.8,78.687,2.3,76.7,0.735
"TUN","Africa","Tunisia","2020-12-03",99280,0,972.143,3359,0,46.429,8400.305,0,82.255,284.213,0,3.928,1.08,NA,NA,NA,NA,NA,NA,NA,NA,NA,NA,NA,NA,NA,NA,NA,NA,"",NA,NA,68.52,11818618,74.228,32.7,8.001,5.075,10849.297,2,318.991,8.52,1.1,65.8,78.687,2.3,76.7,0.735
"TUN","Africa","Tunisia","2020-12-04",101900,2620,1161.429,3481,122,53.571,8621.989,221.684,98.271,294.535,10.323,4.533,1.09,NA,NA,NA,NA,NA,NA,NA,NA,NA,NA,NA,NA,NA,NA,NA,NA,"",NA,NA,68.52,11818618,74.228,32.7,8.001,5.075,10849.297,2,318.991,8.52,1.1,65.8,78.687,2.3,76.7,0.735
"TUN","Africa","Tunisia","2020-12-05",102991,1091,1144.429,3526,45,53.286,8714.301,92.312,96.833,298.343,3.808,4.509,NA,NA,NA,NA,NA,NA,NA,NA,NA,NA,NA,NA,NA,NA,NA,NA,NA,"",NA,NA,68.52,11818618,74.228,32.7,8.001,5.075,10849.297,2,318.991,8.52,1.1,65.8,78.687,2.3,76.7,0.735
"TUN","Africa","Tunisia","2020-12-06",104002,1011,1107.286,3561,35,48.857,8799.844,85.543,93.69,301.304,2.961,4.134,NA,NA,NA,NA,NA,NA,NA,NA,NA,NA,NA,NA,NA,NA,NA,NA,NA,"",NA,NA,68.52,11818618,74.228,32.7,8.001,5.075,10849.297,2,318.991,8.52,1.1,65.8,78.687,2.3,76.7,0.735
"TUN","Africa","Tunisia","2020-12-07",104329,327,1080,3596,35,48,8827.513,27.668,91.381,304.266,2.961,4.061,NA,NA,NA,NA,NA,NA,NA,NA,NA,NA,NA,NA,NA,NA,NA,NA,NA,"",NA,NA,68.52,11818618,74.228,32.7,8.001,5.075,10849.297,2,318.991,8.52,1.1,65.8,78.687,2.3,76.7,0.735
"TUN","Africa","Tunisia","2020-12-08",105445,1116,1239.429,3668,72,58.286,8921.94,94.427,104.871,310.358,6.092,4.932,NA,NA,NA,NA,NA,NA,NA,NA,NA,NA,NA,NA,NA,NA,NA,NA,NA,"",NA,NA,68.52,11818618,74.228,32.7,8.001,5.075,10849.297,2,318.991,8.52,1.1,65.8,78.687,2.3,76.7,0.735
"TUN","Africa","Tunisia","2020-12-09",106856,1411,1082.286,3717,49,51.143,9041.328,119.388,91.575,314.504,4.146,4.327,NA,NA,NA,NA,NA,NA,NA,NA,NA,NA,NA,NA,NA,NA,NA,NA,NA,"",NA,NA,68.52,11818618,74.228,32.7,8.001,5.075,10849.297,2,318.991,8.52,1.1,65.8,78.687,2.3,76.7,0.735
"TUN","Africa","Tunisia","2020-12-10",107814,958,1219.143,3758,41,57,9122.386,81.059,103.154,317.973,3.469,4.823,NA,NA,NA,NA,NA,NA,NA,NA,NA,NA,NA,NA,NA,NA,NA,NA,NA,"",NA,NA,68.52,11818618,74.228,32.7,8.001,5.075,10849.297,2,318.991,8.52,1.1,65.8,78.687,2.3,76.7,0.735
"TUN","Africa","Tunisia","2020-12-11",109104,1290,1029.143,3801,43,45.714,9231.536,109.15,87.078,321.611,3.638,3.868,NA,NA,NA,NA,NA,NA,NA,NA,NA,NA,NA,NA,NA,NA,NA,NA,NA,"",NA,NA,68.52,11818618,74.228,32.7,8.001,5.075,10849.297,2,318.991,8.52,1.1,65.8,78.687,2.3,76.7,0.735
"TUN","Africa","Tunisia","2020-12-12",110393,1289,1057.429,3836,35,44.286,9340.601,109.065,89.471,324.573,2.961,3.747,NA,NA,NA,NA,NA,NA,NA,NA,NA,NA,NA,NA,NA,NA,NA,NA,NA,"",NA,NA,68.52,11818618,74.228,32.7,8.001,5.075,10849.297,2,318.991,8.52,1.1,65.8,78.687,2.3,76.7,0.735
"TUN","Africa","Tunisia","2020-12-13",111361,968,1051.286,3894,58,47.571,9422.506,81.905,88.952,329.48,4.908,4.025,NA,NA,NA,NA,NA,NA,NA,NA,NA,NA,NA,NA,NA,NA,NA,NA,NA,"",NA,NA,68.52,11818618,74.228,32.7,8.001,5.075,10849.297,2,318.991,8.52,1.1,65.8,78.687,2.3,76.7,0.735
"TUN","Africa","Tunisia","2020-12-14",111361,0,1004.571,3894,0,42.571,9422.506,0,84.999,329.48,0,3.602,NA,NA,NA,NA,NA,NA,NA,NA,NA,NA,NA,NA,NA,NA,NA,NA,NA,"",NA,NA,68.52,11818618,74.228,32.7,8.001,5.075,10849.297,2,318.991,8.52,1.1,65.8,78.687,2.3,76.7,0.735
"TUN","Africa","Tunisia","2020-12-15",113241,1880,1113.714,3956,62,41.143,9581.577,159.071,94.234,334.726,5.246,3.481,NA,NA,NA,NA,NA,NA,NA,NA,NA,NA,NA,NA,NA,NA,NA,NA,NA,"",NA,NA,68.52,11818618,74.228,32.7,8.001,5.075,10849.297,2,318.991,8.52,1.1,65.8,78.687,2.3,76.7,0.735
"TUN","Africa","Tunisia","2020-12-16",114547,1306,1098.714,3997,41,40,9692.081,110.504,92.965,338.195,3.469,3.384,NA,NA,NA,NA,NA,NA,NA,NA,NA,NA,NA,NA,NA,NA,NA,NA,NA,"",NA,NA,NA,11818618,74.228,32.7,8.001,5.075,10849.297,2,318.991,8.52,1.1,65.8,78.687,2.3,76.7,0.735
"TUN","Africa","Tunisia","2020-12-17",115966,1419,1164.571,4032,35,39.143,9812.146,120.065,98.537,341.157,2.961,3.312,NA,NA,NA,NA,NA,NA,NA,NA,NA,NA,NA,NA,NA,NA,NA,NA,NA,"",NA,NA,NA,11818618,74.228,32.7,8.001,5.075,10849.297,2,318.991,8.52,1.1,65.8,78.687,2.3,76.7,0.735
"TUN","Africa","Tunisia","2020-12-18",117582,1616,1211.143,4090,58,41.286,9948.879,136.733,102.478,346.064,4.908,3.493,NA,NA,NA,NA,NA,NA,NA,NA,NA,NA,NA,NA,NA,NA,NA,NA,NA,"",NA,NA,NA,11818618,74.228,32.7,8.001,5.075,10849.297,2,318.991,8.52,1.1,65.8,78.687,2.3,76.7,0.735
"TUN","Africa","Tunisia","2020-12-19",119151,1569,1251.143,4126,36,41.429,10081.636,132.757,105.862,349.11,3.046,3.505,NA,NA,NA,NA,NA,NA,NA,NA,NA,NA,NA,NA,NA,NA,NA,NA,NA,"",NA,NA,NA,11818618,74.228,32.7,8.001,5.075,10849.297,2,318.991,8.52,1.1,65.8,78.687,2.3,76.7,0.735
"TUN","Africa","Tunisia","2020-12-20",120687,1536,1332.286,4158,32,37.714,10211.6,129.964,112.728,351.818,2.708,3.191,NA,NA,NA,NA,NA,NA,NA,NA,NA,NA,NA,NA,NA,NA,NA,NA,NA,"",NA,NA,NA,11818618,74.228,32.7,8.001,5.075,10849.297,2,318.991,8.52,1.1,65.8,78.687,2.3,76.7,0.735
"TUN","Africa","Tunisia","2020-12-21",121718,1031,1479.571,4199,41,43.571,10298.835,87.235,125.19,355.287,3.469,3.687,NA,NA,NA,NA,NA,NA,NA,NA,NA,NA,NA,NA,NA,NA,NA,NA,NA,"",NA,NA,NA,11818618,74.228,32.7,8.001,5.075,10849.297,2,318.991,8.52,1.1,65.8,78.687,2.3,76.7,0.735
