"date","countrycode","population","cases","deaths","cum_cases","cum_deaths","cases_infected","cases_infected_low","cases_infected_high","cases_daily","cases_contagious","cases_active","p_cases_infected","p_cases_infected_low","p_cases_infected_high","p_cases_daily","p_cases_contagious","p_cases_active"
"2020/01/01","US",329064917,0,0,0,0,NA,NA,NA,0,0,0,NA,NA,NA,0,0,0
"2020/01/02","US",329064917,0,0,0,0,NA,NA,NA,0,0,0,NA,NA,NA,0,0,0
"2020/01/03","US",329064917,0,0,0,0,NA,NA,NA,0,0,0,NA,NA,NA,0,0,0
"2020/01/04","US",329064917,0,0,0,0,NA,NA,NA,0,0,0,NA,NA,NA,0,0,0
"2020/01/05","US",329064917,0,0,0,0,NA,NA,NA,0,0,0,NA,NA,NA,0,0,0
"2020/01/06","US",329064917,0,0,0,0,NA,NA,NA,0,0,0,NA,NA,NA,0,0,0
"2020/01/07","US",329064917,0,0,0,0,NA,NA,NA,0,0,0,NA,NA,NA,0,0,0
"2020/01/08","US",329064917,0,0,0,0,NA,NA,NA,0,0,0,NA,NA,NA,0,0,0
"2020/01/09","US",329064917,0,0,0,0,NA,NA,NA,0,0,0,NA,NA,NA,0,0,0
"2020/01/10","US",329064917,0,0,0,0,NA,NA,NA,0,0,0,NA,NA,NA,0,0,0
"2020/01/11","US",329064917,0,0,0,0,NA,NA,NA,0,0,0,NA,NA,NA,0,0,0
"2020/01/12","US",329064917,0,0,0,0,NA,NA,NA,0,0,0,NA,NA,NA,0,0,0
"2020/01/13","US",329064917,0,0,0,0,NA,NA,NA,0,0,0,NA,NA,NA,0,0,0
"2020/01/14","US",329064917,0,0,0,0,NA,NA,NA,0,0,0,NA,NA,NA,0,0,0
"2020/01/15","US",329064917,0,0,0,0,NA,NA,NA,0,0,0,NA,NA,NA,0,0,0
"2020/01/16","US",329064917,0,0,0,0,NA,NA,NA,0,0,0,NA,NA,NA,0,0,0
"2020/01/17","US",329064917,0,0,0,0,NA,NA,NA,0,0,0,NA,NA,NA,0,0,0
"2020/01/18","US",329064917,0,0,0,0,NA,NA,NA,0,0,0,NA,NA,NA,0,0,0
"2020/01/19","US",329064917,0,0,0,0,NA,NA,NA,0,0,0,NA,NA,NA,0,0,0
"2020/01/20","US",329064917,0,0,0,0,NA,NA,NA,0,0,0,NA,NA,NA,0,0,0
"2020/01/21","US",329064917,0,0,0,0,NA,NA,NA,0,0,0,NA,NA,NA,0,0,0
"2020/01/22","US",329064917,0,0,0,0,NA,NA,NA,0,0,0,NA,NA,NA,0,0,0
"2020/01/23","US",329064917,0,0,0,0,NA,NA,NA,0,0,0,NA,NA,NA,0,0,0
"2020/01/24","US",329064917,0,0,0,0,NA,NA,NA,0,0,0,NA,NA,NA,0,0,0
"2020/01/25","US",329064917,0,0,0,0,NA,NA,NA,0,0,0,NA,NA,NA,0,0,0
"2020/01/26","US",329064917,0,0,0,0,NA,NA,NA,0,0,0,NA,NA,NA,0,0,0
"2020/01/27","US",329064917,0,0,0,0,NA,NA,NA,0,0,0,NA,NA,NA,0,0,0
"2020/01/28","US",329064917,0,0,0,0,NA,NA,NA,0,0,0,NA,NA,NA,0,0,0
"2020/01/29","US",329064917,0,0,0,0,NA,NA,NA,0,0,0,NA,NA,NA,0,0,0
"2020/01/30","US",329064917,0,0,0,0,NA,NA,NA,0,0,0,NA,NA,NA,0,0,0
"2020/01/31","US",329064917,0,0,0,0,NA,NA,NA,0,0,0,NA,NA,NA,0,0,0
"2020/02/01","US",329064917,0,0,0,0,NA,NA,NA,0,0,0,NA,NA,NA,0,0,0
"2020/02/02","US",329064917,0,0,0,0,NA,NA,NA,0,0,0,NA,NA,NA,0,0,0
"2020/02/03","US",329064917,0,0,0,0,NA,NA,NA,0,0,0,NA,NA,NA,0,0,0
"2020/02/04","US",329064917,0,0,0,0,NA,NA,NA,0,0,0,NA,NA,NA,0,0,0
"2020/02/05","US",329064917,0,0,0,0,NA,NA,NA,0,0,0,NA,NA,NA,0,0,0
"2020/02/06","US",329064917,0,0,0,0,NA,NA,NA,0,0,0,NA,NA,NA,0,0,0
"2020/02/07","US",329064917,0,0,0,0,NA,NA,NA,0,0,0,NA,NA,NA,0,0,0
"2020/02/08","US",329064917,0,0,0,0,NA,NA,NA,0,0,0,NA,NA,NA,0,0,0
"2020/02/09","US",329064917,0,0,0,0,NA,NA,NA,0,0,0,NA,NA,NA,0,0,0
"2020/02/10","US",329064917,0,0,0,0,NA,NA,NA,0,0,0,NA,NA,NA,0,0,0
"2020/02/11","US",329064917,0,0,0,0,NA,NA,NA,0,0,0,NA,NA,NA,0,0,0
"2020/02/12","US",329064917,0,0,0,0,NA,NA,NA,0,0,0,NA,NA,NA,0,0,0
"2020/02/13","US",329064917,0,0,0,0,NA,NA,NA,0,0,0,NA,NA,NA,0,0,0
"2020/02/14","US",329064917,0,0,0,0,NA,NA,NA,0,0,0,NA,NA,NA,0,0,0
"2020/02/15","US",329064917,0,0,0,0,NA,NA,NA,0,0,0,NA,NA,NA,0,0,0
"2020/02/16","US",329064917,0,0,0,0,NA,NA,NA,0,0,0,NA,NA,NA,0,0,0
"2020/02/17","US",329064917,0,0,0,0,NA,NA,NA,0,0,0,NA,NA,NA,0,0,0
"2020/02/18","US",329064917,0,0,0,0,NA,NA,NA,0,0,0,NA,NA,NA,0,0,0
"2020/02/19","US",329064917,0,0,0,0,NA,NA,NA,0,0,0,NA,NA,NA,0,0,0
"2020/02/20","US",329064917,0,0,0,0,NA,NA,NA,0,0,0,NA,NA,NA,0,0,0
"2020/02/21","US",329064917,0,0,0,0,NA,NA,NA,0,0,0,NA,NA,NA,0,0,0
"2020/02/22","US",329064917,0,0,0,0,NA,NA,NA,0,0,0,NA,NA,NA,0,0,0
"2020/02/23","US",329064917,0,0,0,0,NA,NA,NA,0,0,0,NA,NA,NA,0,0,0
"2020/02/24","US",329064917,0,0,0,0,NA,NA,NA,0,0,0,NA,NA,NA,0,0,0
"2020/02/25","US",329064917,0,0,0,0,NA,NA,NA,0,0,0,NA,NA,NA,0,0,0
"2020/02/26","US",329064917,0,0,0,0,NA,NA,NA,0,0,0,NA,NA,NA,0,0,0
"2020/02/27","US",329064917,0,0,0,0,NA,NA,NA,0,0,0,NA,NA,NA,0,0,0
"2020/02/28","US",329064917,0,0,0,0,NA,NA,NA,0,0,0,NA,NA,NA,0,0,0
"2020/02/29","US",329064917,0,0,0,0,NA,NA,NA,0,0,0,NA,NA,NA,0,0,0
"2020/03/01","US",329064917,0,0,0,0,NA,NA,NA,0,0,0,NA,NA,NA,0,0,0
"2020/03/02","US",329064917,0,0,0,0,NA,NA,NA,0,0,0,NA,NA,NA,0,0,0
"2020/03/03","US",329064917,0,0,0,0,NA,NA,NA,0,0,0,NA,NA,NA,0,0,0
"2020/03/04","US",329064917,0,0,0,0,NA,NA,NA,0,0,0,NA,NA,NA,0,0,0
"2020/03/05","US",329064917,0,0,0,0,NA,NA,NA,0,0,0,NA,NA,NA,0,0,0
"2020/03/06","US",329064917,0,0,0,0,NA,NA,NA,0,0,0,NA,NA,NA,0,0,0
"2020/03/07","US",329064917,0,0,0,0,NA,NA,NA,0,0,0,NA,NA,NA,0,0,0
"2020/03/08","US",329064917,0,0,0,0,NA,NA,NA,0,0,0,NA,NA,NA,0,0,0
"2020/03/09","US",329064917,0,0,0,0,NA,NA,NA,0,0,0,NA,NA,NA,0,0,0
"2020/03/10","US",329064917,0,0,0,0,NA,NA,NA,0,0,0,NA,NA,NA,0,0,0
"2020/03/11","US",329064917,0,0,0,0,NA,NA,NA,0,0,0,NA,NA,NA,0,0,0
"2020/03/12","US",329064917,1,0,1,0,NA,NA,NA,0,0,0,NA,NA,NA,0,0,0
"2020/03/13","US",329064917,2,0,3,0,0,NA,NA,0,0,0,0,NA,NA,0,0,0
"2020/03/14","US",329064917,0,0,3,0,0,NA,NA,0,0,0,0,NA,NA,0,0,0
"2020/03/15","US",329064917,-1,0,2,0,0,NA,NA,0,0,0,0,NA,NA,0,0,0
"2020/03/16","US",329064917,15,0,17,0,0,NA,NA,0,0,0,0,NA,NA,0,0,0
"2020/03/17","US",329064917,9,0,26,0,0,0,NA,0,0,0,0,0,NA,0,0,0
"2020/03/18","US",329064917,9,0,35,0,0,0,NA,0,0,0,0,0,NA,0,0,0
"2020/03/19","US",329064917,17,0,52,0,0,0,NA,0,0,0,0,0,NA,0,0,0
"2020/03/20","US",329064917,4,0,56,0,0,0,NA,0,0,0,0,0,NA,0,0,0
"2020/03/21","US",329064917,14,0,70,0,0,0,NA,0,0,0,0,0,NA,0,0,0
"2020/03/22","US",329064917,19,0,89,0,0,0,NA,0,0,0,0,0,NA,0,0,0
"2020/03/23","US",329064917,18,0,107,0,0,0,NA,0,0,0,0,0,NA,0,0,0
"2020/03/24","US",329064917,11,0,118,0,0,0,NA,0,0,0,0,0,NA,0,0,0
"2020/03/25","US",329064917,24,0,142,0,0,0,NA,0,0,0,0,0,NA,0,0,0
"2020/03/26","US",329064917,13,0,155,0,0,0,NA,0,0,0,0,0,NA,0,0,0
"2020/03/27","US",329064917,13,1,168,1,259.409733014437,38.0241478107418,1769.7545758964,259.409733014437,259.409733014437,259.409733014437,7.88323882653334e-07,1.15552117063703e-07,5.37813204771508e-06,7.88323882653334e-07,7.88323882653334e-07,7.88323882653334e-07
"2020/03/28","US",329064917,43,0,211,1,271.950959632213,39.5961646413966,1867.79010327584,12.5412266177759,271.950959632213,271.950959632213,8.26435592440299e-07,1.20329341098968e-07,5.67605358937685e-06,3.81117097869654e-08,8.26435592440299e-07,8.26435592440299e-07
"2020/03/29","US",329064917,42,2,253,3,827.181910693872,442.52580461903,1546.19212311973,555.230951061659,827.181910693872,827.181910693872,2.51373473123503e-06,1.34479788563735e-06,4.69874496867051e-06,1.68729913879473e-06,2.51373473123503e-06,2.51373473123503e-06
"2020/03/30","US",329064917,22,0,275,3,761.201670182112,405.2424902624,1429.83027844106,0,827.181910693872,827.181910693872,2.31322645124795e-06,1.23149709776688e-06,4.34513132386295e-06,0,2.51373473123503e-06,2.51373473123503e-06
"2020/03/31","US",329064917,28,2,303,5,1186.7112397962,817.398610661921,1722.88470801072,293.549088590569,1120.73099928444,1120.73099928444,3.60631346123173e-06,2.48400412330167e-06,5.23569854762343e-06,8.92070450009622e-07,3.40580518124465e-06,3.40580518124465e-06
"2020/04/01","US",329064917,0,0,303,5,1016.45547951928,698.081242286326,1480.0308033789,0,1120.73099928444,1120.73099928444,3.08892083904308e-06,2.12140889600311e-06,4.49768640446985e-06,0,3.40580518124465e-06,3.40580518124465e-06
"2020/04/02","US",329064917,73,2,376,7,1533.77362075586,1175.44650033811,2001.33440275663,308.767101706258,1429.4981009907,1429.4981009907,4.66100620734315e-06,3.57208088621039e-06,6.0818832375152e-06,9.3831668389693e-07,4.34412186514158e-06,4.34412186514158e-06
"2020/04/03","US",329064917,56,2,432,9,1989.44317683529,1619.29413406698,2444.20335415899,559.945075844588,1989.44317683529,1989.44317683529,6.04574682397786e-06,4.9208956969028e-06,7.42772391673401e-06,1.70162495883628e-06,6.04574682397786e-06,6.04574682397786e-06
"2020/04/04","US",329064917,24,1,456,10,2049.95398775331,1702.50682433327,2468.30808067473,60.5108109180196,2049.95398775331,2049.95398775331,6.22963397752094e-06,5.17377191058404e-06,7.50097610884096e-06,1.83887153543079e-07,6.22963397752094e-06,6.22963397752094e-06
"2020/04/05","US",329064917,14,0,470,10,1859.84025358345,1542.3565712778,2242.67580743904,0,2049.95398775331,2049.95398775331,5.65189467944238e-06,4.68708905628428e-06,6.8152990233202e-06,0,6.22963397752094e-06,6.22963397752094e-06
"2020/04/06","US",329064917,29,0,499,10,1752.43036674494,1451.54524483295,2115.68478572863,0,2049.95398775331,2049.95398775331,5.32548526510027e-06,4.41112124035074e-06,6.42938422307908e-06,0,6.22963397752094e-06,6.22963397752094e-06
"2020/04/07","US",329064917,20,2,519,12,1961.90538859334,1677.34980421809,2294.73467258421,0,2049.95398775331,2049.95398775331,5.9620618523528e-06,5.09732188867186e-06,6.9735014400949e-06,0,6.22963397752094e-06,6.22963397752094e-06
"2020/04/08","US",329064917,18,2,537,14,2145.40679411483,1876.02696462296,2453.46703380627,0,1790.54425473887,2049.95398775331,6.51970685199125e-06,5.70108470306169e-06,7.45587544297914e-06,0,5.4413100948676e-06,6.22963397752094e-06
"2020/04/09","US",329064917,23,2,560,16,2338.05533738907,2079.19416438473,2629.14491312606,0,1778.00302812109,2049.95398775331,7.10514921707399e-06,6.31849236114323e-06,7.98974541891397e-06,0,5.40319838508064e-06,6.22963397752094e-06
"2020/04/10","US",329064917,26,1,586,17,2396.88000711695,2145.76452622471,2677.38314167437,154.794221022737,1377.56629808217,2204.74820877604,7.28391233246219e-06,6.5207939691265e-06,8.1363372494503e-06,4.70406333297259e-07,4.18630557958317e-06,6.70004031081819e-06
"2020/04/11","US",329064917,30,2,616,19,2613.99524247413,2367.61185184824,2886.01829828792,409.247033698086,1786.81333178026,2613.99524247413,7.94370687190008e-06,7.19496892416594e-06,8.77036155843961e-06,1.24366656108188e-06,5.42997214066505e-06,7.94370687190008e-06
"2020/04/12","US",329064917,17,0,633,19,2506.20265081745,2269.03246811296,2768.16300129371,0,1493.26424318969,2613.99524247413,7.6161344505086e-06,6.8953946497826e-06,8.41220944040568e-06,0,4.53790169065543e-06,7.94370687190008e-06
"2020/04/13","US",329064917,65,0,698,19,2589.70307056365,2343.81244881477,2861.39020939077,0,1493.26424318969,2613.99524247413,7.86988504934925e-06,7.1226445838794e-06,8.69551891303797e-06,0,4.53790169065543e-06,7.94370687190008e-06
"2020/04/14","US",329064917,37,1,735,20,2697.09850899925,2452.84628864537,2965.67314508052,0,1184.49714148343,2354.58550945969,8.19625055623675e-06,7.45398905178751e-06,9.01242579159698e-06,0,3.5995850067585e-06,7.15538298924675e-06
"2020/04/15","US",329064917,35,4,770,24,3186.7482649632,2945.00805055946,3448.33166154393,523.771525447035,1148.32359108588,2865.81580828895,9.68425407976019e-06,8.94962634548933e-06,1.04791835391675e-05,1.59169664825447e-06,3.48965669617669e-06,8.70896792771425e-06
"2020/04/16","US",329064917,26,3,796,27,3485.55940346182,3249.59784996123,3738.65472467803,347.792635540658,1435.60541570852,2658.37749276795,1.05923154471731e-05,9.87524856671741e-06,1.13614503750882e-05,1.05691192701852e-06,4.36268146965213e-06,8.07858071593804e-06
"2020/04/17","US",329064917,31,2,827,29,3663.9957002073,3432.24166376421,3911.39838224978,178.436296745481,1614.041712454,2836.81378951343,1.11345680165817e-05,1.04302874188323e-05,1.18864035033239e-05,5.4225256940861e-07,4.90493403906074e-06,8.62083328534665e-06
"2020/04/18","US",329064917,20,3,847,32,3910.08056409754,3685.19288440139,4148.69194023661,246.084863890235,1860.12657634423,2789.3495648131,1.18823987672242e-05,1.11989844374731e-05,1.26075182309289e-05,7.4783075064254e-07,5.65276478970328e-06,8.47659358597957e-06
"2020/04/19","US",329064917,20,2,867,34,4027.01766690321,3808.31803054115,4258.27653034697,116.937102805673,1977.06367914991,2906.28666761877,1.2237760572037e-05,1.15731511741227e-05,1.29405363816009e-05,3.55361804812734e-07,6.00812659451602e-06,8.8319553907923e-06
"2020/04/20","US",329064917,8,1,875,35,3975.01231458436,3764.63494887904,4197.1461019885,0,1977.06367914991,2597.51956591251,1.20797207761421e-05,1.14404020434638e-05,1.27547662639117e-05,0,6.00812659451602e-06,7.89363870689537e-06
"2020/04/21","US",329064917,13,1,888,36,3957.07325392243,3752.87106408623,4172.38654606452,0,1977.06367914991,2037.57449006793,1.20252055126327e-05,1.14046526086712e-05,1.2679524101515e-05,0,6.00812659451602e-06,6.1920137480591e-06
"2020/04/22","US",329064917,19,3,907,39,4192.43398856183,3992.20384967065,4402.70672798896,43.4665563589797,1865.73601448615,2020.53023550889,1.27404465562089e-05,1.2131964373676e-05,1.33794473386203e-05,1.32091128872847e-07,5.6698113900916e-06,6.14021772338886e-06
"2020/04/23","US",329064917,30,5,937,44,4695.48852116715,4496.27363035637,4903.52995946667,625.004297904954,2081.49327869302,2645.53453341384,1.42691860438199e-05,1.36637891129438e-05,1.49014060938823e-05,1.89933434291008e-06,6.3254791719198e-06,8.03955206629894e-06
"2020/04/24","US",329064917,28,3,965,47,4976.85176861275,4778.73368510257,5183.18348728241,281.363247445604,2362.85652613862,2926.89778085944,1.51242247699494e-05,1.45221609421905e-05,1.57512491290052e-05,8.55038726129545e-07,7.18051789804934e-06,8.89459079242849e-06
"2020/04/25","US",329064917,0,0,965,47,4803.0126062015,4611.33417142441,5002.65850136919,0,2362.85652613862,2926.89778085944,1.4595942496664e-05,1.40134482079243e-05,1.52026492127363e-05,0,7.18051789804934e-06,8.89459079242849e-06
"2020/04/26","US",329064917,50,3,1015,50,5195.59271912411,5000.25834593685,5398.55780150851,44.9017881001064,2407.75831423873,2971.79956895955,1.57889597180124e-05,1.51953553466681e-05,1.64057531587559e-05,1.36452674777562e-07,7.3169705728269e-06,9.03104346720605e-06
"2020/04/27","US",329064917,8,1,1023,51,5171.71190521292,4980.66864997239,5370.08299692237,149.95834850006,2033.94513729175,3121.75791745961,1.57163879770657e-05,1.51358239443447e-05,1.63192206749964e-05,4.55710532338701e-07,6.18098445691113e-06,9.48675399954475e-06
"2020/04/28","US",329064917,17,0,1040,51,5095.01623114182,4906.40481070782,5290.87822899261,0,1686.15250175109,2966.96369643687,1.54833164154714e-05,1.49101425197139e-05,1.60785241928194e-05,0,5.12407252989262e-06,9.01634766624749e-06
"2020/04/29","US",329064917,16,1,1056,52,5118.48288653281,4932.26742007052,5311.72883147416,0,1507.71620500561,2557.71666273879,1.55546295642717e-05,1.49887367667047e-05,1.61418873816748e-05,0,4.58181996048401e-06,7.7726811051656e-06
"2020/04/30","US",329064917,39,1,1095,53,5256.96322915014,5068.945975448,5451.95441547277,0,1261.63134111538,2557.71666273879,1.59754594232546e-05,1.54040911491273e-05,1.65680208792139e-05,0,3.83398920984147e-06,7.7726811051656e-06
"2020/05/01","US",329064917,28,2,1123,55,5442.58493703266,5254.64628222361,5637.24544067308,226.199663005762,1370.89390131547,2783.91632574455,1.65395478395306e-05,1.59684184206839e-05,1.71311043792404e-05,6.87401334265488e-07,4.16602873929422e-06,8.46008243943109e-06
"2020/05/02","US",329064917,30,1,1153,56,5536.50097855835,5348.37481594411,5731.2443761791,138.589410339674,1509.48331165514,2922.50573608422,1.6824950617748e-05,1.62532513787974e-05,1.74167590651394e-05,4.21161306416855e-07,4.58719004571108e-06,8.88124374584795e-06
"2020/05/03","US",329064917,32,1,1185,57,5636.75135044821,5448.22846737455,5831.79761587546,100.250371889854,1609.733683545,2498.98458252704,1.71296028815135e-05,1.65566980431844e-05,1.77223317181377e-05,3.04652263765494e-07,4.89184230947657e-06,7.59419936135897e-06
"2020/05/04","US",329064917,20,0,1205,57,5578.7768140143,5391.86531388485,5772.16768757888,0,1566.26712718602,2151.19194698638,1.69534232481377e-05,1.63854152640795e-05,1.75411214911703e-05,0,4.75975118060372e-06,6.53728743434045e-06
"2020/05/05","US",329064917,21,4,1226,61,5913.23940027223,5727.69339082044,6104.79608789311,218.513513390107,1159.77634267117,2191.26916363101,1.79698263010889e-05,1.74059679258377e-05,1.85519506106848e-05,6.64043786199508e-07,3.52446062389315e-06,6.65907865113135e-06
"2020/05/06","US",329064917,28,1,1254,62,5987.89015110155,5802.67846564336,6179.01348040377,132.62528726324,1011.0383824888,2077.80958700402,1.81966835167103e-05,1.76338411233409e-05,1.87774908876225e-05,4.03036848997307e-07,3.07245874676091e-06,6.31428474948612e-06
"2020/05/07","US",329064917,76,0,1330,62,6190.12513612574,5998.34737453403,6388.03437152926,202.234985024184,1213.27336751299,2163.10746922253,1.88112582543272e-05,1.82284621199349e-05,1.94126874106402e-05,6.14574737616844e-07,3.68703348437776e-06,6.57349768229023e-06
"2020/05/08","US",329064917,44,1,1374,63,6332.24591260871,6138.81774133091,6531.76881727336,142.120776482969,1310.49235589585,2305.22824570549,1.92431510789365e-05,1.86553394913591e-05,1.9849484037441e-05,4.31892824609342e-07,3.98247363420954e-06,7.00539050689957e-06
"2020/05/09","US",329064917,34,1,1408,64,6415.44980343338,6222.17773336533,6614.72525281155,83.2038908246714,1243.73789822046,2388.43213653017,1.9496000551871e-05,1.89086633424533e-05,2.01015815150284e-05,2.52849472934459e-07,3.7796125748053e-06,7.25823997983403e-06
"2020/05/10","US",329064917,28,0,1436,64,6361.67847237286,6169.69728968811,6559.63349344455,0,1243.73789822046,2344.96558017119,1.9332594098364e-05,1.87491797847539e-05,1.99341623933874e-05,0,3.7796125748053e-06,7.12614885096118e-06
"2020/05/11","US",329064917,26,1,1462,65,6394.16890204155,6203.80613452813,6590.37291966329,0,1243.73789822046,1719.96128226623,1.9431329721611e-05,1.88528336326055e-05,2.00275768676467e-05,0,3.7796125748053e-06,5.2268145080511e-06
"2020/05/12","US",329064917,15,0,1477,65,6281.60015914007,6094.27840035569,6474.67968595028,0,1243.73789822046,1438.59803482063,1.90892429870914e-05,1.85199882622421e-05,1.96759950740974e-05,0,3.7796125748053e-06,4.37177578192156e-06
"2020/05/13","US",329064917,38,1,1515,66,6367.70767995353,6180.35306211542,6560.74186859811,0,1017.5382352147,1438.59803482063,1.9350916341998e-05,1.87815617613087e-05,1.99375306502155e-05,0,3.09221124053981e-06,4.37177578192156e-06
"2020/05/14","US",329064917,50,3,1565,69,6700.40059916901,6511.3714818648,6894.91734796351,28.3067955101169,907.255620385142,1422.00304223064,2.03619415289081e-05,1.97874982882627e-05,2.09530612099968e-05,8.60219186177082e-08,2.75707185274066e-06,4.3213450257617e-06
"2020/05/15","US",329064917,38,0,1603,69,6690.32760531001,6501.30945906134,6884.84123825043,246.571006366512,1053.5762548618,1518.61570009709,2.03313305663332e-05,1.97569206657826e-05,2.09224407786091e-05,7.49308095844541e-07,3.20172768481971e-06,4.61494258926754e-06
"2020/05/16","US",329064917,45,1,1648,70,6802.52238369294,6612.74456134414,6997.74660148638,112.194778382936,1165.77103324474,1630.81047848003,2.06722808548228e-05,2.00955623638972e-05,2.1265550473393e-05,3.40950288489537e-07,3.54267797330925e-06,4.95589287775708e-06
"2020/05/17","US",329064917,39,0,1687,70,6788.31842935596,6598.66981393935,6983.41762774514,0,947.257519854628,1630.81047848003,2.06291162584067e-05,2.00527904162428e-05,2.12220059537527e-05,0,2.87863418710974e-06,4.95589287775708e-06
"2020/05/18","US",329064917,26,1,1713,71,6815.15132706589,6627.11122917979,7008.52694403266,0,814.632232591388,1630.81047848003,2.07106591282895e-05,2.01392214326506e-05,2.12983110078327e-05,0,2.47559733811243e-06,4.95589287775708e-06
"2020/05/19","US",329064917,28,2,1741,73,6943.65937934505,6756.92729659207,7135.55192471643,139.561984688076,751.959232255281,1544.17280016234,2.1101184054042e-05,2.05337213039701e-05,2.16843290064751e-05,4.24116876269968e-07,2.28513947676556e-06,4.69260841976156e-06
"2020/05/20","US",329064917,78,0,1819,73,7077.67334918989,6887.08279635569,7273.5382336829,135.588980808874,745.427436581186,1541.17237063154,2.15084409900491e-05,2.09292526810316e-05,2.21036575396547e-05,4.1204325895633e-07,2.26528991111254e-06,4.68349037230104e-06
"2020/05/21","US",329064917,58,0,1877,73,7126.6835832166,6934.53650417375,7324.15481045053,49.0102340267049,711.23377978322,1489.93223276839,2.16573788788812e-05,2.10734604204974e-05,2.22574769660132e-05,1.48937888832145e-07,2.16137832701023e-06,4.52777599736769e-06
"2020/05/22","US",329064917,71,2,1948,75,7410.76617614944,7215.86874570813,7610.92770017826,284.082592932838,995.316372716057,1774.01482570123,2.25206814622217e-05,2.19284049223276e-05,2.31289551300853e-05,8.63302583340531e-07,3.02468091035076e-06,5.39107858070822e-06
"2020/05/23","US",329064917,65,2,2013,77,7661.07212437498,7464.39863926908,7862.92760224586,250.305948225543,1245.6223209416,1805.80726053666,2.32813397253618e-05,2.26836659079919e-05,2.3894761173358e-05,7.60658263140045e-07,3.7853391734908e-06,5.48769305764876e-06
"2020/05/24","US",329064917,42,1,2055,78,7712.28699439898,7516.48443137672,7913.19016582882,51.214870024005,1296.83719096561,1724.39684329743,2.34369773135037e-05,2.28419501534912e-05,2.40475047840752e-05,1.55637588141932e-07,3.94097676163274e-06,5.24029379679338e-06
"2020/05/25","US",329064917,19,0,2074,78,7572.50400929132,7379.98971237857,7770.04023116065,0,1296.83719096561,1522.16185827325,2.30121888359534e-05,2.24271544340248e-05,2.36124844361961e-05,0,3.94097676163274e-06,4.62571905917654e-06
"2020/05/26","US",329064917,35,1,2109,79,7589.45725266319,7398.61181591369,7785.22550218275,0,1268.53039545549,1380.04108179028,2.30637082854481e-05,2.2483745406119e-05,2.36586311696751e-05,0,3.85495484301503e-06,4.19382623456719e-06
"2020/05/27","US",329064917,28,2,2137,81,7680.29498960541,7491.51597652798,7873.83105264311,0,1021.95938908898,1296.83719096561,2.33397563606132e-05,2.27660731652168e-05,2.39278958219758e-05,0,3.10564674717049e-06,3.94097676163274e-06
"2020/05/28","US",329064917,52,3,2189,84,7955.85272533352,7766.7761790043,8149.53220337441,0,909.764610706041,1296.83719096561,2.41771526356106e-05,2.36025652622346e-05,2.47657279228415e-05,0,2.76469645868095e-06,3.94097676163274e-06
"2020/05/29","US",329064917,37,1,2226,85,7991.26467876066,7803.27021428449,8183.78825958205,227.938683659189,1137.70329436523,1524.77587462479,2.42847665184577e-05,2.37134674988294e-05,2.48698291333866e-05,6.92686068564366e-07,3.45738252724532e-06,4.6336628301971e-06
"2020/05/30","US",329064917,56,4,2282,89,8379.02552529078,8190.17962359214,8572.22576062158,438.799847232608,1576.50314159784,1963.5757218574,2.546313840345e-05,2.48892519392827e-05,2.60502573132753e-05,1.3334750213819e-06,4.79085754862722e-06,5.967137851579e-06
"2020/05/31","US",329064917,43,0,2325,89,8343.34933793064,8155.09982011714,8535.94434283058,0,1436.94115690976,1963.5757218574,2.53547215363911e-05,2.47826474315922e-05,2.59400012029559e-05,0,4.36674067235725e-06,5.967137851579e-06
"2020/06/01","US",329064917,24,0,2349,89,8240.83583395822,8054.70333500546,8431.26958470455,0,1301.35217610089,1935.26892634729,2.50431918087403e-05,2.44775511423038e-05,2.56219036096897e-05,0,3.95469741340092e-06,5.88111593296129e-06
"2020/06/02","US",329064917,28,5,2377,94,8614.64530242262,8429.74268442649,8803.6036762611,61.753898439134,1314.09584051332,1750.45181841991,2.61791666548963e-05,2.56172634909801e-05,2.67533949122297e-05,1.87664789677758e-07,3.99342431424653e-06,5.31947262679451e-06
"2020/06/03","US",329064917,41,1,2418,95,8669.44726005249,8485.04155796055,8857.86065765561,228.667836322573,1258.68108390305,1866.92487635955,2.63457050939663e-05,2.57853120147735e-05,2.69182772153605e-05,6.94901900838529e-07,3.82502363174453e-06,5.6734242391435e-06
"2020/06/04","US",329064917,28,0,2446,95,8591.68046481761,8408.75373710044,8778.58663928272,0,1008.37513567751,1866.92487635955,2.61093784872169e-05,2.55534798840328e-05,2.66773702870389e-05,0,3.06436536860448e-06,5.6734242391435e-06
"2020/06/05","US",329064917,36,3,2482,98,8817.11155607279,8634.66853949226,9003.40943449855,69.8975007854297,1027.05776643893,1936.82237714497,2.67944441979903e-05,2.6240015551376e-05,2.7360587438431e-05,2.12412497274602e-07,3.12114027773715e-06,5.88583673641811e-06
"2020/06/06","US",329064917,42,0,2524,98,8796.72142808907,8614.53868588384,8982.75702333351,57.3766672511483,1084.43443369008,1854.63705970805,2.67324803515565e-05,2.61788426563985e-05,2.72978265359522e-05,1.74362760315614e-07,3.29550303805277e-06,5.63608262046375e-06
"2020/06/07","US",329064917,46,1,2570,99,8882.21558860325,8699.86648620388,9068.3867261107,85.4941605141885,1169.92859420427,1804.54223941336,2.69922897572313e-05,2.64381465077418e-05,2.75580478429145e-05,2.59809405674773e-07,3.55531244372754e-06,5.48384876718219e-06
"2020/06/08","US",329064917,18,0,2588,99,8783.14175552871,8602.68061057452,8967.38849084855,0,1169.92859420427,1755.53200538666,2.66912128938033e-05,2.61428069847219e-05,2.72511228866387e-05,0,3.55531244372754e-06,5.33491087835005e-06
"2020/06/09","US",329064917,18,1,2606,100,8775.7899664409,8597.04102456368,8958.25544103338,0,1169.92859420427,1471.44941245382,2.66688714386435e-05,2.6125668767551e-05,2.72233683332258e-05,0,3.55531244372754e-06,4.47160829500952e-06
"2020/06/10","US",329064917,31,0,2637,100,8729.34240534899,8551.40787979551,8910.97932655814,0,941.989910545081,1221.14346422828,2.65277212926013e-05,2.59869935627185e-05,2.70797002846649e-05,0,2.86262637516318e-06,3.71095003186947e-06
"2020/06/11","US",329064917,30,0,2667,100,8685.4268347535,8508.26420075893,8866.27842317441,0,503.190063312473,1169.92859420427,2.6394265648056e-05,2.58558836302775e-05,2.69438580812746e-05,0,1.52915135378128e-06,3.55531244372754e-06
"2020/06/12","US",329064917,54,0,2721,100,8723.22223227581,8545.17208344604,8904.98229533419,0,503.190063312473,1169.92859420427,2.6509122612654e-05,2.59680435135723e-05,2.70614758222135e-05,0,1.52915135378128e-06,3.55531244372754e-06
"2020/06/13","US",329064917,36,0,2757,100,8704.23418514944,8526.45882950001,8885.71612963116,0,503.190063312473,1169.92859420427,2.64514195694385e-05,2.59111755432136e-05,2.70029276005474e-05,0,1.52915135378128e-06,3.55531244372754e-06
"2020/06/14","US",329064917,36,0,2793,100,8684.67390849776,8507.18891451885,8865.86176171775,0,441.436164873339,1169.92859420427,2.6391977569878e-05,2.58526159278136e-05,2.69425918829194e-05,0,1.34148656410352e-06,3.55531244372754e-06
"2020/06/15","US",329064917,17,1,2810,101,8692.49837412221,8516.3970175662,8872.24114003442,0,212.768328550766,1169.92859420427,2.64157554484066e-05,2.58805985615483e-05,2.69619782653233e-05,0,6.46584663264989e-07,3.55531244372754e-06
"2020/06/16","US",329064917,9,0,2819,101,8591.80723659636,8417.64413146018,8769.57381875258,0,212.768328550766,941.989910545081,2.61097637357566e-05,2.55804970283726e-05,2.66499811000897e-05,0,6.46584663264989e-07,2.86262637516318e-06
"2020/06/17","US",329064917,17,1,2836,102,8605.61402423542,8432.67635729492,8782.09830382649,0,142.870827765337,503.190063312473,2.61517213767137e-05,2.56261786706813e-05,2.66880419337637e-05,0,4.34172165990387e-07,1.52915135378128e-06
"2020/06/18","US",329064917,42,0,2878,102,8616.19728587222,8442.95614225712,8792.99316710947,0,85.4941605141885,503.190063312473,2.61838829992084e-05,2.56574180536454e-05,2.67211504868794e-05,0,2.59809405674773e-07,1.52915135378128e-06
"2020/06/19","US",329064917,35,0,2913,102,8609.68591075337,8436.48999676778,8786.43742957376,0,0,503.190063312473,2.61640954898676e-05,2.56377679932613e-05,2.67012281639667e-05,0,0,1.52915135378128e-06
"2020/06/20","US",329064917,25,0,2938,102,8575.35821155374,8402.77222327827,8751.48897321561,0,0,441.436164873339,2.60597765624275e-05,2.55353025776317e-05,2.65950228088752e-05,0,0,1.34148656410352e-06
"2020/06/21","US",329064917,19,0,2957,102,8525.02343801041,8353.369774866,8700.20441777854,0,0,212.768328550766,2.5906813511847e-05,2.53851727829922e-05,2.64391734527523e-05,0,0,6.46584663264989e-07
"2020/06/22","US",329064917,14,0,2971,102,8462.88658256654,8292.40833588406,8636.8695809948,0,0,212.768328550766,2.57179849487466e-05,2.51999162094939e-05,2.62467043273252e-05,0,0,6.46584663264989e-07
"2020/06/23","US",329064917,25,0,2996,102,8435.63212047294,8265.63154455087,8609.12912563433,0,0,142.870827765337,2.56351609809348e-05,2.51185438420677e-05,2.6162403467746e-05,0,0,4.34172165990387e-07
"2020/06/24","US",329064917,21,1,3017,103,8483.1273118707,8313.65261486021,8656.05676869102,0,0,85.4941605141885,2.57794947854338e-05,2.52644757473803e-05,2.63050125416166e-05,0,0,2.59809405674773e-07
"2020/06/25","US",329064917,53,0,3070,103,8540.14273906037,8369.46218754156,8714.30402207829,0,0,0,2.59527597682507e-05,2.54340762419883e-05,2.6482020938374e-05,0,0,0
"2020/06/26","US",329064917,32,0,3102,103,8538.81281436375,8368.09570409408,8713.01271603178,0,0,0,2.59487182414033e-05,2.54299236162392e-05,2.64780967702849e-05,0,0,0
"2020/06/27","US",329064917,52,1,3154,104,8673.70824742503,8501.78456836489,8849.10857908487,0,0,0,2.63586538683643e-05,2.58361925843492e-05,2.68916804008155e-05,0,0,0
"2020/06/28","US",329064917,37,0,3191,104,8681.12900769343,8508.99231848201,8856.74801756792,0,0,0,2.63812049210139e-05,2.58580963174571e-05,2.69148959977642e-05,0,0,0
"2020/06/29","US",329064917,28,1,3219,105,8743.92887652783,8572.01825140993,8919.2871451483,0,0,0,2.65720483248229e-05,2.60496267106163e-05,2.71049470313127e-05,0,0,0
"2020/06/30","US",329064917,34,0,3253,105,8737.34107162109,8565.49226467193,8912.63766785514,0,0,0,2.65520285519258e-05,2.60297947978208e-05,2.70847398413339e-05,0,0,0
"2020/07/01","US",329064917,41,0,3294,105,8748.27472019618,8576.14459498672,8923.85963557113,0,0,0,2.65852549702106e-05,2.60621663140915e-05,2.71188424367072e-05,0,0,0
"2020/07/02","US",329064917,34,0,3328,105,8739.47064079775,8567.44900172258,8914.94621864795,0,0,0,2.65585001296196e-05,2.60357411535383e-05,2.70917553287759e-05,0,0,0
"2020/07/03","US",329064917,45,0,3373,105,8758.1635082686,8585.70850865355,8934.08248838825,0,0,0,2.66153061472323e-05,2.60912302257173e-05,2.71499088077756e-05,0,0,0
"2020/07/04","US",329064917,24,2,3397,107,8887.25503462132,8715.2315686556,9062.67394368109,0,0,0,2.70076042005454e-05,2.64848396727008e-05,2.75406871881182e-05,0,0,0
"2020/07/05","US",329064917,18,2,3415,109,8998.82814734428,8827.54728587599,9173.43237062025,0,0,0,2.73466653005257e-05,2.68261574839228e-05,2.78772725280229e-05,0,0,0
"2020/07/06","US",329064917,8,0,3423,109,8920.13636142905,8750.28910183822,9093.2804368456,0,0,0,2.71075277266007e-05,2.65913765028869e-05,2.76336976902512e-05,0,0,0
"2020/07/07","US",329064917,17,1,3440,110,8950.4732859087,8781.4226132923,9122.77834351151,0,0,0,2.71997190326695e-05,2.66859885683052e-05,2.77233392932967e-05,0,0,0
"2020/07/08","US",329064917,20,0,3460,110,8911.85641415575,8743.47909029289,9083.47626000539,0,0,0,2.70823656784894e-05,2.65706814631135e-05,2.76039036394919e-05,0,0,0
"2020/07/09","US",329064917,26,1,3486,111,8974.06130481144,8805.86861923775,9145.46648204311,0,0,0,2.7271400994751e-05,2.67602778792665e-05,2.7792286596274e-05,0,0,0
"2020/07/10","US",329064917,13,0,3499,111,8925.48740326241,8758.1563128644,9096.01547859807,0,0,0,2.71237890828162e-05,2.66152842810174e-05,2.76420092470632e-05,0,0,0
"2020/07/11","US",329064917,21,1,3520,112,8980.70089335086,8813.67590004274,9150.89112085933,0,0,0,2.7291578133657e-05,2.67840035346057e-05,2.78087716073948e-05,0,0,0
"2020/07/12","US",329064917,19,2,3539,114,9113.33790581724,8946.54604448651,9283.23929398299,0,0,0,2.76946506145389e-05,2.71877844835295e-05,2.82109663303396e-05,0,0,0
"2020/07/13","US",329064917,19,0,3558,114,9088.28338420942,8921.90624532201,9257.76315067251,0,0,0,2.7618512076781e-05,2.71129062516318e-05,2.81335465204652e-05,0,0,0
"2020/07/14","US",329064917,8,0,3566,114,9037.69467958518,8872.20240849905,9206.27386083502,0,0,0,2.74647773514707e-05,2.69618605635163e-05,2.79770749940961e-05,0,0,0
"2020/07/15","US",329064917,12,0,3578,114,9000.12568919185,8835.28090547977,9168.04607434861,0,0,0,2.73506084186782e-05,2.68496592892027e-05,2.78609040365996e-05,0,0,0
"2020/07/16","US",329064917,20,0,3598,114,8985.84767441309,8821.22620747168,9153.54130238298,0,0,0,2.7307218758945e-05,2.68069482699418e-05,2.7816825281265e-05,0,0,0
"2020/07/17","US",329064917,38,1,3636,115,9097.99883775857,8932.62315610379,9266.43623102984,0,0,0,2.76480365050844e-05,2.71454740223911e-05,2.81599032662295e-05,0,0,0
"2020/07/18","US",329064917,9,2,3645,117,9217.2550773672,9052.31204977091,9385.20354735246,0,0,0,2.80104459673141e-05,2.75091982831184e-05,2.85208269326154e-05,0,0,0
"2020/07/19","US",329064917,42,0,3687,117,9261.63352164045,9095.86168158444,9430.42654912405,0,0,0,2.81453082451827e-05,2.76415418711574e-05,2.86582557481327e-05,0,0,0
"2020/07/20","US",329064917,24,0,3711,117,9260.24176668076,9094.45908827729,9429.04649358561,0,0,0,2.814107882148e-05,2.76372795106483e-05,2.86540618779656e-05,0,0,0
"2020/07/21","US",329064917,12,1,3723,118,9306.58252063994,9141.2324397882,9474.92351649332,0,0,0,2.82819043898257e-05,2.77794197057725e-05,2.87934782075031e-05,0,0,0
"2020/07/22","US",329064917,-1,0,3722,118,9241.3020274154,9077.07705451115,9408.49820366666,0,0,0,2.8083522581702e-05,2.75844570039995e-05,2.85916173910045e-05,0,0,0
"2020/07/23","US",329064917,15,0,3737,118,9217.67474416464,9053.83546384648,9384.47887953042,0,0,0,2.80117212986416e-05,2.75138278075583e-05,2.85186247293886e-05,0,0,0
"2020/07/24","US",329064917,20,0,3757,118,9209.23178925349,9045.51179016199,9375.9150521961,0,0,0,2.79860638843292e-05,2.74885328786416e-05,2.84925999941711e-05,0,0,0
"2020/07/25","US",329064917,33,1,3790,119,9312.94378920549,9148.62614341963,9480.21272934892,0,0,0,2.83012357382525e-05,2.78018885356279e-05,2.88095516707693e-05,0,0,0
"2020/07/26","US",329064917,24,0,3814,119,9317.03568046254,9152.61542404076,9484.40963038824,0,0,0,2.83136706440892e-05,2.78140116165612e-05,2.88223056923089e-05,0,0,0
"2020/07/27","US",329064917,18,0,3832,119,9305.89059791189,9141.63700427493,9473.09544010642,0,0,0,2.82798016961252e-05,2.77806491424758e-05,2.87879228404844e-05,0,0,0
"2020/07/28","US",329064917,6,2,3838,121,9421.00320039454,9257.20763033566,9587.69694340602,0,0,0,2.862961900127e-05,2.81318583419079e-05,2.91361869591404e-05,0,0,0
"2020/07/29","US",329064917,28,0,3866,121,9434.26771372156,9270.21179385953,9601.22694857145,346.572247350899,346.572247350899,346.572247350899,2.86699287172007e-05,2.81713768771635e-05,2.91773034819493e-05,1.05320327220085e-06,1.05320327220085e-06,1.05320327220085e-06
"2020/07/30","US",329064917,22,1,3888,122,9511.64818244089,9347.45805065492,9678.72234956886,282.860346486739,629.432593837639,629.432593837639,2.89050813108737e-05,2.8406121612335e-05,2.9412805344937e-05,8.59588281441559e-07,1.9127915536424e-06,1.9127915536424e-06
"2020/07/31","US",329064917,24,1,3912,123,9594.00743195784,9429.59903377718,9761.28234877789,82.3592495169487,711.791843354587,711.791843354587,2.91553639914699e-05,2.86557410001176e-05,2.96636980865933e-05,2.50282680596269e-07,2.16307423423867e-06,2.16307423423867e-06
"2020/08/01","US",329064917,25,0,3937,123,9600.48331571864,9435.93470232993,9767.9014112543,6.47588376080057,718.267727115388,718.267727115388,2.9175043645624e-05,2.86749945523057e-05,2.96838128485581e-05,1.96796541540786e-08,2.18275388839275e-06,2.18275388839275e-06
"2020/08/02","US",329064917,21,0,3958,123,9596.57835382156,9432.06777516231,9763.95826412006,0,718.267727115388,718.267727115388,2.91631768020459e-05,2.86632432930014e-05,2.96718299633262e-05,0,2.18275388839275e-06,2.18275388839275e-06
"2020/08/03","US",329064917,12,1,3970,124,9648.18239890848,9483.97715731424,9815.23068418786,43.7941212927599,762.061848408148,762.061848408148,2.93199970597549e-05,2.88209914438075e-05,2.98276424411049e-05,1.33086570552764e-07,2.31584045894552e-06,2.31584045894552e-06
"2020/08/04","US",329064917,7,-1,3977,123,9532.45420339171,9368.98512261819,9698.77547573338,0,762.061848408148,762.061848408148,2.89683090202889e-05,2.84715405338035e-05,2.94737450718072e-05,0,2.31584045894552e-06,2.31584045894552e-06
"2020/08/05","US",329064917,17,1,3994,124,9597.29106221682,9433.89577375153,9763.51636077899,0,762.061848408148,762.061848408148,2.91653426616026e-05,2.86687984235996e-05,2.96704870570538e-05,0,2.31584045894552e-06,2.31584045894552e-06
"2020/08/06","US",329064917,5,0,3999,124,9557.75747070083,9395.00774127983,9723.32651386335,0,762.061848408148,762.061848408148,2.90452034748537e-05,2.85506210353011e-05,2.95483535665497e-05,0,2.31584045894552e-06,2.31584045894552e-06
"2020/08/07","US",329064917,17,0,4016,124,9548.96457136904,9386.339967276,9714.40675525874,0,762.061848408148,762.061848408148,2.90184826095242e-05,2.8524280415089e-05,2.95212471867937e-05,0,2.31584045894552e-06,2.31584045894552e-06
"2020/08/08","US",329064917,12,1,4028,125,9607.20226685013,9444.7555661645,9772.44299755367,0,762.061848408148,762.061848408148,2.91954619606262e-05,2.87018003993555e-05,2.96976143389776e-05,0,2.31584045894552e-06,2.31584045894552e-06
"2020/08/09","US",329064917,16,0,4044,125,9599.5908985336,9437.24992464299,9764.7244859519,0,762.061848408148,762.061848408148,2.91723316665009e-05,2.86789913998732e-05,2.96741584456173e-05,0,2.31584045894552e-06,2.31584045894552e-06
"2020/08/10","US",329064917,7,0,4051,125,9571.97899307822,9410.08353431751,9736.65977669516,0,415.489601057248,762.061848408148,2.90884214590345e-05,2.85964350745951e-05,2.95888722063165e-05,0,1.26263718674467e-06,2.31584045894552e-06
"2020/08/11","US",329064917,1,1,4052,126,9607.89021698749,9446.54029543474,9771.9960466686,0,132.629254570509,762.061848408148,2.91975525819651e-05,2.87072240382123e-05,2.96962560936528e-05,0,4.03048905303111e-07,2.31584045894552e-06
"2020/08/12","US",329064917,18,0,4070,126,9609.50753059324,9448.11055234805,9773.66156639425,0,50.2700050535605,762.061848408148,2.92024674590067e-05,2.871199591401e-05,2.97013174649495e-05,0,1.52766224706842e-07,2.31584045894552e-06
"2020/08/13","US",329064917,19,0,4089,126,9615.32120462506,9453.80683822176,9779.59497694822,0,43.7941212927599,762.061848408148,2.92201347147106e-05,2.87293064371908e-05,2.9719348589653e-05,0,1.33086570552764e-07,2.31584045894552e-06
"2020/08/14","US",329064917,27,0,4116,126,9640.64902975664,9478.69080515129,9805.37456337718,0,43.7941212927599,762.061848408148,2.92971037983871e-05,2.88049266739404e-05,2.97976905370838e-05,0,1.33086570552764e-07,2.31584045894552e-06
"2020/08/15","US",329064917,28,1,4144,127,9744.51880084117,9581.96949401739,9909.82560727558,0,0,762.061848408148,2.96127551052219e-05,2.91187817327163e-05,3.01151082820402e-05,0,0,2.31584045894552e-06
"2020/08/16","US",329064917,24,0,4168,127,9760.82988049849,9597.98891903833,9926.43362684546,0,0,415.489601057248,2.96623230743814e-05,2.91674633885032e-05,3.01655786260723e-05,0,0,1.26263718674467e-06
"2020/08/17","US",329064917,29,0,4197,127,9786.6922344046,9623.39913693876,9952.75614448047,0,0,132.629254570509,2.97409165450615e-05,2.92446828567226e-05,3.0245570494774e-05,0,0,4.03048905303111e-07
"2020/08/18","US",329064917,16,0,4213,127,9780.04968975857,9616.84694425036,9946.02206821361,0,0,50.2700050535605,2.97207304228016e-05,2.92247713062963e-05,3.02251062157854e-05,0,0,1.52766224706842e-07
"2020/08/19","US",329064917,22,0,4235,127,9785.52646812702,9622.20963433914,9951.61526274428,37.785529550194,37.785529550194,81.5796508429539,2.97373738815403e-05,2.92410680605588e-05,3.02421034532353e-05,1.14826976678872e-07,1.14826976678872e-07,2.47913547231636e-07
"2020/08/20","US",329064917,18,1,4253,128,9857.70657236736,9694.33121683348,10023.8352386969,175.643605805766,213.42913535596,257.22325664872,2.99567230145271e-05,2.94602393509895e-05,3.04615737529288e-05,5.33765821671491e-07,6.48592798350364e-07,7.81679368903128e-07
"2020/08/21","US",329064917,33,1,4286,129,9964.04503553012,9800.04782933018,10130.7866246259,106.338463162756,319.767598518716,319.767598518716,3.02798764644063e-05,2.97815030501419e-05,3.07865898224146e-05,3.2315344987918e-07,9.71746248229543e-07,9.71746248229543e-07
"2020/08/22","US",329064917,32,1,4318,130,10067.38014506,9902.81678575667,10234.6781908481,103.33510952988,423.102708048596,423.102708048596,3.05939029807301e-05,3.00938090758447e-05,3.11023073627995e-05,3.14026516323769e-07,1.28577276455331e-06,1.28577276455331e-06
"2020/08/23","US",329064917,18,1,4336,131,10136.4046376466,9971.83557896788,10303.6896431396,69.0244925865663,492.127200635163,492.127200635163,3.08036624811224e-05,3.03035512563252e-05,3.1312027234856e-05,2.09759500392339e-07,1.49553226494565e-06,1.49553226494565e-06
"2020/08/24","US",329064917,21,0,4357,131,10133.3802268243,9968.83551857598,10300.6408953232,0,492.127200635163,492.127200635163,3.07944715565783e-05,3.0294434330646e-05,3.13027623522783e-05,0,1.49553226494565e-06,1.49553226494565e-06
"2020/08/25","US",329064917,12,0,4369,131,10108.7351521856,9944.56618872211,10275.6142840016,0,492.127200635163,492.127200635163,3.07195772929679e-05,3.0220681923142e-05,3.12267086314813e-05,0,1.49553226494565e-06,1.49553226494565e-06
"2020/08/26","US",329064917,20,1,4389,132,10179.8638948938,10015.6506000755,10346.7695765845,12.7653609639419,504.892561599105,504.892561599105,3.09357314286219e-05,3.04367013396191e-05,3.14429434499226e-05,3.87928348008668e-08,1.53432509974652e-06,1.53432509974652e-06
"2020/08/27","US",329064917,25,0,4414,132,10186.0505723797,10021.7133481418,10353.082617586,36.8805737691837,541.773135368288,541.773135368288,3.09545322097636e-05,3.04551255099061e-05,3.14621282389273e-05,1.12076893840323e-07,1.64640199358684e-06,1.64640199358684e-06
"2020/08/28","US",329064917,22,0,4436,132,10185.64128376,10021.2867761353,10352.6912939465,0,541.773135368288,541.773135368288,3.09532884168264e-05,3.04538291942417e-05,3.14609390400207e-05,0,1.64640199358684e-06,1.64640199358684e-06
"2020/08/29","US",329064917,56,0,4492,132,10262.8361312305,10097.2121889074,10431.1767927585,76.3762702311378,618.149405599426,618.149405599426,3.11878769234779e-05,3.06845599979515e-05,3.16994497251693e-05,2.32100920777093e-07,1.87850291436393e-06,1.87850291436393e-06
"2020/08/30","US",329064917,22,0,4514,132,10260.490625366,10094.8809523769,10428.8171767331,0,618.149405599426,618.149405599426,3.11807491327495e-05,3.06774755705025e-05,3.16922790548745e-05,0,1.87850291436393e-06,1.87850291436393e-06
"2020/08/31","US",329064917,15,0,4529,132,10239.5064895645,10074.2100034603,10407.5151415168,0,580.363876049232,618.149405599426,3.11169801476117e-05,3.061465833339e-05,3.16275440007382e-05,0,1.76367593768506e-06,1.87850291436393e-06
"2020/09/01","US",329064917,20,0,4549,132,10228.4724459138,10063.328877583,10396.326091446,0,404.720270243466,618.149405599426,3.10834486373211e-05,3.05815915270695e-05,3.15935414392594e-05,0,1.22991011601357e-06,1.87850291436393e-06
"2020/09/02","US",329064917,19,1,4568,133,10292.540202291,10127.4677346626,10460.3032654644,0,298.38180708071,618.149405599426,3.1278145042399e-05,3.0776504001071e-05,3.17879625723345e-05,0,9.06756666134391e-07,1.87850291436393e-06
"2020/09/03","US",329064917,50,0,4618,133,10349.1458218039,10183.1394693635,10517.8584230524,58.0213718851264,253.068069435956,676.170777484553,3.14501646549089e-05,3.09456856179036e-05,3.19628677494427e-05,1.76321962286628e-07,7.6905211209725e-07,2.05482487665056e-06
"2020/09/04","US",329064917,15,1,4633,134,10404.316669344,10238.5264636803,10572.7914793198,83.8684548480433,267.912031697433,760.039232332596,3.16178241187103e-05,3.11140019331817e-05,3.21298045860046e-05,2.54869025882948e-07,8.1416163758786e-07,2.30969390253351e-06
"2020/09/05","US",329064917,0,0,4633,134,10347.0132387741,10182.1106731107,10514.5864546628,0,267.912031697433,760.039232332596,3.14436839183745e-05,3.0942559194515e-05,3.19529245187291e-05,0,8.1416163758786e-07,2.30969390253351e-06
"2020/09/06","US",329064917,50,0,4683,134,10401.7898512978,10235.9889694519,10570.2763488183,0,267.912031697433,722.253702782402,3.16101453358451e-05,3.11062907063164e-05,3.2122161320583e-05,0,8.1416163758786e-07,2.19486692585464e-06
"2020/09/07","US",329064917,18,0,4701,134,10385.9994787078,10220.4263117831,10554.2549675602,0,255.146670733491,546.610096976636,3.15621597507091e-05,3.10589971272541e-05,3.20734737199595e-05,0,7.75368802786993e-07,1.66110110418315e-06
"2020/09/08","US",329064917,13,0,4714,134,10358.744381849,10193.5810250639,10526.5838280631,0,218.266096964308,440.27163381388,3.14793338539003e-05,3.0977416608237e-05,3.19893835053314e-05,0,6.6329190894667e-07,1.33794765430397e-06
"2020/09/09","US",329064917,-1,0,4713,134,10301.3051751544,10137.0333614371,10468.2390328662,0,218.266096964308,336.936524283999,3.13047810415912e-05,3.08055731186838e-05,3.18120786873983e-05,0,6.6329190894667e-07,1.0239211379802e-06
"2020/09/10","US",329064917,47,0,4760,134,10350.4402252964,10185.3617295887,10518.1942184943,0,141.88982673317,267.912031697433,3.14540982358699e-05,3.09524388757271e-05,3.19638882029297e-05,0,4.31190988169577e-07,8.1416163758786e-07
"2020/09/11","US",329064917,32,0,4792,134,10368.0851947028,10202.7033311165,10536.1478341498,0,141.88982673317,267.912031697433,3.15077197813307e-05,3.10051385122788e-05,3.20184476978133e-05,0,4.31190988169577e-07,8.1416163758786e-07
"2020/09/12","US",329064917,42,1,4834,135,10484.0500513236,10317.9133100309,10652.8618894093,0,141.88982673317,267.912031697433,3.18601270135509e-05,3.13552517360303e-05,3.23731316803041e-05,0,4.31190988169577e-07,8.1416163758786e-07
"2020/09/13","US",329064917,29,1,4863,136,10570.0830350209,10403.670605865,10739.1573224407,0,141.88982673317,255.146670733491,3.21215738565678e-05,3.16158607873259e-05,3.26353760842901e-05,0,4.31190988169577e-07,7.75368802786993e-07
"2020/09/14","US",329064917,41,0,4904,136,10601.9785739155,10435.0392537462,10771.5885823248,126.322512602344,268.212339335514,344.588609566652,3.22185016578826e-05,3.17111874121366e-05,3.27339318956472e-05,3.83883258519304e-07,8.15074246688881e-07,1.04717516746597e-06
"2020/09/15","US",329064917,14,1,4918,137,10650.9747908883,10484.3422400762,10820.2557107019,120.335608941919,330.526576392307,464.924218508571,3.23673969500926e-05,3.18610149500568e-05,3.28818271158997e-05,3.65689572862972e-07,1.00444185726523e-06,1.41286474032895e-06
"2020/09/16","US",329064917,23,1,4941,138,10717.722234383,10551.113776458,10886.9615404667,66.7474434946926,313.405565038956,455.295391772126,3.25702366940045e-05,3.2063927910182e-05,3.30845403992632e-05,2.02839743911967e-07,9.52412575294243e-07,1.38360356346382e-06
"2020/09/17","US",329064917,21,0,4962,138,10702.3431045014,10535.9485949636,10871.3654868458,0,313.405565038956,455.295391772126,3.25235008401136e-05,3.2017842227051e-05,3.30371453327727e-05,0,9.52412575294243e-07,1.38360356346382e-06
"2020/09/18","US",329064917,40,0,5002,138,10728.3243672187,10561.5010120872,10897.7827674812,0,313.405565038956,455.295391772126,3.2602455664451e-05,3.20954938264879e-05,3.31174251780878e-05,0,9.52412575294243e-07,1.38360356346382e-06
"2020/09/19","US",329064917,32,1,5034,139,10814.8600003486,10647.7541309197,10984.588429545,92.360768919918,405.766333958874,547.656160692044,3.28654300158914e-05,3.23576096412602e-05,3.33812201242499e-05,2.80676438442443e-07,1.23308901373669e-06,1.66428000190626e-06
"2020/09/20","US",329064917,43,0,5077,139,10846.1999765411,10678.5842911809,11016.4466303155,36.1169732382386,441.883307197113,583.773133930283,3.29606695099044e-05,3.24512998484762e-05,3.34780344582145e-05,1.09756377457396e-07,1.34284539119408e-06,1.77403637936366e-06
"2020/09/21","US",329064917,29,1,5106,140,10924.0066954311,10756.2464478838,11094.383422695,77.8067188900368,519.69002608715,603.558480935193,3.31971174412104e-05,3.26873084677204e-05,3.37148776716755e-05,2.36447931306019e-07,1.5792933225001e-06,1.83416234838305e-06
"2020/09/22","US",329064917,40,0,5146,140,10945.4099179425,10777.2948322043,11116.147431896,21.4032225113788,541.093248598529,541.093248598529,3.32621599948393e-05,3.27512726985853e-05,3.37810166250449e-05,6.50425536289509e-08,1.64433587612905e-06,1.64433587612905e-06
"2020/09/23","US",329064917,24,0,5170,140,10931.1788016161,10763.2564879838,11101.7209453572,0,541.093248598529,541.093248598529,3.32189128554719e-05,3.27086113770791e-05,3.37371757723938e-05,0,1.64433587612905e-06,1.64433587612905e-06
"2020/09/24","US",329064917,44,0,5214,140,10957.8916367225,10789.5324864129,11128.8778520628,0,541.093248598529,541.093248598529,3.33000908654219e-05,3.27884618779125e-05,3.38197032777664e-05,0,1.64433587612905e-06,1.64433587612905e-06
"2020/09/25","US",329064917,20,0,5234,140,10933.1819351039,10765.1754300258,11103.8104305,0,541.093248598529,541.093248598529,3.32250002059744e-05,3.2714442877014e-05,3.3743525538154e-05,0,1.64433587612905e-06,1.64433587612905e-06
"2020/09/26","US",329064917,24,0,5258,140,10916.2108918755,10748.4394309298,11086.6010830367,0,414.770735996184,541.093248598529,3.31734266642453e-05,3.26635836142015e-05,3.36912278103372e-05,0,1.26045261760975e-06,1.64433587612905e-06
"2020/09/27","US",329064917,29,0,5287,140,10909.9544051502,10742.2528031708,11080.2740638652,0,294.435127054265,541.093248598529,3.31544137388253e-05,3.26447829841756e-05,3.36720005428754e-05,0,8.94763044746775e-07,1.64433587612905e-06
"2020/09/28","US",329064917,13,0,5300,140,10871.527169803,10704.3903628593,11041.2736267397,0,227.687683559572,541.093248598529,3.30376366733832e-05,3.25297222823036e-05,3.35534815664949e-05,0,6.91923300834808e-07,1.64433587612905e-06
"2020/09/29","US",329064917,37,1,5337,141,10961.2243771189,10793.7553185855,11131.2917792998,0,227.687683559572,541.093248598529,3.33102187770411e-05,3.28012947019372e-05,3.38270389951653e-05,0,6.91923300834808e-07,1.64433587612905e-06
"2020/09/30","US",329064917,52,0,5389,141,11004.903767035,10836.7434668939,11175.673512221,0,227.687683559572,541.093248598529,3.34429566888012e-05,3.29319319898629e-05,3.39619112669522e-05,0,6.91923300834808e-07,1.64433587612905e-06
"2020/10/01","US",329064917,39,0,5428,141,11021.2229080495,10852.7887401587,11192.2711569468,0,135.326914639654,541.093248598529,3.34925491557324e-05,3.29806921962412e-05,3.4012350082725e-05,0,4.11246862392366e-07,1.64433587612905e-06
"2020/10/02","US",329064917,38,0,5466,141,11033.4515556502,10864.8054203213,11204.7154570468,86.648268699475,185.858210100891,501.419004695659,3.35297109647522e-05,3.30172098544351e-05,3.40501672411549e-05,2.63316641255546e-07,5.64807126190516e-07,1.52376925886529e-06
"2020/10/03","US",329064917,18,1,5484,142,11081.4621097862,10913.1254999433,11252.3953372721,49.4039231441966,157.45541435505,430.487318897936,3.36756109123179e-05,3.31640504233496e-05,3.4195062299127e-05,1.50134276223061e-07,4.78493471107558e-07,1.30821396222538e-06
"2020/10/04","US",329064917,35,0,5519,142,11084.6416163725,10916.2312811728,11255.6501047509,3.17950658633345,139.231698430005,366.919381989577,3.36852731595588e-05,3.31734886255674e-05,3.42049532577517e-05,9.66224724081858e-09,4.23113164719425e-07,1.11503646555423e-06
"2020/10/05","US",329064917,25,0,5544,142,11067.7717816871,10899.5926701172,11238.5458722094,0,139.231698430005,366.919381989577,3.36340071818933e-05,3.31229253166396e-05,3.41529749651477e-05,0,4.23113164719425e-07,1.11503646555423e-06
"2020/10/06","US",329064917,21,0,5565,142,11043.3103917401,10875.4782534219,11213.7325427453,0,139.231698430005,366.919381989577,3.35596711202736e-05,3.30496436769097e-05,3.40775693895843e-05,0,4.23113164719425e-07,1.11503646555423e-06
"2020/10/07","US",329064917,38,0,5603,142,11053.395170736,10885.3853122311,11223.9981678157,0,139.231698430005,274.558613069659,3.35903178968665e-05,3.30797503771302e-05,3.41087657418543e-05,0,4.23113164719425e-07,8.34360027111791e-07
"2020/10/08","US",329064917,35,0,5638,142,11058.1902646191,10890.0841199744,11228.8914007767,0,139.231698430005,238.441639831421,3.36048897750441e-05,3.3094029650005e-05,3.41236358562548e-05,0,4.23113164719425e-07,7.24603649654395e-07
"2020/10/09","US",329064917,27,1,5665,143,11125.0703094729,10956.9809624639,11295.7382891066,0,139.231698430005,160.634920941384,3.38081324830897e-05,3.32973234046215e-05,3.43267778044738e-05,0,4.23113164719425e-07,4.88155718348376e-07
"2020/10/10","US",329064917,30,0,5695,143,11119.8437433882,10951.8103701884,11290.4552487465,0,139.231698430005,139.231698430005,3.37922493979759e-05,3.3281610419103e-05,3.43107230988909e-05,0,4.23113164719425e-07,4.23113164719425e-07
"2020/10/11","US",329064917,25,0,5720,143,11105.0067177354,10937.1748429261,11275.413986886,0,139.231698430005,139.231698430005,3.37471609522426e-05,3.323713430966e-05,3.42650139968766e-05,0,4.23113164719425e-07,4.23113164719425e-07
"2020/10/12","US",329064917,32,0,5752,143,11104.1111599239,10936.2696257231,11274.5285981182,0,139.231698430005,139.231698430005,3.37444394290258e-05,3.32343834323825e-05,3.42623233765093e-05,0,4.23113164719425e-07,4.23113164719425e-07
"2020/10/13","US",329064917,28,0,5780,143,11095.9152302121,10928.1754037872,11266.2297453046,10.8402221620981,150.071920592103,150.071920592103,3.37195327030628e-05,3.32097857876087e-05,3.4237103876086e-05,3.29425034455987e-08,4.56055668165024e-07,4.56055668165024e-07
"2020/10/14","US",329064917,36,0,5816,143,11103.3097049446,10935.4361490474,11273.7603442234,7.82786640998711,71.2515183026153,157.89978700209,3.37420038762279e-05,3.32318505684012e-05,3.42599887189537e-05,2.3788213223554e-08,2.16527240133032e-07,4.79843881388578e-07
"2020/10/15","US",329064917,18,1,5834,144,11153.9273893589,10986.3123857859,11324.0996467617,50.6176844143229,72.4652795727416,208.517471416413,3.38958266686295e-05,3.33864590790937e-05,3.44129655327605e-05,1.53822792401546e-07,2.20215756311517e-07,6.33666673790124e-07
"2020/10/16","US",329064917,29,1,5863,145,11225.643618315,11057.9671576793,11395.8626254286,71.7162289560129,141.002001942421,280.233700372426,3.41137661244968e-05,3.36042117722302e-05,3.46310470569812e-05,2.17939455867344e-07,4.28492964938043e-07,8.51606129657468e-07
"2020/10/17","US",329064917,49,1,5912,146,11336.3281175615,11168.0113378269,11507.181654959,110.68449924655,251.686501188971,390.918199618976,3.44501268044977e-05,3.39386265775238e-05,3.49693360199775e-05,3.36360680000871e-07,7.64853644938914e-07,1.18796680965834e-06
"2020/10/18","US",329064917,25,0,5937,146,11323.3285171628,11155.1833162278,11494.0082177824,0,251.686501188971,390.918199618976,3.44106221361871e-05,3.38996433224384e-05,3.49293030766401e-05,0,7.64853644938914e-07,1.18796680965834e-06
"2020/10/19","US",329064917,24,0,5961,146,11307.7115278175,11139.77705695,11478.1776459846,0,251.686501188971,390.918199618976,3.43631634478295e-05,3.38528250246441e-05,3.48811953295665e-05,0,7.64853644938914e-07,1.18796680965834e-06
"2020/10/20","US",329064917,26,0,5987,146,11295.8519075697,11128.0726426984,11466.1608002233,0,251.686501188971,304.269930919501,3.43271230812177e-05,3.38172563157148e-05,3.48446771681323e-05,0,7.64853644938914e-07,9.24650168402794e-07
"2020/10/21","US",329064917,37,0,6024,146,11305.1435098597,11137.2055158798,11475.6138419366,0,251.686501188971,254.866007775305,3.43553594619742e-05,3.38450103323528e-05,3.48734041494208e-05,0,7.64853644938914e-07,7.74515892179733e-07
"2020/10/22","US",329064917,39,0,6063,146,11318.3226645226,11150.1683702924,11489.0128726268,0,251.686501188971,251.686501188971,3.4395409780261e-05,3.38844033327699e-05,3.49141226520564e-05,0,7.64853644938914e-07,7.64853644938914e-07
"2020/10/23","US",329064917,31,0,6094,146,11316.0632522572,11147.9222221495,11486.7403070556,0,251.686501188971,251.686501188971,3.43885436205804e-05,3.38775774816173e-05,3.49072165206101e-05,0,7.64853644938914e-07,7.64853644938914e-07
"2020/10/24","US",329064917,42,0,6136,146,11333.3993091378,11164.9799005522,11504.3592594388,0,251.686501188971,251.686501188971,3.4441226407426e-05,3.39294143001947e-05,3.49607590025735e-05,0,7.64853644938914e-07,7.64853644938914e-07
"2020/10/25","US",329064917,63,0,6199,146,11388.2858381618,11219.0301266528,11560.0950231489,0,240.846279026873,251.686501188971,3.46080218516938e-05,3.40936682917579e-05,3.51301351980614e-05,0,7.31911141493316e-07,7.64853644938914e-07
"2020/10/26","US",329064917,52,0,6251,146,11420.5355271211,11250.7793535457,11592.8530484541,0,233.018412616886,251.686501188971,3.47060258846164e-05,3.41901514634745e-05,3.52296840214481e-05,0,7.08122928269762e-07,7.64853644938914e-07
"2020/10/27","US",329064917,58,0,6309,146,11460.1358069325,11289.7693590442,11633.0731422893,105.496684927652,287.897413130215,357.183186116623,3.48263677313633e-05,3.43086387390369e-05,3.53519094297411e-05,3.20595358172599e-07,8.74895494040815e-07,1.08544900311151e-06
"2020/10/28","US",329064917,77,0,6386,146,11530.037970868,11358.6088733623,11704.0543513588,88.2131683788612,304.394352553063,445.396354495484,3.50387943995501e-05,3.45178361063701e-05,3.55676152233475e-05,2.68072236879817e-07,9.25028275053287e-07,1.35352123999133e-06
"2020/10/29","US",329064917,80,0,6466,146,11600.1373515932,11427.6420314572,11775.236414075,70.0993807252253,263.809234031738,515.495735220709,3.52518203926104e-05,3.47276219404975e-05,3.57839313939231e-05,2.13025993060285e-07,8.01693588112701e-07,1.56654723305161e-06
"2020/10/30","US",329064917,100,0,6566,146,11699.3984862748,11525.4006921655,11876.0231072653,99.2611346815756,363.070368713314,614.756869902285,3.55534664495237e-05,3.50247021081421e-05,3.60902134920245e-05,3.01646056913371e-07,1.10333964502607e-06,1.86819328996499e-06
"2020/10/31","US",329064917,96,1,6662,147,11864.0241134919,11688.6169751811,12042.0635276515,164.625627217063,527.695995930377,768.54227495725,3.60537495812472e-05,3.5520702363969e-05,3.65947960585889e-05,5.00283131723407e-07,1.60362277674948e-06,2.33553391824279e-06
"2020/11/01","US",329064917,49,0,6711,147,11856.0524575117,11680.7327132684,12034.0036302343,0,527.695995930377,760.714408547263,3.60295244038782e-05,3.54967427696596e-05,3.65703027230774e-05,0,1.60362277674948e-06,2.31174570501924e-06
"2020/11/02","US",329064917,87,1,6798,148,11988.8903565823,11812.6382449,12167.7722624077,116.894587110164,644.590583040541,826.991311243104,3.64332073618843e-05,3.58975923431546e-05,3.69768140989874e-05,3.55232603268261e-07,1.95885538001774e-06,2.51315551588596e-06
"2020/11/03","US",329064917,127,0,6925,148,12105.2669816416,11927.2701460696,12285.9201562657,124.348281039604,768.938864080144,879.623363326695,3.67868659229986e-05,3.62459488383249e-05,3.73358553937421e-05,3.77883738483138e-07,2.33673911850088e-06,2.67309979850175e-06
"2020/11/04","US",329064917,146,2,7071,150,12411.8674143625,12231.4859384909,12594.9090312015,306.600432720814,1075.53929680096,1075.53929680096,3.77185982860715e-05,3.71704344844847e-05,3.82748460274222e-05,9.31732363072949e-07,3.26847148157383e-06,3.26847148157383e-06
"2020/11/05","US",329064917,189,0,7260,150,12617.4914417041,12434.0826162936,12803.6056373679,205.624027341597,1281.16332414256,1281.16332414256,3.83434720320066e-05,3.77861083753683e-05,3.89090570763213e-05,6.24873745935052e-07,3.89334522750888e-06,3.89334522750888e-06
"2020/11/06","US",329064917,184,0,7444,150,12796.8917707993,12610.8320394954,12985.6966202289,179.400329095211,1460.56365323777,1460.56365323777,3.88886542128685e-05,3.83232346810628e-05,3.94624159227186e-05,5.45182180861934e-07,4.43852740837081e-06,4.43852740837081e-06
"2020/11/07","US",329064917,156,1,7600,151,12993.7192265087,12805.8580751299,13184.3362894392,196.827455709454,1657.39110894722,1657.39110894722,3.9486795933669e-05,3.89159020410854e-05,4.00660648045904e-05,5.981417208005e-07,5.03666912917131e-06,5.03666912917131e-06
"2020/11/08","US",329064917,93,1,7693,152,13064.7279077819,12876.8874223067,13255.3085001499,71.0086812731697,1622.90310529274,1728.39979022039,3.97025852129411e-05,3.91317541222624e-05,4.02817432529579e-05,2.15789279272119e-07,4.93186305027083e-06,5.25245840844343e-06
"2020/11/09","US",329064917,195,1,7888,153,13294.5334126915,13104.4378633436,13487.3865254128,229.805504909593,1764.49544182347,1958.20529512998,4.04009443908342e-05,3.98232603548667e-05,4.09870084248842e-05,6.98359177893135e-07,5.36214999128415e-06,5.95081758633657e-06
"2020/11/10","US",329064917,172,3,8060,156,13648.2253440059,13456.3282152233,13842.8590668613,353.691931314386,2048.08799241263,2311.89722644437,4.14757837706712e-05,4.08926248896453e-05,4.20672589258771e-05,1.07483937983698e-06,6.22396337806084e-06,7.02565696617354e-06
"2020/11/11","US",329064917,142,2,8202,158,13851.7432999376,13659.0959019652,14047.1077898912,203.517955931769,2152.34481366282,2515.41518237614,4.20942573466063e-05,4.15088184619974e-05,4.2687953240215e-05,6.18473575935077e-07,6.54079089708255e-06,7.64413054210862e-06
"2020/11/12","US",329064917,193,1,8395,159,14041.2687181593,13847.0018057546,14238.2611038314,189.52541822167,2177.24460466743,2704.94060059781,4.26702088030834e-05,4.20798483533103e-05,4.32688517318648e-05,5.75951456477113e-07,6.61645922183626e-06,8.22008199858573e-06
"2020/11/13","US",329064917,244,3,8639,162,14481.7446938548,14284.5779566503,14681.6328780896,440.47597569549,2617.72058036292,3145.4165762933,4.40087774348026e-05,4.34096046666997e-05,4.46162204465255e-05,1.33856863171922e-06,7.95502785355548e-06,9.55865063030496e-06
"2020/11/14","US",329064917,152,1,8791,163,14576.1280935969,14378.6752191352,14776.2924583064,94.3833997421152,2595.20939299487,3134.30329110776,4.42956004744709e-05,4.36955581598364e-05,4.49038827749189e-05,2.86823039668234e-07,7.88661828995545e-06,9.52487831180059e-06
"2020/11/15","US",329064917,153,2,8944,165,14747.3258304665,14549.6042348499,14947.7343602939,171.197736869564,2642.05884882483,3217.28785959847,4.48158556825627e-05,4.42149967474348e-05,4.54248799798184e-05,5.20255208091856e-07,8.02898975956417e-06,9.77706128301263e-06
"2020/11/16","US",329064917,173,0,9117,165,14762.4784285399,14564.4827666241,14963.1657261811,15.1525980733968,2350.61101417742,3162.34107694664,4.48619031257589e-05,4.42602113267033e-05,4.5471774574441e-05,4.60474431961302e-08,7.14330483968735e-06,9.61008273314848e-06
"2020/11/17","US",329064917,246,1,9363,166,14976.4169897251,14776.538391203,15178.9992968621,213.93856118523,2358.92554802105,3277.01850345029,4.55120440254198e-05,4.49046301438541e-05,4.61276742450855e-05,6.50140899660933e-07,7.16857199341323e-06,9.95857757589604e-06
"2020/11/18","US",329064917,156,4,9519,170,15306.9534209934,15106.7873036127,15509.7717551387,330.536431268269,2510.06165019411,3442.9293075015,4.6516515830806e-05,4.59082282041411e-05,4.71328633162638e-05,1.00447180538626e-06,7.62786161793756e-06,1.04627662495589e-05
"2020/11/19","US",329064917,215,1,9734,171,15451.5699208948,15250.468414631,15655.3232680543,144.616499901378,2457.85069438603,3587.54580740288,4.69559929443793e-05,4.63448627512941e-05,4.75751818540239e-05,4.39477113573241e-07,7.4691970107103e-06,1.09022433631321e-05
"2020/11/20","US",329064917,224,2,9958,173,15691.5413968343,15489.2956841524,15896.4278576259,239.971475939552,2626.81348905241,3710.62269623226,4.76852456344786e-05,4.70706382964319e-05,4.83078779790613e-05,7.29252690099297e-07,7.98266042153748e-06,1.12762634499632e-05
"2020/11/21","US",329064917,165,1,10123,174,15738.7356172777,15536.8205489492,15943.2747549703,47.1942204434181,2444.20220458624,3633.46863563608,4.78286648141155e-05,4.72150622758404e-05,4.84502416736522e-05,1.4341917963688e-07,7.42772042328122e-06,1.10417988911169e-05
"2020/11/22","US",329064917,236,2,10359,176,15978.4679937012,15775.4236984495,16184.1256568486,239.732376423501,2330.24264969535,3566.60057933876,4.85571909013358e-05,4.79401567394968e-05,4.91821668635937e-05,7.28526087220354e-07,7.0814071306646e-06,1.08385926152643e-05
"2020/11/23","US",329064917,185,1,10544,177,16041.5641124005,15838.6423751416,16247.0856451769,63.0961186992408,2189.82081246283,3424.07267069641,4.87489345830217e-05,4.81322728643893e-05,4.93734968567826e-05,1.91743681685887e-07,6.65467723641541e-06,1.04054625510152e-05
"2020/11/24","US",329064917,255,12,10799,189,17204.5768217466,16998.813803477,17412.8305090815,1163.01270934615,3163.30810358731,4407.68505094735,5.2283230247078e-05,5.16579341196589e-05,5.29160953037165e-05,3.53429566405632e-06,9.61302144399462e-06,1.33945760342095e-05
"2020/11/25","US",329064917,228,1,11027,190,17318.4522607251,17112.1860795363,17527.2047249232,113.875438978444,2836.70756687026,4324.73303421634,5.26292879186664e-05,5.20024627223822e-05,5.32636687153228e-05,3.46057671588383e-07,8.62051048386378e-06,1.31424919849974e-05
"2020/11/26","US",329064917,238,0,11265,190,17346.4465122667,17139.7719051653,17555.6132408184,27.9942515416042,2770.31841866975,4281.71860448478,5.27143600430266e-05,5.20862936754979e-05,5.33499997534482e-05,8.50721243602039e-08,8.41875956855575e-06,1.30117748300855e-05
"2020/11/27","US",329064917,0,0,11265,190,17004.7282403493,16802.0523547932,17209.8489173939,0,2599.12068180019,4051.91309957518,5.16759075849744e-05,5.1059992988536e-05,5.22992516926193e-05,0,7.89850436046389e-06,1.23134156521924e-05
"2020/11/28","US",329064917,23,1,11288,191,16796.0479600444,16596.6862516624,16997.804429053,0,2583.96808372679,3698.2211682608,5.10417461489654e-05,5.04359030521093e-05,5.1654866717539e-05,0,7.85245691726776e-06,1.12385762723554e-05
"2020/11/29","US",329064917,220,0,11508,191,16807.805648527,16608.2401233745,17009.7691639864,0,2370.02952254156,3494.70321232903,5.10774767537039e-05,5.04710142751999e-05,5.16912265186459e-05,0,7.20231601760683e-06,1.06201026964203e-05
"2020/11/30","US",329064917,249,3,11757,194,17138.5589026915,16937.6927815176,17341.8071191811,0,2039.49309127329,3305.17779410736,5.2082607465236e-05,5.14721925872081e-05,5.27002613261902e-05,0,6.19784421222057e-06,1.00441512399432e-05
"2020/12/01","US",329064917,224,20,11981,214,18941.3442958372,18736.9686655999,19147.949176653,0,1894.87659137191,2864.70181841187,5.75611173276099e-05,5.69400373531763e-05,5.81889718029497e-05,0,5.75836709864733e-06,8.70558260822398e-06
"2020/12/02","US",329064917,227,4,12208,218,19331.8639228536,19126.4246291628,19539.5098654195,1941.66989670294,3596.5750121353,4711.98831537269,5.87478729093858e-05,5.81235605531378e-05,5.93788910819062e-05,5.90056793171585e-06,1.09296823402639e-05,1.43193275002716e-05
"2020/12/03","US",329064917,346,2,12554,220,19724.7786370592,19516.6947319569,19935.0810997686,436.662228089601,3986.04301978148,4977.45280659273,5.99419069552747e-05,5.93095578522486e-05,6.05809980641862e-05,1.32697898053228e-06,1.21132421411593e-05,1.5126051272712e-05
"2020/12/04","US",329064917,290,4,12844,224,20195.4505332082,19985.5144114282,20407.5919109711,470.671896148961,4216.98253950694,5432.97210466829,6.13722383939463e-05,6.07342605636328e-05,6.20169178076527e-05,1.4303314386716e-06,1.28150474926105e-05,1.65103352681875e-05
"2020/12/05","US",329064917,283,3,13127,227,20546.6513396695,20335.3474984953,20760.1508312155,351.200806461355,4505.08722726906,5570.23434994441,6.24395074594644e-05,6.17973732474656e-05,6.30883140642293e-05,1.06726906551802e-06,1.36905728764427e-05,1.69274634340446e-05
"2020/12/06","US",329064917,221,0,13348,227,20511.0910728861,20300.0836164399,20724.2918280161,0,3342.0745179229,5239.69791867615,6.2331442865075e-05,6.16902093407908e-05,6.29793416355475e-05,0,1.01562772123863e-05,1.59229916286583e-05
"2020/12/07","US",329064917,427,0,13775,227,20772.9031415874,20559.1322456472,20988.896796514,190.691535134512,3418.89061407897,5285.77295390928,6.31270672394025e-05,6.24774358600107e-05,6.37834533923103e-05,5.79495185548791e-07,1.03897147263467e-05,1.60630097006339e-05
"2020/12/08","US",329064917,274,12,14049,239,21882.1836896868,21666.3143453104,22100.203818599,1144.84081488277,4535.73717742014,6190.6422928525,6.64980754836493e-05,6.58420670998191e-05,6.71606199168263e-05,3.47907283863619e-06,1.37837154406227e-05,1.88128298491708e-05
"2020/12/09","US",329064917,405,7,14454,246,22719.7080391531,22500.7489310548,22940.7978803735,837.524349466261,5373.2615268864,6980.97242187534,6.90432399973926e-05,6.83778420871732e-05,6.97151130224358e-05,2.54516451374323e-06,1.6328879954366e-05,2.12145751832771e-05
"2020/12/10","US",329064917,407,0,14861,246,22891.7929497304,22671.097175575,23114.6371256306,172.084910577287,5545.34643746369,6913.32495602913,6.95661912501306e-05,6.88955157610283e-05,7.02433955474828e-05,5.22951252738033e-07,1.6851831207104e-05,2.10090003487948e-05
"2020/12/11","US",329064917,345,4,15206,250,23312.8073946883,23090.9153765845,23536.8316828599,421.014444957898,5966.36088242158,7271.24328228779,7.08456179626352e-05,7.01713071909897e-05,7.15264085197508e-05,1.27942671250457e-06,1.81312579196086e-05,2.20966833796135e-05
"2020/12/12","US",329064917,414,7,15620,257,24095.6185423044,23871.2887029726,24322.056515698,782.811147616125,6749.17203003771,6891.04172055776,7.32245137584946e-05,7.2542794657665e-05,7.39126392975463e-05,2.37889579585941e-06,2.0510153715468e-05,2.09412835114166e-05
"2020/12/13","US",329064917,303,0,15923,257,24030.325256398,23806.519351883,24256.2351678934,0,6749.17203003771,6777.16628157931,7.30260930745103e-05,7.23459661665573e-05,7.37126138788396e-05,0,2.0510153715468e-05,2.05952258398282e-05
"2020/12/14","US",329064917,426,2,16349,259,24318.0040635523,24092.8533871225,24545.2588007293,157.092235341566,4964.59436867634,6906.26426537928,7.39003242437793e-05,7.32161106895587e-05,7.45909318577686e-05,4.77389801300411e-07,1.50869755850525e-05,2.09875435167684e-05
"2020/12/15","US",329064917,411,6,16760,265,24941.3730807489,24714.6000730316,25170.2268826881,688.66230310297,5216.59444368971,7594.92656848225,7.57946891091672e-05,7.51055454296018e-05,7.64901561435311e-05,2.09278554937222e-06,1.58527821538925e-05,2.30803290661406e-05
"2020/12/16","US",329064917,551,2,17311,267,25374.7715903837,25145.3657359407,25606.2703571591,433.398509634801,5179.32105717555,8028.32507811705,7.71117499298283e-05,7.64146052553537e-05,7.78152547849978e-05,1.31706082066111e-06,1.5739511535882e-05,2.43973898868017e-05
"2020/12/17","US",329064917,590,9,17901,276,26507.0003341201,26273.5578592802,26742.5169623483,1132.22874373634,5960.34899445053,9160.55382185338,8.0552495768244e-05,7.98430841513262e-05,8.12682105590379e-05,3.44074583841564e-06,1.81129883087796e-05,2.78381357252174e-05
"2020/12/18","US",329064917,436,5,18337,281,26997.1954729003,26762.7267798832,27233.7183500241,490.195138780233,6450.54413323076,9650.74896063362,8.20421566632711e-05,8.13296264575151e-05,8.27609293579727e-05,1.48966089502708e-06,1.96026492038067e-05,2.93277966202444e-05
"2020/12/19","US",329064917,0,0,18337,281,26346.9361978567,26118.0256353178,26577.8530393683,0,6259.85259809625,9650.74896063362,8.00660746154737e-05,7.9370435090526e-05,8.07678110497822e-05,0,1.90231540182579e-05,2.93277966202444e-05
