"date","countrycode","population","cases","deaths","cum_cases","cum_deaths","cases_infected","cases_daily","cases_contagious","cases_active","p_cum_cases","p_cum_deaths","p_cases_infected","p_cases_daily","p_cases_contagious","p_cases_active"
"2019/12/19","US_OK",3751351,0,0,0,0,0,0,0,0,0,0,0,0,0,0
"2019/12/20","US_OK",3751351,0,0,0,0,0,0,0,0,0,0,0,0,0,0
"2019/12/21","US_OK",3751351,0,0,0,0,0,0,0,0,0,0,0,0,0,0
"2019/12/22","US_OK",3751351,0,0,0,0,0,0,0,0,0,0,0,0,0,0
"2019/12/23","US_OK",3751351,0,0,0,0,0,0,0,0,0,0,0,0,0,0
"2019/12/24","US_OK",3751351,0,0,0,0,0,0,0,0,0,0,0,0,0,0
"2019/12/25","US_OK",3751351,0,0,0,0,0,0,0,0,0,0,0,0,0,0
"2019/12/26","US_OK",3751351,0,0,0,0,0,0,0,0,0,0,0,0,0,0
"2019/12/27","US_OK",3751351,0,0,0,0,0,0,0,0,0,0,0,0,0,0
"2019/12/28","US_OK",3751351,0,0,0,0,0,0,0,0,0,0,0,0,0,0
"2019/12/29","US_OK",3751351,0,0,0,0,0,0,0,0,0,0,0,0,0,0
"2019/12/30","US_OK",3751351,0,0,0,0,0,0,0,0,0,0,0,0,0,0
"2019/12/31","US_OK",3751351,0,0,0,0,0,0,0,0,0,0,0,0,0,0
"2020/01/01","US_OK",3751351,0,0,0,0,0,0,0,0,0,0,0,0,0,0
"2020/01/02","US_OK",3751351,0,0,0,0,0,0,0,0,0,0,0,0,0,0
"2020/01/03","US_OK",3751351,0,0,0,0,0,0,0,0,0,0,0,0,0,0
"2020/01/04","US_OK",3751351,0,0,0,0,0,0,0,0,0,0,0,0,0,0
"2020/01/05","US_OK",3751351,0,0,0,0,0,0,0,0,0,0,0,0,0,0
"2020/01/06","US_OK",3751351,0,0,0,0,0,0,0,0,0,0,0,0,0,0
"2020/01/07","US_OK",3751351,0,0,0,0,0,0,0,0,0,0,0,0,0,0
"2020/01/08","US_OK",3751351,0,0,0,0,0,0,0,0,0,0,0,0,0,0
"2020/01/09","US_OK",3751351,0,0,0,0,0,0,0,0,0,0,0,0,0,0
"2020/01/10","US_OK",3751351,0,0,0,0,0,0,0,0,0,0,0,0,0,0
"2020/01/11","US_OK",3751351,0,0,0,0,0,0,0,0,0,0,0,0,0,0
"2020/01/12","US_OK",3751351,0,0,0,0,0,0,0,0,0,0,0,0,0,0
"2020/01/13","US_OK",3751351,0,0,0,0,0,0,0,0,0,0,0,0,0,0
"2020/01/14","US_OK",3751351,0,0,0,0,0,0,0,0,0,0,0,0,0,0
"2020/01/15","US_OK",3751351,0,0,0,0,0,0,0,0,0,0,0,0,0,0
"2020/01/16","US_OK",3751351,0,0,0,0,0,0,0,0,0,0,0,0,0,0
"2020/01/17","US_OK",3751351,0,0,0,0,0,0,0,0,0,0,0,0,0,0
"2020/01/18","US_OK",3751351,0,0,0,0,0,0,0,0,0,0,0,0,0,0
"2020/01/19","US_OK",3751351,0,0,0,0,0,0,0,0,0,0,0,0,0,0
"2020/01/20","US_OK",3751351,0,0,0,0,0,0,0,0,0,0,0,0,0,0
"2020/01/21","US_OK",3751351,0,0,0,0,0,0,0,0,0,0,0,0,0,0
"2020/01/22","US_OK",3751351,0,0,0,0,0,0,0,0,0,0,0,0,0,0
"2020/01/23","US_OK",3751351,0,0,0,0,0,0,0,0,0,0,0,0,0,0
"2020/01/24","US_OK",3751351,0,0,0,0,0,0,0,0,0,0,0,0,0,0
"2020/01/25","US_OK",3751351,0,0,0,0,0,0,0,0,0,0,0,0,0,0
"2020/01/26","US_OK",3751351,0,0,0,0,0,0,0,0,0,0,0,0,0,0
"2020/01/27","US_OK",3751351,0,0,0,0,0,0,0,0,0,0,0,0,0,0
"2020/01/28","US_OK",3751351,0,0,0,0,0,0,0,0,0,0,0,0,0,0
"2020/01/29","US_OK",3751351,0,0,0,0,0,0,0,0,0,0,0,0,0,0
"2020/01/30","US_OK",3751351,0,0,0,0,0,0,0,0,0,0,0,0,0,0
"2020/01/31","US_OK",3751351,0,0,0,0,0,0,0,0,0,0,0,0,0,0
"2020/02/01","US_OK",3751351,0,0,0,0,0,0,0,0,0,0,0,0,0,0
"2020/02/02","US_OK",3751351,0,0,0,0,0,0,0,0,0,0,0,0,0,0
"2020/02/03","US_OK",3751351,0,0,0,0,0,0,0,0,0,0,0,0,0,0
"2020/02/04","US_OK",3751351,0,0,0,0,0,0,0,0,0,0,0,0,0,0
"2020/02/05","US_OK",3751351,0,0,0,0,0,0,0,0,0,0,0,0,0,0
"2020/02/06","US_OK",3751351,0,0,0,0,0,0,0,0,0,0,0,0,0,0
"2020/02/07","US_OK",3751351,0,0,0,0,0,0,0,0,0,0,0,0,0,0
"2020/02/08","US_OK",3751351,0,0,0,0,0,0,0,0,0,0,0,0,0,0
"2020/02/09","US_OK",3751351,0,0,0,0,0,0,0,0,0,0,0,0,0,0
"2020/02/10","US_OK",3751351,0,0,0,0,0,0,0,0,0,0,0,0,0,0
"2020/02/11","US_OK",3751351,0,0,0,0,0,0,0,0,0,0,0,0,0,0
"2020/02/12","US_OK",3751351,0,0,0,0,0,0,0,0,0,0,0,0,0,0
"2020/02/13","US_OK",3751351,0,0,0,0,0,0,0,0,0,0,0,0,0,0
"2020/02/14","US_OK",3751351,0,0,0,0,0,0,0,0,0,0,0,0,0,0
"2020/02/15","US_OK",3751351,0,0,0,0,0,0,0,0,0,0,0,0,0,0
"2020/02/16","US_OK",3751351,0,0,0,0,0,0,0,0,0,0,0,0,0,0
"2020/02/17","US_OK",3751351,0,0,0,0,0,0,0,0,0,0,0,0,0,0
"2020/02/18","US_OK",3751351,0,0,0,0,0,0,0,0,0,0,0,0,0,0
"2020/02/19","US_OK",3751351,0,0,0,0,0,0,0,0,0,0,0,0,0,0
"2020/02/20","US_OK",3751351,0,0,0,0,0,0,0,0,0,0,0,0,0,0
"2020/02/21","US_OK",3751351,0,0,0,0,0,0,0,0,0,0,0,0,0,0
"2020/02/22","US_OK",3751351,0,0,0,0,0,0,0,0,0,0,0,0,0,0
"2020/02/23","US_OK",3751351,0,0,0,0,0,0,0,0,0,0,0,0,0,0
"2020/02/24","US_OK",3751351,0,0,0,0,0,0,0,0,0,0,0,0,0,0
"2020/02/25","US_OK",3751351,0,0,0,0,0,0,0,0,0,0,0,0,0,0
"2020/02/26","US_OK",3751351,0,0,0,0,0,0,0,0,0,0,0,0,0,0
"2020/02/27","US_OK",3751351,0,0,0,0,0,0,0,0,0,0,0,0,0,0
"2020/02/28","US_OK",3751351,0,0,0,0,0,0,0,0,0,0,0,0,0,0
"2020/02/29","US_OK",3751351,0,0,0,0,0,0,0,0,0,0,0,0,0,0
"2020/03/01","US_OK",3751351,0,0,0,0,0,0,0,0,0,0,0,0,0,0
"2020/03/02","US_OK",3751351,0,0,0,0,0,0,0,0,0,0,0,0,0,0
"2020/03/03","US_OK",3751351,0,0,0,0,0,0,0,0,0,0,0,0,0,0
"2020/03/04","US_OK",3751351,0,0,0,0,0,0,0,0,0,0,0,0,0,0
"2020/03/05","US_OK",3751351,0,0,0,0,0,0,0,0,0,0,0,0,0,0
"2020/03/06","US_OK",3751351,0,0,0,0,72.463768115942,72.463768115942,72.463768115942,72.463768115942,0,0,1.93167123300224e-05,1.93167123300224e-05,1.93167123300224e-05,1.93167123300224e-05
"2020/03/07","US_OK",3751351,1,0,1,0,72.463768115942,0,72.463768115942,72.463768115942,2.6657063015431e-07,0,1.93167123300224e-05,0,1.93167123300224e-05,1.93167123300224e-05
"2020/03/08","US_OK",3751351,0,0,1,0,72.463768115942,0,72.463768115942,72.463768115942,2.6657063015431e-07,0,1.93167123300224e-05,0,1.93167123300224e-05,1.93167123300224e-05
"2020/03/09","US_OK",3751351,0,0,1,0,144.927536231884,72.463768115942,144.927536231884,144.927536231884,2.6657063015431e-07,0,3.86334246600449e-05,1.93167123300224e-05,3.86334246600449e-05,3.86334246600449e-05
"2020/03/10","US_OK",3751351,1,0,2,0,144.927536231884,0,144.927536231884,144.927536231884,5.3314126030862e-07,0,3.86334246600449e-05,0,3.86334246600449e-05,3.86334246600449e-05
"2020/03/11","US_OK",3751351,0,0,2,0,217.391304347826,72.463768115942,217.391304347826,217.391304347826,5.3314126030862e-07,0,5.79501369900673e-05,1.93167123300224e-05,5.79501369900673e-05,5.79501369900673e-05
"2020/03/12","US_OK",3751351,1,0,3,0,362.31884057971,144.927536231884,362.31884057971,362.31884057971,7.99711890462929e-07,0,9.65835616501122e-05,3.86334246600449e-05,9.65835616501122e-05,9.65835616501122e-05
"2020/03/13","US_OK",3751351,0,0,3,0,507.246376811594,144.927536231884,507.246376811594,507.246376811594,7.99711890462929e-07,0,0.000135216986310157,3.86334246600449e-05,0.000135216986310157,0.000135216986310157
"2020/03/14","US_OK",3751351,1,0,4,0,579.710144927536,72.4637681159421,579.710144927536,579.710144927536,1.06628252061724e-06,0,0.00015453369864018,1.93167123300225e-05,0.00015453369864018,0.00015453369864018
"2020/03/15","US_OK",3751351,0,0,4,0,1086.95652173913,507.246376811594,1086.95652173913,1086.95652173913,1.06628252061724e-06,0,0.000289750684950337,0.000135216986310157,0.000289750684950337,0.000289750684950337
"2020/03/16","US_OK",3751351,6,0,10,0,1159.42028985507,72.463768115942,1159.42028985507,1159.42028985507,2.6657063015431e-06,0,0.000309067397280359,1.93167123300224e-05,0.000309067397280359,0.000309067397280359
"2020/03/17","US_OK",3751351,7,0,17,0,1159.42028985507,0,1159.42028985507,1159.42028985507,4.53170071262327e-06,0,0.000309067397280359,0,0.000309067397280359,0.000309067397280359
"2020/03/18","US_OK",3751351,0,0,17,0,1666.66666666667,507.246376811594,1594.20289855072,1666.66666666667,4.53170071262327e-06,0,0.000444284383590516,0.000135216986310157,0.000424967671260494,0.000444284383590516
"2020/03/19","US_OK",3751351,27,1,44,1,2173.91304347826,507.246376811594,2101.44927536232,2173.91304347826,1.17291077267896e-05,2.6657063015431e-07,0.000579501369900673,0.000135216986310157,0.000560184657570651,0.000579501369900673
"2020/03/20","US_OK",3751351,5,0,49,1,2463.76811594203,289.855072463768,2391.30434782609,2463.76811594203,1.30619608775612e-05,2.6657063015431e-07,0.000656768219220763,7.72668493200898e-05,0.000637451506890741,0.000656768219220763
"2020/03/21","US_OK",3751351,4,0,53,1,2753.6231884058,289.855072463768,2608.69565217391,2753.6231884058,1.41282433981784e-05,2.6657063015431e-07,0.000734035068540853,7.72668493200898e-05,0.000695401643880808,0.000734035068540853
"2020/03/22","US_OK",3751351,14,1,67,2,3043.47826086957,289.855072463768,2898.55072463768,3043.47826086957,1.78602322203388e-05,5.3314126030862e-07,0.000811301917860943,7.72668493200899e-05,0.000772668493200898,0.000811301917860943
"2020/03/23","US_OK",3751351,14,0,81,2,3333.33333333333,289.855072463768,3115.94202898551,3333.33333333333,2.15922210424991e-05,5.3314126030862e-07,0.000888568767181033,7.72668493200898e-05,0.000830618630190965,0.000888568767181033
"2020/03/24","US_OK",3751351,25,1,106,3,3695.65217391304,362.31884057971,3333.33333333333,3623.1884057971,2.82564867963568e-05,7.99711890462929e-07,0.000985152328831145,9.65835616501122e-05,0.000888568767181033,0.000965835616501122
"2020/03/25","US_OK",3751351,58,2,164,5,4855.07246376812,1159.42028985507,4347.82608695652,4782.60869565217,4.37175833453068e-05,1.33285315077155e-06,0.0012942197261115,0.000309067397280359,0.00115900273980135,0.00127490301378148
"2020/03/26","US_OK",3751351,84,2,248,7,5724.63768115942,869.565217391304,5144.92753623188,5652.17391304348,6.61095162782688e-05,1.86599441108017e-06,0.00152602027407177,0.000231800547960269,0.00137148657543159,0.00150670356174175
"2020/03/27","US_OK",3751351,74,1,322,8,5797.10144927536,72.463768115942,4710.14492753623,5652.17391304348,8.58357429096877e-05,2.13256504123448e-06,0.0015453369864018,1.93167123300224e-05,0.00125558630145146,0.00150670356174175
"2020/03/28","US_OK",3751351,55,7,377,15,6376.8115942029,579.710144927537,5217.39130434783,6231.88405797101,0.000100497127568175,3.99855945231465e-06,0.00169987068504198,0.00015453369864018,0.00139080328776162,0.00166123726038193
"2020/03/29","US_OK",3751351,52,1,429,16,6811.59420289855,434.782608695652,5652.17391304348,6594.20289855072,0.000114358800336199,4.26513008246896e-06,0.00181577095902211,0.000115900273980135,0.00150670356174175,0.00175782082203204
"2020/03/30","US_OK",3751351,52,0,481,16,6956.52173913043,144.927536231884,5289.85507246377,6594.20289855072,0.000128220473104223,4.26513008246896e-06,0.00185440438368215,3.86334246600449e-05,0.00141012000009164,0.00175782082203204
"2020/03/31","US_OK",3751351,87,7,568,23,7173.91304347826,217.391304347826,5000,6666.66666666667,0.000151412117927648,6.13112449354912e-06,0.00191235452067222,5.79501369900673e-05,0.00133285315077155,0.00177713753436207
"2020/04/01","US_OK",3751351,153,7,721,30,7826.08695652174,652.173913043478,5362.31884057971,7246.3768115942,0.000192197424341257,7.99711890462929e-06,0.00208620493164242,0.000173850410970202,0.00142943671242166,0.00193167123300224
"2020/04/02","US_OK",3751351,160,4,881,34,8913.04347826087,1086.95652173913,6159.42028985507,7826.08695652174,0.000234848725165947,9.06340142524653e-06,0.00237595561659276,0.000289750684950337,0.00164192054805191,0.00208620493164242
"2020/04/03","US_OK",3751351,109,4,990,38,9492.75362318841,579.710144927536,6449.27536231884,8333.33333333333,0.000263904923852767,1.01296839458638e-05,0.00253048931523294,0.00015453369864018,0.001719187397372,0.00222142191795258
"2020/04/04","US_OK",3751351,171,4,1161,42,9855.07246376812,362.31884057971,6521.73913043478,8695.65217391304,0.000309488501609154,1.1195966466481e-05,0.00262707287688305,9.65835616501122e-05,0.00173850410970202,0.00231800547960269
"2020/04/05","US_OK",3751351,93,4,1254,46,9855.07246376812,0,6159.42028985507,8188.40579710145,0.000334279570213504,1.22622489870982e-05,0.00262707287688305,0,0.00164192054805191,0.00218278849329254
"2020/04/06","US_OK",3751351,75,5,1329,51,10144.9275362319,289.855072463768,5289.85507246377,7971.01449275362,0.000354272367475078,1.35951021378698e-05,0.00270433972620314,7.72668493200898e-05,0.00141012000009164,0.00212483835630247
"2020/04/07","US_OK",3751351,145,16,1474,67,10362.3188405797,217.391304347826,4637.68115942029,7898.55072463768,0.000392925108847453,1.78602322203388e-05,0.00276228986319321,5.79501369900673e-05,0.00123626958912144,0.00210552164397245
"2020/04/08","US_OK",3751351,52,12,1526,79,11884.0579710145,1521.73913043478,6086.95652173913,9130.4347826087,0.000406786781615477,2.10590797821905e-05,0.00316794082212368,0.000405650958930471,0.00162260383572189,0.00243390575358283
"2020/04/09","US_OK",3751351,160,1,1686,80,12318.8405797101,434.782608695654,5942.02898550725,9275.36231884058,0.000449438082440166,2.13256504123448e-05,0.00328384109610382,0.000115900273980135,0.00158397041106184,0.00247253917824287
"2020/04/10","US_OK",3751351,108,8,1794,88,12971.0144927536,652.173913043478,6159.42028985507,9637.68115942029,0.000478227710496832,2.34582154535793e-05,0.00345769150707402,0.000173850410970202,0.00164192054805191,0.00256912273989299
"2020/04/11","US_OK",3751351,74,6,1868,94,13623.1884057971,652.173913043478,6666.66666666667,9927.53623188406,0.000497953937128251,2.50576392345051e-05,0.00363154191804422,0.000173850410970202,0.00177713753436207,0.00264638958921307
"2020/04/12","US_OK",3751351,102,2,1970,96,14057.9710144928,434.782608695652,6884.05797101449,9202.89855072464,0.00052514414140399,2.55907804948137e-05,0.00374744219202435,0.000115900273980135,0.00183508767135213,0.00245322246591285
"2020/04/13","US_OK",3751351,99,3,2069,99,14130.4347826087,72.463768115942,6304.34782608696,8405.79710144928,0.000551534633789267,2.63904923852767e-05,0.00376675890435438,1.93167123300224e-05,0.00168055397271195,0.0022407386302826
"2020/04/14","US_OK",3751351,115,9,2184,108,14275.3623188406,144.927536231884,5362.31884057971,8478.26086956522,0.000582190256257012,2.87896280566655e-05,0.00380539232901442,3.86334246600449e-05,0.00142943671242166,0.00226005534261263
"2020/04/15","US_OK",3751351,79,15,2263,123,15000,724.63768115942,5507.24637681159,8623.1884057971,0.000603249336039203,3.27881875089801e-05,0.00399855945231465,0.000193167123300224,0.00146807013708171,0.00229868876727267
"2020/04/16","US_OK",3751351,94,8,2357,131,15507.2463768116,507.246376811594,5652.17391304348,8695.65217391304,0.000628306975273708,3.49207525502146e-05,0.0041337764386248,0.000135216986310157,0.00150670356174175,0.00231800547960269
"2020/04/17","US_OK",3751351,108,5,2465,136,16086.9565217391,579.710144927536,6231.88405797101,9130.4347826087,0.000657096603330374,3.62536057009861e-05,0.00428831013726498,0.00015453369864018,0.00166123726038193,0.00243390575358283
"2020/04/18","US_OK",3751351,0,0,2465,136,16666.6666666667,579.710144927538,6521.73913043478,9492.75362318841,0.000657096603330374,3.62536057009861e-05,0.00444284383590516,0.00015453369864018,0.00173850410970202,0.00253048931523294
"2020/04/19","US_OK",3751351,102,4,2567,140,17246.3768115942,579.710144927536,6884.05797101449,9420.28985507247,0.000684286807606113,3.73198882216034e-05,0.00459737753454534,0.00015453369864018,0.00183508767135213,0.00251117260290292
"2020/04/20","US_OK",3751351,113,3,2680,143,17246.3768115942,0,5362.31884057971,8333.33333333333,0.00071440928881355,3.81196001120663e-05,0.00459737753454534,0,0.00142943671242166,0.00222142191795258
"2020/04/21","US_OK",3751351,127,21,2807,164,17246.3768115942,0,4927.53623188406,7753.6231884058,0.000748263758843147,4.37175833453068e-05,0.00459737753454534,0,0.00131353643844153,0.0020668882193124
"2020/04/22","US_OK",3751351,87,6,2894,170,17898.5507246377,652.173913043476,4927.53623188406,8043.47826086956,0.000771455403666572,4.53170071262327e-05,0.00477122794551554,0.000173850410970201,0.00131353643844153,0.00214415506863249
"2020/04/23","US_OK",3751351,123,9,3017,179,18333.3333333333,434.782608695652,4710.14492753623,8478.26086956522,0.000804243591175552,4.77161427976214e-05,0.00488712821949568,0.000115900273980135,0.00125558630145146,0.00226005534261263
"2020/04/24","US_OK",3751351,104,9,3121,188,18840.5797101449,507.246376811596,4782.60869565217,8695.65217391304,0.000831966936711601,5.01152784690102e-05,0.00502234520580584,0.000135216986310158,0.00127490301378148,0.00231800547960269
"2020/04/25","US_OK",3751351,73,6,3194,194,19275.3623188406,434.782608695652,5144.92753623188,8913.04347826087,0.000851426592712865,5.17147022499361e-05,0.00513824547978597,0.000115900273980135,0.00137148657543159,0.00237595561659276
"2020/04/26","US_OK",3751351,60,1,3254,195,19565.2173913043,289.855072463768,5289.85507246377,7681.15942028986,0.000867420830522124,5.19812728800904e-05,0.00521551232910606,7.72668493200898e-05,0.00141012000009164,0.00204757150698238
"2020/04/27","US_OK",3751351,27,2,3281,197,19710.1449275362,144.927536231884,4710.14492753623,7391.30434782609,0.00087461823753629,5.2514414140399e-05,0.00525414575376611,3.86334246600449e-05,0.00125558630145146,0.00197030465766229
"2020/04/28","US_OK",3751351,129,10,3410,207,19855.0724637681,144.927536231884,4347.82608695652,6884.05797101449,0.000909005848826196,5.51801204419421e-05,0.00529277917842615,3.86334246600449e-05,0.00115900273980135,0.00183508767135213
"2020/04/29","US_OK",3751351,63,7,3473,214,20144.9275362319,289.855072463768,4057.97101449275,6521.73913043478,0.000925799798525918,5.70461148530223e-05,0.00537004602774624,7.72668493200898e-05,0.00108173589048126,0.00173850410970202
"2020/04/30","US_OK",3751351,145,8,3618,222,20144.9275362319,0,3478.26086956522,6086.95652173913,0.000964452539898293,5.91786798942568e-05,0.00537004602774624,0,0.000927202191841077,0.00162260383572189
"2020/05/01","US_OK",3751351,130,8,3748,230,20579.7101449275,434.782608695652,3333.33333333333,6449.27536231884,0.000999106721818353,6.13112449354912e-05,0.00548594630172637,0.000115900273980135,0.000888568767181032,0.001719187397372
"2020/05/02","US_OK",3751351,103,8,3851,238,20652.1739130435,72.4637681159438,3405.79710144928,6376.8115942029,0.00102656349672425,6.34438099767257e-05,0.0055052630140564,1.93167123300229e-05,0.000907885479511055,0.00169987068504198
"2020/05/03","US_OK",3751351,121,0,3972,238,20869.5652173913,217.391304347824,3623.1884057971,5869.5652173913,0.00105881854297292,6.34438099767257e-05,0.00556321315104646,5.79501369900668e-05,0.000965835616501122,0.00156465369873182
"2020/05/04","US_OK",3751351,72,0,4044,238,20869.5652173913,0,2971.01449275362,5362.31884057971,0.00107801162834403,6.34438099767257e-05,0.00556321315104646,0,0.00079198520553092,0.00142943671242166
"2020/05/05","US_OK",3751351,83,9,4127,247,20869.5652173913,0,2536.23188405797,4782.60869565217,0.00110013699064684,6.58429456481145e-05,0.00556321315104646,0,0.000676084931550786,0.00127490301378148
"2020/05/06","US_OK",3751351,75,6,4202,253,21231.884057971,362.318840579712,2391.30434782609,4565.21739130435,0.00112012978790841,6.74423694290404e-05,0.00565979671269658,9.65835616501127e-05,0.000637451506890741,0.00121695287679141
"2020/05/07","US_OK",3751351,128,7,4330,260,21666.6666666667,434.782608695652,2391.30434782609,4420.28985507246,0.00115425082856816,6.93083638401205e-05,0.00577569698667671,0.000115900273980135,0.000637451506890741,0.00117831945213137
"2020/05/08","US_OK",3751351,94,6,4424,266,22028.9855072464,362.318840579708,2463.76811594203,4782.60869565217,0.00117930846780267,7.09077876210464e-05,0.00587228054832682,9.65835616501117e-05,0.000656768219220763,0.00127490301378148
"2020/05/09","US_OK",3751351,66,4,4490,270,22246.3768115942,217.391304347828,2536.23188405797,5000,0.00119690212939285,7.19740701416636e-05,0.00593023068531689,5.79501369900678e-05,0.000676084931550786,0.00133285315077155
"2020/05/10","US_OK",3751351,99,2,4589,272,22536.231884058,289.855072463768,2681.15942028986,4637.68115942029,0.00122329262177813,7.25072114019723e-05,0.00600749753463698,7.72668493200898e-05,0.000714718356210831,0.00123626958912144
"2020/05/11","US_OK",3751351,24,2,4613,274,22536.231884058,0,2391.30434782609,4202.89855072464,0.00122969031690183,7.30403526622809e-05,0.00600749753463698,0,0.000637451506890741,0.0011203693151413
"2020/05/12","US_OK",3751351,119,4,4732,278,22681.1594202899,144.927536231884,2536.23188405797,3840.57971014493,0.00126141222189019,7.41066351828981e-05,0.00604613095929703,3.86334246600449e-05,0.000676084931550786,0.00102378575349119
"2020/05/13","US_OK",3751351,126,0,4858,278,23043.4782608696,362.318840579708,2463.76811594203,3768.11594202898,0.00129500012128964,7.41066351828981e-05,0.00614271452094714,9.65835616501117e-05,0.000656768219220763,0.00100446904116117
"2020/05/14","US_OK",3751351,105,6,4963,284,23333.3333333333,289.855072463768,2681.15942028985,3768.11594202898,0.00132299003745584,7.5706058963824e-05,0.00621998137026723,7.72668493200898e-05,0.00071471835621083,0.00100446904116117
"2020/05/15","US_OK",3751351,124,1,5087,285,23550.7246376812,217.391304347828,2681.15942028986,3840.57971014493,0.00135604479559497,7.59726295939783e-05,0.00627793150725729,5.79501369900678e-05,0.000714718356210831,0.00102378575349119
"2020/05/16","US_OK",3751351,150,3,5237,288,23840.5797101449,289.855072463768,2971.01449275362,3985.50724637681,0.00139603039011812,7.67723414844412e-05,0.00635519835657738,7.72668493200898e-05,0.00079198520553092,0.00106241917815123
"2020/05/17","US_OK",3751351,73,0,5310,288,24202.8985507246,362.318840579712,3333.33333333334,4057.97101449276,0.00141549004611938,7.67723414844412e-05,0.0064517819182275,9.65835616501127e-05,0.000888568767181033,0.00108173589048126
"2020/05/18","US_OK",3751351,88,0,5398,288,24202.8985507246,0,2971.01449275362,4057.97101449276,0.00143894826157296,7.67723414844412e-05,0.0064517819182275,0,0.00079198520553092,0.00108173589048126
"2020/05/19","US_OK",3751351,91,5,5489,293,24202.8985507246,0,2536.23188405797,3623.1884057971,0.00146320618891701,7.81051946352128e-05,0.0064517819182275,0,0.000676084931550786,0.000965835616501123
"2020/05/20","US_OK",3751351,43,6,5532,299,24565.2173913043,362.318840579708,2536.23188405797,3913.04347826087,0.00147466872601364,7.97046184161386e-05,0.00654836547987761,9.65835616501117e-05,0.000676084931550786,0.00104310246582121
"2020/05/21","US_OK",3751351,148,5,5680,304,24710.1449275362,144.927536231884,2463.76811594203,3840.57971014493,0.00151412117927648,8.10374715669102e-05,0.00658699890453765,3.86334246600449e-05,0.000656768219220763,0.00102378575349119
"2020/05/22","US_OK",3751351,169,3,5849,307,24927.5362318841,217.391304347828,2391.30434782609,4057.97101449276,0.00155917161577256,8.18371834573731e-05,0.00664494904152772,5.79501369900678e-05,0.000637451506890741,0.00108173589048126
"2020/05/23","US_OK",3751351,111,4,5960,311,25000,72.4637681159402,2463.76811594203,4130.4347826087,0.00158876095571969,8.29034659779903e-05,0.00666426575385774,1.9316712330022e-05,0.000656768219220763,0.00110105260281128
"2020/05/24","US_OK",3751351,77,0,6037,311,25144.9275362319,144.927536231884,2463.76811594203,3913.04347826087,0.00160928689424157,8.29034659779903e-05,0.00670289917851779,3.86334246600449e-05,0.000656768219220763,0.00104310246582121
"2020/05/25","US_OK",3751351,53,2,6090,313,25217.3913043478,72.4637681159438,2173.91304347826,3550.72463768116,0.00162341513763975,8.34366072382989e-05,0.00672221589084781,1.93167123300229e-05,0.000579501369900674,0.0009465189041711
"2020/05/26","US_OK",3751351,48,5,6138,318,25217.3913043478,0,1884.0579710145,3188.40579710145,0.00163621052788715,8.47694603890705e-05,0.00672221589084781,0,0.000502234520580584,0.000849935342520988
"2020/05/27","US_OK",3751351,91,4,6229,322,25652.1739130435,434.782608695652,2101.44927536232,3405.79710144928,0.0016604684552312,8.58357429096877e-05,0.00683811616482795,0.000115900273980135,0.000560184657570651,0.000907885479511055
"2020/05/28","US_OK",3751351,44,3,6273,325,25797.1014492754,144.927536231884,1956.52173913044,3260.86956521739,0.00167219756295798,8.66354548001507e-05,0.00687674958948799,3.86334246600449e-05,0.000521551232910606,0.00086925205485101
"2020/05/29","US_OK",3751351,65,4,6338,329,25942.0289855072,144.927536231884,1739.13043478261,3405.79710144928,0.00168952465391802,8.77017373207679e-05,0.00691538301414804,3.86334246600449e-05,0.000463601095920539,0.000907885479511055
"2020/05/30","US_OK",3751351,80,5,6418,334,26086.9565217391,144.927536231884,1884.05797101449,3405.79710144928,0.00171085030433036,8.90345904715394e-05,0.00695401643880808,3.86334246600449e-05,0.000502234520580583,0.000907885479511055
"2020/05/31","US_OK",3751351,0,0,6418,334,26086.9565217391,0,1884.05797101449,3043.47826086957,0.00171085030433036,8.90345904715394e-05,0.00695401643880808,0,0.000502234520580583,0.000811301917860943
"2020/06/01","US_OK",3751351,155,0,6573,334,26086.9565217391,0,1521.73913043478,2753.6231884058,0.00175216875200428,8.90345904715394e-05,0.00695401643880808,0,0.000405650958930472,0.000734035068540854
"2020/06/02","US_OK",3751351,119,5,6692,339,26086.9565217391,0,1376.8115942029,2536.23188405797,0.00178389065699264,9.0367443622311e-05,0.00695401643880808,0,0.000367017534270427,0.000676084931550786
"2020/06/03","US_OK",3751351,113,2,6805,341,26086.9565217391,0,1159.42028985507,2246.3768115942,0.00181401313820008,9.09005848826196e-05,0.00695401643880808,0,0.000309067397280359,0.000598818082230696
"2020/06/04","US_OK",3751351,102,3,6907,344,26376.8115942029,289.855072463768,1376.8115942029,2173.91304347826,0.00184120334247582,9.17002967730826e-05,0.00703128328812817,7.72668493200898e-05,0.000367017534270427,0.000579501369900673
"2020/06/05","US_OK",3751351,100,1,7007,345,26521.7391304348,144.927536231884,1376.8115942029,2318.84057971014,0.00186786040549125,9.19668674032369e-05,0.00706991671278822,3.86334246600449e-05,0.000367017534270427,0.000618134794560718
"2020/06/06","US_OK",3751351,52,2,7059,347,26594.2028985507,72.4637681159402,1376.8115942029,2391.30434782608,0.00188172207825927,9.25000086635455e-05,0.00708923342511824,1.9316712330022e-05,0.000367017534270426,0.00063745150689074
"2020/06/07","US_OK",3751351,91,1,7150,348,26666.6666666667,72.4637681159438,1449.27536231884,2101.44927536232,0.00190598000560331,9.27665792936998e-05,0.00710855013744826,1.93167123300229e-05,0.000386334246600449,0.000560184657570651
"2020/06/08","US_OK",3751351,55,0,7205,348,26739.1304347826,72.4637681159402,1086.95652173913,2028.98550724638,0.0019206413902618,9.27665792936998e-05,0.00712786684977828,1.9316712330022e-05,0.000289750684950336,0.000540867945240628
"2020/06/09","US_OK",3751351,158,6,7363,354,26739.1304347826,0,942.028985507244,1811.59420289855,0.00196275954982618,9.43660030746256e-05,0.00712786684977828,0,0.000251117260290291,0.00048291780825056
"2020/06/10","US_OK",3751351,120,2,7483,356,26884.0579710145,144.927536231884,942.028985507244,1884.05797101449,0.0019947480254447,9.48991443349343e-05,0.00716650027443833,3.86334246600449e-05,0.000251117260290291,0.000502234520580583
"2020/06/11","US_OK",3751351,143,2,7626,358,26956.5217391304,72.4637681159438,869.565217391304,1811.59420289855,0.00203286762555677,9.54322855952429e-05,0.00718581698676835,1.93167123300229e-05,0.000231800547960269,0.000482917808250561
"2020/06/12","US_OK",3751351,223,2,7849,360,27173.9130434783,217.391304347824,1086.95652173913,1956.52173913043,0.00209231287608118,9.59654268555515e-05,0.00724376712375842,5.79501369900668e-05,0.000289750684950336,0.000521551232910605
"2020/06/13","US_OK",3751351,224,-1,8073,360,27318.8405797101,144.927536231884,1231.88405797101,2101.44927536232,0.00215202469723574,9.59654268555515e-05,0.00728240054841846,3.86334246600449e-05,0.000328384109610381,0.00056018465757065
"2020/06/14","US_OK",3751351,158,0,8231,360,27826.0869565217,507.246376811596,1739.13043478261,2173.91304347826,0.00219414285680012,9.59654268555515e-05,0.00741761753472862,0.000135216986310158,0.000463601095920539,0.000579501369900673
"2020/06/15","US_OK",3751351,186,0,8417,360,27898.5507246377,72.4637681159402,1811.59420289855,2101.44927536232,0.00224372499400883,9.59654268555515e-05,0.00743693424705864,1.9316712330022e-05,0.000482917808250561,0.00056018465757065
"2020/06/16","US_OK",3751351,228,4,8645,360,27898.5507246377,0,1521.73913043478,1956.52173913043,0.00230450309768401,9.59654268555515e-05,0.00743693424705864,0,0.000405650958930471,0.000521551232910605
"2020/06/17","US_OK",3751351,259,1,8904,364,28043.4782608696,144.927536231884,1521.73913043478,1956.52173913043,0.00237354489089397,9.70317093761687e-05,0.00747556767171869,3.86334246600449e-05,0.000405650958930471,0.000521551232910605
"2020/06/18","US_OK",3751351,451,2,9355,366,28188.4057971014,144.927536231884,1594.20289855072,2101.44927536232,0.00249376824509357,9.75648506364774e-05,0.00751420109637873,3.86334246600449e-05,0.000424967671260494,0.00056018465757065
"2020/06/19","US_OK",3751351,352,1,9707,367,28623.1884057971,434.782608695652,1956.52173913043,2536.23188405797,0.00258760110690788,9.78314212666317e-05,0.00763010137035887,0.000115900273980135,0.000521551232910605,0.000676084931550785
"2020/06/20","US_OK",3751351,331,1,10038,368,28840.5797101449,217.391304347828,2101.44927536232,2753.6231884058,0.00267583598548896,9.8097991896786e-05,0.00768805150734893,5.79501369900678e-05,0.000560184657570651,0.000734035068540853
"2020/06/21","US_OK",3751351,478,1,10516,369,28840.5797101449,0,2101.44927536232,2753.6231884058,0.00280325674670272,9.83645625269403e-05,0.00768805150734893,0,0.000560184657570651,0.000734035068540853
"2020/06/22","US_OK",3751351,218,0,10734,369,28840.5797101449,0,1956.52173913044,2463.76811594203,0.00286136914407636,9.83645625269403e-05,0.00768805150734893,0,0.000521551232910606,0.000656768219220763
"2020/06/23","US_OK",3751351,297,2,11031,371,28913.0434782609,72.4637681159438,1956.52173913044,2391.30434782609,0.00294054062123219,9.88977037872489e-05,0.00770736821967896,1.93167123300229e-05,0.000521551232910606,0.000637451506890741
"2020/06/24","US_OK",3751351,479,1,11510,372,29275.3623188406,362.318840579708,2101.44927536232,2681.15942028986,0.00306822795307611,9.91642744174032e-05,0.00780395178132907,9.65835616501117e-05,0.000560184657570651,0.000714718356210831
"2020/06/25","US_OK",3751351,438,3,11948,375,29492.7536231884,217.391304347828,2173.91304347826,2826.08695652174,0.00318498588908369,9.99639863078662e-05,0.00786190191831914,5.79501369900678e-05,0.000579501369900674,0.000753351780870876
"2020/06/26","US_OK",3751351,399,2,12347,377,29710.1449275362,217.391304347824,1884.05797101449,2971.01449275362,0.00329134757051526,0.000100497127568175,0.0079198520553092,5.79501369900668e-05,0.000502234520580583,0.00079198520553092
"2020/06/27","US_OK",3751351,299,7,12646,384,30144.9275362319,434.782608695652,2246.3768115942,3405.79710144928,0.0033710521889314,0.000102363121979255,0.00803575232928934,0.000115900273980135,0.000598818082230696,0.000907885479511055
"2020/06/28","US_OK",3751351,301,1,12947,385,30507.2463768116,362.318840579712,2608.69565217392,3623.1884057971,0.00345128994860785,0.000102629692609409,0.00813233589093945,9.65835616501127e-05,0.000695401643880809,0.000965835616501123
"2020/06/29","US_OK",3751351,228,0,13175,385,30579.7101449275,72.4637681159402,2536.23188405797,3623.1884057971,0.00351206805228303,0.000102629692609409,0.00815165260326947,1.9316712330022e-05,0.000676084931550786,0.000965835616501122
"2020/06/30","US_OK",3751351,582,2,13757,387,30724.6376811594,144.927536231884,2536.23188405797,3550.72463768116,0.00366721215903284,0.000103162833869718,0.00819028602792952,3.86334246600449e-05,0.000676084931550786,0.0009465189041711
"2020/07/01","US_OK",3751351,362,2,14119,389,31014.4927536232,289.855072463768,2391.30434782609,3695.65217391304,0.0037637107271487,0.000103695975130026,0.00826755287724961,7.72668493200898e-05,0.000637451506890741,0.000985152328831145
"2020/07/02","US_OK",3751351,412,6,14531,395,31304.347826087,289.855072463768,2463.76811594203,3478.26086956522,0.00387353782677228,0.000105295398910952,0.0083448197265697,7.72668493200898e-05,0.000656768219220763,0.000927202191841077
"2020/07/03","US_OK",3751351,538,3,15069,398,31739.1304347826,434.782608695652,2898.55072463768,3840.57971014493,0.00401695282579529,0.000106095110801415,0.00846072000054983,0.000115900273980135,0.000772668493200898,0.00102378575349119
"2020/07/04","US_OK",3751351,579,0,15648,398,32246.3768115942,507.246376811596,3405.79710144928,4347.82608695652,0.00417129722065464,0.000106095110801415,0.00859593698685999,0.000135216986310158,0.000907885479511055,0.00115900273980135
"2020/07/05","US_OK",3751351,283,0,15931,398,32681.1594202899,434.782608695652,3768.11594202898,4637.68115942029,0.00424673670898831,0.000106095110801415,0.00871183726084012,0.000115900273980135,0.00100446904116117,0.00123626958912144
"2020/07/06","US_OK",3751351,431,1,16362,399,32681.1594202899,0,3405.79710144928,4492.75362318841,0.00436162865058482,0.00010636168143157,0.00871183726084012,0,0.000907885479511055,0.00119763616446139
"2020/07/07","US_OK",3751351,858,5,17220,404,32753.6231884058,72.4637681159402,3260.86956521739,4130.4347826087,0.00459034625125721,0.000107694534582341,0.00873115397317015,1.9316712330022e-05,0.000869252054851009,0.00110105260281128
"2020/07/08","US_OK",3751351,674,3,17894,407,33405.7971014493,652.173913043476,3695.65217391304,4565.21739130434,0.00477001485598122,0.000108494246472804,0.00890500438414035,0.000173850410970201,0.000985152328831144,0.00121695287679141
"2020/07/09","US_OK",3751351,603,3,18497,410,34347.8260869565,942.028985507248,4202.89855072464,5507.24637681159,0.00493075694596427,0.000109293958363267,0.00915612164443064,0.000251117260290292,0.0011203693151413,0.00146807013708171
"2020/07/10","US_OK",3751351,595,6,19092,416,34565.2173913044,217.391304347831,4057.97101449276,5724.63768115942,0.00508936647090608,0.000110893382144193,0.00921407178142071,5.79501369900688e-05,0.00108173589048126,0.00152602027407177
"2020/07/11","US_OK",3751351,687,5,19779,421,35072.4637681159,507.246376811592,4492.75362318841,6159.42028985507,0.00527250049382209,0.000112226235294964,0.00934928876773086,0.000135216986310157,0.00119763616446139,0.00164192054805191
"2020/07/12","US_OK",3751351,456,1,20235,422,35942.0289855072,869.565217391304,5217.39130434783,6666.66666666667,0.00539405670117246,0.000112492805925119,0.00958108931569113,0.000231800547960269,0.00139080328776162,0.00177713753436207
"2020/07/13","US_OK",3751351,511,2,20746,424,35942.0289855072,0,4927.53623188406,6449.27536231884,0.00553027429318131,0.000113025947185427,0.00958108931569113,0,0.00131353643844153,0.001719187397372
"2020/07/14","US_OK",3751351,994,4,21740,428,35942.0289855072,0,4637.68115942029,6231.88405797102,0.00579524549955469,0.000114092229706045,0.00958108931569113,0,0.00123626958912144,0.00166123726038193
"2020/07/15","US_OK",3751351,1074,4,22814,432,36884.0579710145,942.028985507248,5144.92753623189,6739.13043478261,0.00608154235634042,0.000115158512226662,0.00983220657598143,0.000251117260290292,0.00137148657543159,0.00179645424669209
"2020/07/16","US_OK",3751351,626,6,23440,438,37898.5507246377,1014.49275362318,5652.17391304348,7391.30434782608,0.00624841557081702,0.000116757936007588,0.0101026405486017,0.000270433972620313,0.00150670356174175,0.00197030465766229
"2020/07/17","US_OK",3751351,700,7,24140,445,38840.5797101449,942.028985507248,6159.42028985507,8260.86956521739,0.00643501501192504,0.000118623930418668,0.010353757808892,0.000251117260290292,0.00164192054805191,0.00220210520562256
"2020/07/18","US_OK",3751351,917,6,25057,451,39202.8985507246,362.318840579712,6521.73913043478,8478.26086956522,0.00667946027977654,0.000120223354199594,0.0104503413705421,9.65835616501127e-05,0.00173850410970202,0.00226005534261263
"2020/07/19","US_OK",3751351,209,0,25266,451,39782.6086956522,579.710144927536,7028.98550724638,8768.11594202899,0.00673517354147879,0.000120223354199594,0.0106048750691823,0.00015453369864018,0.00187372109601218,0.00233732219193272
"2020/07/20","US_OK",3751351,170,1,25436,452,39855.0724637681,72.4637681159438,6449.27536231885,8550.72463768116,0.00678049054860502,0.000120489924829748,0.0106241917815123,1.93167123300229e-05,0.001719187397372,0.00227937205494265
"2020/07/21","US_OK",3751351,890,9,26326,461,39927.5362318841,72.4637681159365,5579.71014492754,8188.40579710145,0.00701773840944236,0.000122889060501137,0.0106435084938424,1.9316712330021e-05,0.00148738684941173,0.00218278849329254
"2020/07/22","US_OK",3751351,972,13,27298,474,41014.4927536232,1086.95652173914,6449.27536231884,8768.11594202899,0.00727684506195235,0.000126354478693143,0.0109332591787927,0.000289750684950338,0.001719187397372,0.00233732219193272
"2020/07/23","US_OK",3751351,671,3,27969,477,42246.3768115942,1231.88405797101,7173.91304347826,9565.21739130434,0.00745571395478589,0.000127154190583606,0.0112616432884031,0.00032838410961038,0.00191235452067222,0.00254980602756296
"2020/07/24","US_OK",3751351,1147,7,29116,484,42971.0144927536,724.637681159424,7028.98550724638,10289.8550724638,0.00776147046757288,0.000129020184994686,0.0114548104117033,0.000193167123300225,0.00187372109601218,0.00274297315086319
"2020/07/25","US_OK",3751351,965,12,30081,496,43478.2608695652,507.246376811592,7536.23188405797,10724.6376811594,0.00801871112567179,0.000132219032556538,0.0115900273980135,0.000135216986310157,0.00200893808232233,0.00285887342484332
"2020/07/26","US_OK",3751351,1204,0,31285,496,43695.652173913,217.391304347831,7753.6231884058,10289.8550724638,0.00833966216437758,0.000132219032556538,0.0116479775350035,5.79501369900688e-05,0.0020668882193124,0.00274297315086319
"2020/07/27","US_OK",3751351,1400,0,32685,496,43695.652173913,0,6811.59420289855,9347.82608695653,0.00871286104659361,0.000132219032556538,0.0116479775350035,0,0.00181577095902211,0.0024918558905729
"2020/07/28","US_OK",3751351,1090,13,33775,509,43840.5797101449,144.92753623188,5942.02898550725,9275.36231884058,0.00900342303346181,0.000135684450748544,0.0116866109596636,3.86334246600439e-05,0.00158397041106184,0.00247253917824287
"2020/07/29","US_OK",3751351,848,14,34623,523,44782.6086956522,942.028985507248,5942.02898550725,9710.14492753623,0.00922947492783267,0.000139416439570704,0.0119377282199539,0.000251117260290292,0.00158397041106184,0.00258843945222301
"2020/07/30","US_OK",3751351,1117,13,35740,536,45434.7826086957,652.17391304348,6231.88405797102,9492.75362318841,0.00952723432171503,0.00014288185776271,0.0121115786309241,0.000173850410970202,0.00166123726038193,0.00253048931523294
"2020/07/31","US_OK",3751351,747,5,36487,541,46231.884057971,797.10144927536,6449.27536231884,10289.8550724638,0.0097263625824403,0.000144214710913482,0.0123240624665543,0.000212483835630246,0.001719187397372,0.00274297315086319
"2020/08/01","US_OK",3751351,1244,8,37731,549,46666.6666666667,434.782608695648,6811.59420289854,10724.6376811594,0.0100579764463523,0.000146347275954716,0.0124399627405345,0.000115900273980134,0.00181577095902211,0.00285887342484332
"2020/08/02","US_OK",3751351,494,1,38225,550,47608.6956521739,942.028985507248,7681.15942028986,10724.6376811594,0.0101896623376485,0.00014661384658487,0.0126910800008247,0.000251117260290292,0.00204757150698238,0.00285887342484332
"2020/08/03","US_OK",3751351,377,1,38602,551,47898.5507246377,289.855072463768,6884.05797101449,10000,0.0102901594652167,0.000146880417215025,0.0127683468501448,7.72668493200898e-05,0.00183508767135213,0.0026657063015431
"2020/08/04","US_OK",3751351,861,15,39463,566,48188.4057971014,289.855072463768,5942.02898550725,9347.82608695652,0.0105196767777795,0.000150878976667339,0.0128456136994649,7.72668493200898e-05,0.00158397041106184,0.00249185589057289
"2020/08/05","US_OK",3751351,1101,17,40564,583,49202.8985507246,1014.49275362319,6231.88405797102,10000,0.0108131710415794,0.000155410677379963,0.0131160476720852,0.000270433972620315,0.00166123726038193,0.0026657063015431
"2020/08/06","US_OK",3751351,837,10,41401,593,50652.1739130435,1449.27536231884,7173.91304347826,10869.5652173913,0.0110362906590186,0.000158076383681506,0.0135023819186857,0.000386334246600449,0.00191235452067222,0.00289750684950337
"2020/08/07","US_OK",3751351,854,7,42255,600,51376.8115942029,724.637681159416,7681.15942028985,11521.7391304348,0.0112639419771704,0.000159942378092586,0.0136955490419859,0.000193167123300223,0.00204757150698238,0.00307135726047357
"2020/08/08","US_OK",3751351,825,3,43080,603,51811.5942028986,434.782608695656,8115.9420289855,11884.0579710145,0.0114838627470477,0.000160742089983049,0.013811449315966,0.000115900273980136,0.00216347178096251,0.00316794082212368
"2020/08/09","US_OK",3751351,486,0,43566,603,52536.231884058,724.637681159416,8695.65217391304,11521.7391304348,0.0116134160733027,0.000160742089983049,0.0140046164392663,0.000193167123300223,0.00231800547960269,0.00307135726047357
"2020/08/10","US_OK",3751351,397,2,43963,605,52608.6956521739,72.4637681159438,7826.08695652174,10362.3188405797,0.0117192446134739,0.000161275231243357,0.0140239331515963,1.93167123300229e-05,0.00208620493164242,0.00276228986319321
"2020/08/11","US_OK",3751351,765,13,44728,618,52898.5507246377,289.855072463768,7463.76811594202,9927.53623188406,0.011923171145542,0.000164740649435363,0.0141012000009164,7.72668493200898e-05,0.00198962136999231,0.00264638958921307
"2020/08/12","US_OK",3751351,670,9,45398,627,53913.0434782609,1014.49275362319,7681.15942028986,10434.7826086957,0.0121017734677454,0.000167139785106752,0.0143716339735367,0.000270433972620315,0.00204757150698238,0.00278160657552323
"2020/08/13","US_OK",3751351,705,11,46103,638,55289.8550724638,1376.8115942029,8623.1884057971,11594.2028985507,0.0122897057620041,0.00017007206203845,0.0147386515078071,0.000367017534270426,0.00229868876727267,0.00309067397280359
"2020/08/14","US_OK",3751351,794,6,46897,644,56376.8115942029,1086.95652173913,8768.11594202898,12681.1594202898,0.0125013628423467,0.000171671485819375,0.0150284021927575,0.000289750684950336,0.00233732219193272,0.00338042465775393
"2020/08/15","US_OK",3751351,901,13,47798,657,56956.5217391304,579.710144927536,9057.97101449275,13115.9420289855,0.0127415429801157,0.000175136904011382,0.0151829358913976,0.00015453369864018,0.00241458904125281,0.00349632493173406
"2020/08/16","US_OK",3751351,544,4,48342,661,57753.6231884058,797.101449275367,9565.21739130435,12971.0144927536,0.0128865574029196,0.000176203186531999,0.0153954197270279,0.000212483835630248,0.00254980602756296,0.00345769150707402
"2020/08/17","US_OK",3751351,369,4,48711,665,57898.5507246377,144.92753623188,8695.65217391304,12463.768115942,0.0129849219654466,0.000177269469052616,0.0154340531516879,3.86334246600439e-05,0.00231800547960269,0.00332247452076386
"2020/08/18","US_OK",3751351,601,14,49312,679,57971.0144927536,72.4637681159438,7318.84057971014,11739.1304347826,0.0131451309141693,0.000181001457874776,0.015453369864018,1.93167123300229e-05,0.00195098794533227,0.00312930739746364
"2020/08/19","US_OK",3751351,611,20,49923,699,58550.7246376812,579.710144927536,7173.91304347826,11884.0579710145,0.0133080055691936,0.000186332870477862,0.0156079035626581,0.00015453369864018,0.00191235452067222,0.00316794082212368
"2020/08/20","US_OK",3751351,746,10,50669,709,59492.7536231884,942.028985507248,7681.15942028986,11884.0579710145,0.0135068672592887,0.000188998576779406,0.0158590208229484,0.000251117260290292,0.00204757150698238,0.00316794082212368
"2020/08/21","US_OK",3751351,1077,6,51746,715,60507.2463768116,1014.49275362318,7971.01449275362,12608.6956521739,0.0137939638279649,0.000190598000560331,0.0161294547955687,0.000270433972620313,0.00212483835630247,0.00336110794542391
"2020/08/22","US_OK",3751351,853,10,52599,725,61304.347826087,797.101449275367,8695.65217391305,13115.9420289855,0.0140213485754865,0.000193263706861875,0.016341938631199,0.000212483835630248,0.00231800547960269,0.00349632493173406
"2020/08/23","US_OK",3751351,566,1,53165,726,61594.2028985507,289.855072463768,8695.65217391305,12391.3043478261,0.0141722275521539,0.000193530277492029,0.0164192054805191,7.72668493200898e-05,0.00231800547960269,0.00330315780843384
"2020/08/24","US_OK",3751351,357,4,53522,730,61811.5942028986,217.391304347824,7898.55072463768,11159.4202898551,0.014267393267119,0.000194596560012646,0.0164771556175091,5.79501369900668e-05,0.00210552164397245,0.00297477369882346
"2020/08/25","US_OK",3751351,650,14,54172,744,61811.5942028986,0,6521.73913043478,10434.7826086957,0.0144406641767193,0.000198328548834806,0.0164771556175091,0,0.00173850410970202,0.00278160657552323
"2020/08/26","US_OK",3751351,666,19,54838,763,61884.0579710145,72.4637681159438,5507.2463768116,10072.4637681159,0.014618200216402,0.000203393390807738,0.0164964723298392,1.93167123300229e-05,0.00146807013708171,0.00268502301387312
"2020/08/27","US_OK",3751351,712,15,55550,778,62536.231884058,652.17391304348,5579.71014492754,10000,0.0148079985050719,0.000207391950260053,0.0166703227408094,0.000173850410970202,0.00148738684941173,0.0026657063015431
"2020/08/28","US_OK",3751351,710,8,56260,786,63478.2608695652,942.028985507241,5724.63768115942,10869.5652173913,0.0149972636524815,0.000209524515301287,0.0169214400010997,0.00025111726029029,0.00152602027407177,0.00289750684950337
"2020/08/29","US_OK",3751351,1093,11,57353,797,64347.8260869565,869.565217391304,6449.27536231884,11449.2753623188,0.0152886253512401,0.000212456792232985,0.0171532405490599,0.000231800547960269,0.001719187397372,0.00305204054814355
"2020/08/30","US_OK",3751351,766,2,58119,799,65144.9275362319,797.101449275367,7173.91304347826,11231.884057971,0.0154928184539383,0.000212989933493293,0.0173657243846902,0.000212483835630248,0.00191235452067222,0.00299409041115348
"2020/08/31","US_OK",3751351,614,1,58733,800,65579.7101449275,434.782608695648,7028.98550724638,10289.8550724638,0.0156564928208531,0.000213256504123448,0.0174816246586703,0.000115900273980134,0.00187372109601218,0.00274297315086319
"2020/09/01","US_OK",3751351,665,8,59398,808,65579.7101449275,0,6086.95652173913,9202.89855072464,0.0158337622899057,0.000215389069164682,0.0174816246586703,0,0.00162260383572188,0.00245322246591285
"2020/09/02","US_OK",3751351,720,13,60118,821,66086.9565217391,507.246376811599,5579.71014492754,9130.4347826087,0.0160256931436168,0.000218854487356688,0.0176168416449805,0.000135216986310159,0.00148738684941173,0.00243390575358283
"2020/09/03","US_OK",3751351,909,14,61027,835,66956.5217391304,869.565217391297,5652.17391304347,9202.89855072463,0.0162680058464271,0.000222586476178849,0.0178486421929407,0.000231800547960267,0.00150670356174175,0.00245322246591285
"2020/09/04","US_OK",3751351,1013,11,62040,846,67391.3043478261,434.782608695663,5797.10144927537,9492.75362318842,0.0165380418947734,0.000225518753110546,0.0179645424669209,0.000115900273980138,0.0015453369864018,0.00253048931523294
"2020/09/05","US_OK",3751351,1147,4,63187,850,68043.4782608696,652.173913043473,6231.88405797102,10072.4637681159,0.0168437984075604,0.000226585035631163,0.0181383928778911,0.0001738504109702,0.00166123726038193,0.00268502301387312
"2020/09/06","US_OK",3751351,420,3,63607,853,68333.3333333333,289.855072463761,6521.73913043478,9782.60869565217,0.0169557580722252,0.000227384747521626,0.0182156597272112,7.72668493200878e-05,0.00173850410970202,0.00260775616455303
"2020/09/07","US_OK",3751351,613,0,64220,853,68550.7246376812,217.391304347839,6666.66666666667,9057.97101449276,0.0171191658685098,0.000227384747521626,0.0182736098642012,5.79501369900707e-05,0.00177713753436207,0.00241458904125281
"2020/09/08","US_OK",3751351,833,1,65053,854,68695.652173913,144.927536231873,6159.42028985506,8188.40579710145,0.0173412192034283,0.000227651318151781,0.0183122432888613,3.8633424660042e-05,0.00164192054805191,0.00218278849329254
"2020/09/09","US_OK",3751351,876,9,65929,863,69710.1449275362,1014.4927536232,6231.88405797102,8405.79710144928,0.0175747350754435,0.000230050453823169,0.0185826772614816,0.000270433972620317,0.00166123726038193,0.0022407386302826
"2020/09/10","US_OK",3751351,771,13,66700,876,70289.8550724638,579.710144927536,5942.02898550726,8695.65217391305,0.0177802610312925,0.000233515872015175,0.0187372109601218,0.00015453369864018,0.00158397041106184,0.00231800547960269
"2020/09/11","US_OK",3751351,942,12,67642,888,71086.9565217391,797.10144927536,5942.02898550725,9275.36231884058,0.0180313705648978,0.000236714719577027,0.018949694795752,0.000212483835630246,0.00158397041106184,0.00247253917824287
"2020/09/12","US_OK",3751351,1017,11,68659,899,71956.5217391304,869.565217391297,6376.8115942029,10144.9275362319,0.0183024728957648,0.000239646996508724,0.0191814953437123,0.000231800547960267,0.00169987068504197,0.00270433972620314
"2020/09/13","US_OK",3751351,695,6,69354,905,72753.6231884058,797.10144927536,7173.91304347826,10869.5652173913,0.018487739483722,0.00024124642028965,0.0193939791793425,0.000212483835630246,0.00191235452067222,0.00289750684950336
"2020/09/14","US_OK",3751351,869,0,70223,905,72898.5507246377,144.927536231888,6811.59420289854,10362.3188405797,0.0187193893613261,0.00024124642028965,0.0194326126040026,3.86334246600458e-05,0.00181577095902211,0.00276228986319321
"2020/09/15","US_OK",3751351,1091,7,71314,912,72971.0144927536,72.4637681159511,6014.4927536232,9492.75362318842,0.0190102179188244,0.00024311241470073,0.0194519293163326,1.93167123300249e-05,0.00160328712339187,0.00253048931523294
"2020/09/16","US_OK",3751351,970,12,72284,924,73768.115942029,797.10144927536,6376.8115942029,9420.28985507247,0.0192687914300741,0.000246311262262582,0.0196644131519629,0.000212483835630246,0.00169987068504197,0.00251117260290292
"2020/09/17","US_OK",3751351,1034,6,73318,930,74710.1449275362,942.028985507248,6666.66666666667,9565.21739130435,0.0195444254616537,0.000247910686043508,0.0199155304122531,0.000251117260290292,0.00177713753436207,0.00254980602756296
"2020/09/18","US_OK",3751351,1249,9,74567,939,75000,289.855072463761,6666.66666666667,9420.28985507246,0.0198773721787164,0.000250309821714897,0.0199927972615732,7.72668493200878e-05,0.00177713753436207,0.00251117260290292
"2020/09/19","US_OK",3751351,1237,4,75804,943,75652.1739130435,652.173913043473,7101.44927536231,10072.4637681159,0.0202071200482173,0.000251376104235514,0.0201666476725434,0.0001738504109702,0.0018930378083422,0.00268502301387312
"2020/09/20","US_OK",3751351,1003,3,76807,946,76159.4202898551,507.246376811599,7463.76811594203,10072.4637681159,0.0204744903902621,0.000252175816125977,0.0203018646588536,0.000135216986310159,0.00198962136999231,0.00268502301387312
"2020/09/21","US_OK",3751351,1101,2,77908,948,76159.4202898551,0,6449.27536231883,9202.89855072464,0.020767984654062,0.000252708957386286,0.0203018646588536,0,0.001719187397372,0.00245322246591285
"2020/09/22","US_OK",3751351,1164,14,79072,962,76449.2753623188,289.855072463775,6159.42028985507,9057.97101449275,0.0210782728675616,0.000256440946208446,0.0203791315081737,7.72668493200917e-05,0.00164192054805191,0.00241458904125281
"2020/09/23","US_OK",3751351,1089,8,80161,970,77246.3768115942,797.10144927536,6159.42028985507,9202.89855072464,0.0213685682837996,0.00025857351124968,0.0205916153438039,0.000212483835630246,0.00164192054805191,0.00245322246591285
"2020/09/24","US_OK",3751351,1083,11,81244,981,77898.5507246377,652.173913043473,5942.02898550725,9565.21739130435,0.0216572642762567,0.000261505788181378,0.0207654657547741,0.0001738504109702,0.00158397041106184,0.00254980602756296
"2020/09/25","US_OK",3751351,1276,12,82520,993,78623.1884057971,724.637681159424,5869.56521739131,10072.4637681159,0.0219974084003336,0.00026470463574323,0.0209586328780744,0.000193167123300225,0.00156465369873182,0.00268502301387312
"2020/09/26","US_OK",3751351,990,11,83510,1004,79057.9710144928,434.782608695648,6159.42028985507,10362.3188405797,0.0222613133241864,0.000267636912674927,0.0210745331520545,0.000115900273980134,0.00164192054805191,0.00276228986319321
"2020/09/27","US_OK",3751351,823,2,84333,1006,79347.8260869565,289.855072463775,6376.8115942029,9637.68115942029,0.0224807009528034,0.000268170053935236,0.0211518000013746,7.72668493200917e-05,0.00169987068504197,0.00256912273989298
"2020/09/28","US_OK",3751351,861,1,85194,1007,79565.2173913044,217.391304347824,5797.10144927536,9275.36231884058,0.0227102182653663,0.00026843662456539,0.0212097501383646,5.79501369900668e-05,0.0015453369864018,0.00247253917824287
"2020/09/29","US_OK",3751351,1025,11,86219,1018,80000,434.782608695648,5289.85507246376,8913.04347826086,0.0229834531612744,0.000271368901497087,0.0213256504123448,0.000115900273980134,0.00141012000009164,0.00237595561659276
"2020/09/30","US_OK",3751351,980,13,87199,1031,81086.9565217391,1086.95652173914,6086.95652173914,9130.4347826087,0.0232446923788257,0.000274834319689093,0.0216154010972951,0.000289750684950338,0.00162260383572189,0.00243390575358283
"2020/10/01","US_OK",3751351,1170,4,88369,1035,82028.9855072464,942.028985507248,6376.81159420291,9275.36231884059,0.0235565800161062,0.000275900602209711,0.0218665183575854,0.000251117260290292,0.00169987068504198,0.00247253917824288
"2020/10/02","US_OK",3751351,1190,9,89559,1044,82826.0869565217,797.10144927536,6666.66666666667,9927.53623188406,0.0238737990659898,0.000278299737881099,0.0220790021932157,0.000212483835630246,0.00177713753436207,0.00264638958921308
"2020/10/03","US_OK",3751351,1189,7,90748,1051,83623.1884057971,797.10144927536,7463.76811594203,10652.1739130435,0.0241907515452433,0.00028016573229218,0.0222914860288459,0.000212483835630246,0.00198962136999231,0.0028395567125133
"2020/10/04","US_OK",3751351,0,0,90748,1051,84202.8985507246,579.710144927536,7753.62318840579,10434.7826086956,0.0241907515452433,0.00028016573229218,0.0224460197274861,0.00015453369864018,0.0020668882193124,0.00278160657552323
"2020/10/05","US_OK",3751351,1234,4,91982,1055,84855.0724637681,652.173913043473,7608.6956521739,10144.9275362319,0.0245196997028537,0.000281232014812797,0.0226198701384563,0.0001738504109702,0.00202825479465235,0.00270433972620314
"2020/10/06","US_OK",3751351,1364,11,93346,1066,85000,144.927536231888,7101.44927536232,10000,0.0248833020423842,0.000284164291744494,0.0226585035631163,3.86334246600458e-05,0.0018930378083422,0.0026657063015431
"2020/10/07","US_OK",3751351,1006,9,94352,1075,86304.347826087,1304.34782608696,7681.15942028986,10652.1739130435,0.0251514720963194,0.000286563427415883,0.0230062043850567,0.000347700821940405,0.00204757150698238,0.0028395567125133
"2020/10/08","US_OK",3751351,1212,10,95564,1085,87681.1594202899,1376.8115942029,8623.1884057971,11521.7391304348,0.0254745557000665,0.000289229133717426,0.0233732219193272,0.000367017534270426,0.00229868876727267,0.00307135726047357
"2020/10/09","US_OK",3751351,1524,6,97088,1091,88478.2608695652,797.10144927536,9130.43478260869,12318.8405797101,0.0258808093404216,0.000290828557498352,0.0235857057549574,0.000212483835630246,0.00243390575358283,0.00328384109610382
"2020/10/10","US_OK",3751351,1533,4,98621,1095,89420.2898550725,942.028985507248,9855.07246376811,12971.0144927536,0.0262894621164482,0.000291894840018969,0.0238368230152477,0.000251117260290292,0.00262707287688305,0.00345769150707402
"2020/10/11","US_OK",3751351,766,3,99387,1098,90217.3913043478,797.10144927536,10217.3913043478,12971.0144927536,0.0264936552191464,0.000292694551909432,0.0240493068508779,0.000212483835630246,0.00272365643853316,0.00345769150707402
"2020/10/12","US_OK",3751351,797,6,100184,1104,90507.2463768116,289.855072463775,9420.28985507246,12608.6956521739,0.0267061120113794,0.000294293975690358,0.024126573700198,7.72668493200917e-05,0.00251117260290292,0.00336110794542391
"2020/10/13","US_OK",3751351,1309,15,101493,1119,90652.1739130435,144.927536231873,8623.18840579709,12028.9855072464,0.0270550529662514,0.000298292535142673,0.0241652071248581,3.8633424660042e-05,0.00229868876727267,0.00320657424678372
"2020/10/14","US_OK",3751351,1122,13,102615,1132,92246.3768115942,1594.20289855073,9420.28985507246,13188.4057971015,0.0273541452132845,0.000301757953334679,0.0245901747961186,0.000424967671260497,0.00251117260290292,0.00351564164406409
"2020/10/15","US_OK",3751351,1221,11,103836,1143,93188.4057971015,942.028985507248,9565.21739130435,13840.5797101449,0.0276796279527029,0.000304690230266376,0.0248412920564089,0.000251117260290292,0.00254980602756296,0.00368949205503429
"2020/10/16","US_OK",3751351,1472,11,105308,1154,94637.6811594203,1449.27536231883,10434.7826086956,15072.4637681159,0.02807201992029,0.000307622507198073,0.0252276263030093,0.000386334246600447,0.00278160657552323,0.00401787616464467
"2020/10/17","US_OK",3751351,1160,8,106468,1162,96086.9565217391,1449.27536231885,11231.884057971,16086.9565217391,0.028381241851269,0.000309755072239308,0.0256139605496098,0.000386334246600451,0.00299409041115348,0.00428831013726498
"2020/10/18","US_OK",3751351,831,9,107299,1171,96884.0579710145,797.10144927536,11884.0579710145,15797.1014492754,0.0286027620449273,0.000312154207910697,0.02582644438524,0.000212483835630246,0.00316794082212368,0.00421104328794489
"2020/10/19","US_OK",3751351,774,2,108073,1173,97463.768115942,579.710144927536,11159.4202898551,15434.7826086956,0.0288090877126667,0.000312687349171005,0.0259809780838802,0.00015453369864018,0.00297477369882346,0.00411445972629478
"2020/10/20","US_OK",3751351,1475,18,109548,1191,98115.9420289855,652.173913043473,10434.7826086956,15289.8550724638,0.0292022793921443,0.000317485620513783,0.0261548284948504,0.0001738504109702,0.00278160657552323,0.00407582630163473
"2020/10/21","US_OK",3751351,1307,19,110855,1210,99637.6811594203,1521.73913043478,11159.4202898551,16014.4927536232,0.029550687205756,0.000322550462486715,0.0265604794537809,0.000405650958930472,0.00297477369882346,0.00426899342493496
"2020/10/22","US_OK",3751351,1628,11,112483,1221,100869.565217391,1231.88405797102,11449.2753623188,16666.6666666667,0.0299846641916472,0.000325482739418412,0.0268888635633912,0.000328384109610384,0.00305204054814355,0.00444284383590516
"2020/10/23","US_OK",3751351,1373,13,113856,1234,102391.304347826,1521.73913043478,12173.9130434783,17536.231884058,0.0303506656668491,0.000328948157610418,0.0272945145223217,0.000405650958930472,0.00324520767144377,0.00467464438386543
"2020/10/24","US_OK",3751351,1829,11,115685,1245,103550.724637681,1159.42028985507,13043.4782608696,18550.7246376812,0.0308382233494013,0.000331880434542116,0.0276035819196021,0.000309067397280359,0.00347700821940404,0.00494507835648575
"2020/10/25","US_OK",3751351,1051,4,116736,1249,103550.724637681,0,12898.5507246377,17246.3768115942,0.0311183890816935,0.000332946717062733,0.0276035819196021,0,0.003438374794744,0.00459737753454534
"2020/10/26","US_OK",3751351,663,2,117399,1251,104202.898550725,652.173913043473,11956.5217391304,16521.7391304348,0.0312951254094858,0.000333479858323041,0.0277774323305723,0.0001738504109702,0.0031872575344537,0.00440421041124512
"2020/10/27","US_OK",3751351,1010,22,118409,1273,104637.68115942,434.782608695648,11449.2753623188,16159.4202898551,0.0315643617459417,0.000339344412186436,0.0278933326045524,0.000115900273980134,0.00305204054814354,0.004307626849595
"2020/10/28","US_OK",3751351,743,13,119152,1286,105144.927536232,507.246376811599,10507.2463768116,15724.6376811594,0.0317624237241463,0.000342809830378442,0.0280285495908626,0.000135216986310159,0.00280092328785326,0.00419172657561487
"2020/10/29","US_OK",3751351,1041,20,120193,1306,106521.739130435,1376.8115942029,10434.7826086956,16304.347826087,0.032039923750137,0.000348141242981529,0.028395567125133,0.000367017534270426,0.00278160657552323,0.00434626027425505
"2020/10/30","US_OK",3751351,1302,20,121495,1326,107318.84057971,797.10144927536,10434.7826086956,16811.5942028985,0.0323869987105979,0.000353472655584615,0.0286080509607632,0.000212483835630246,0.00278160657552323,0.00448147726056521
"2020/10/31","US_OK",3751351,1267,11,122762,1337,108188.405797101,869.565217391311,10724.6376811594,17536.231884058,0.0327247436990034,0.000356404932516312,0.0288398515087235,0.000231800547960271,0.00285887342484332,0.00467464438386543
"2020/11/01","US_OK",3751351,1349,8,124111,1345,109855.072463768,1666.66666666666,11739.1304347826,17608.6956521739,0.0330843474790815,0.000358537497557547,0.029284135892314,0.000444284383590514,0.00312930739746364,0.00469396109619545
"2020/11/02","US_OK",3751351,1084,9,125195,1354,110724.637681159,869.565217391311,11086.9565217391,17536.231884058,0.0333733100421688,0.000360936633228935,0.0295159364402743,0.000231800547960271,0.00295545698649344,0.00467464438386543
"2020/11/03","US_OK",3751351,1331,21,126526,1375,111449.275362319,724.637681159424,10579.7101449275,16811.5942028986,0.0337281155509042,0.000366534616462176,0.0297091035635745,0.000193167123300225,0.00282024000018328,0.00448147726056521
"2020/11/04","US_OK",3751351,1246,17,127772,1392,111884.057971014,434.782608695648,9492.7536231884,15797.1014492754,0.0340602625560765,0.000371066317174799,0.0298250038375547,0.000115900273980134,0.00253048931523294,0.00421104328794489
"2020/11/05","US_OK",3751351,2101,21,129873,1413,113768.115942029,1884.0579710145,10217.3913043478,16884.0579710145,0.0346203274500307,0.00037666430040804,0.0303272383581352,0.000502234520580584,0.00272365643853316,0.00450079397289523
"2020/11/06","US_OK",3751351,1878,16,131751,1429,115072.463768116,1304.34782608696,11521.7391304348,17608.6956521739,0.0351209470934605,0.000380929430490509,0.0306749391800756,0.000347700821940405,0.00307135726047357,0.00469396109619546
"2020/11/07","US_OK",3751351,0,0,131751,1429,116159.420289855,1086.95652173912,11956.5217391304,18043.4782608696,0.0351209470934605,0.000380929430490509,0.030964689865026,0.000289750684950334,0.0031872575344537,0.00480986137017559
"2020/11/08","US_OK",3751351,4507,9,136258,1438,117681.15942029,1521.73913043478,13043.4782608696,18043.4782608696,0.0363223809235659,0.000383328566161897,0.0313703408239564,0.000405650958930472,0.00347700821940404,0.00480986137017559
"2020/11/09","US_OK",3751351,2197,6,138455,1444,118405.797101449,724.637681159424,13260.8695652174,17536.231884058,0.036908036598015,0.000384927989942823,0.0315635079472567,0.000193167123300225,0.00353495835639411,0.00467464438386543
"2020/11/10","US_OK",3751351,1702,7,140157,1451,119492.753623188,1086.95652173914,12971.0144927536,17101.4492753623,0.0373617398105376,0.000386793984353903,0.031853258632207,0.000289750684950338,0.00345769150707402,0.0045587441098853
"2020/11/11","US_OK",3751351,2177,19,142334,1470,120579.710144928,1086.95652173912,13260.8695652174,17028.9855072464,0.0379420640723835,0.000391858826326835,0.0321430093171573,0.000289750684950334,0.00353495835639411,0.00453942739755527
"2020/11/12","US_OK",3751351,2357,11,144691,1481,121739.130434783,1159.42028985507,13550.7246376812,18188.4057971014,0.0385703710476572,0.000394791103258533,0.0324520767144377,0.000309067397280359,0.0036122252057142,0.00484849479483563
"2020/11/13","US_OK",3751351,2667,12,147358,1493,121739.130434783,0,11884.0579710145,17536.231884058,0.0392813149182788,0.000397989950820384,0.0324520767144377,0,0.00316794082212368,0.00467464438386543
"2020/11/14","US_OK",3751351,2847,23,150205,1516,123478.260869565,1739.13043478261,12753.6231884058,18840.5797101449,0.0400402415023281,0.000404121075313934,0.0329156778103582,0.000463601095920539,0.00339974137008395,0.00502234520580584
"2020/11/15","US_OK",3751351,3923,12,154128,1528,124420.289855072,942.028985507248,12971.0144927536,19275.3623188406,0.0410859980844235,0.000407319922875785,0.0331667950706485,0.000251117260290292,0.00345769150707402,0.00513824547978597
"2020/11/16","US_OK",3751351,2729,10,156857,1538,125797.101449275,1376.8115942029,13913.0434782609,19275.3623188406,0.0418134693341146,0.000409985629177328,0.033533812604919,0.000367017534270426,0.00370880876736431,0.00513824547978597
"2020/11/17","US_OK",3751351,1551,6,158408,1544,126304.347826087,507.246376811599,12536.231884058,18985.5072463768,0.0422269203814839,0.000411585052958254,0.0336690295912291,0.000135216986310159,0.00334179123309388,0.00506097863046588
"2020/11/18","US_OK",3751351,3017,26,161425,1570,127391.304347826,1086.95652173914,12318.8405797101,19202.8985507246,0.0430311639726595,0.000418515889342266,0.0339587802761795,0.000289750684950338,0.00328384109610382,0.00511892876745595
"2020/11/19","US_OK",3751351,2915,18,164340,1588,131304.347826087,3913.04347826085,15144.9275362319,21449.2753623188,0.0438082173595593,0.000423314160685044,0.0350018827420007,0.00104310246582121,0.00403719287697469,0.00571774684968664
"2020/11/20","US_OK",3751351,2921,15,167261,1603,133043.47826087,1739.13043478262,15362.3188405797,22318.8405797101,0.04458687017024,0.000427312720137358,0.0354654838379212,0.000463601095920542,0.00409514301396476,0.00594954739764691
"2020/11/21","US_OK",3751351,3663,21,170924,1624,134782.608695652,1739.13043478262,16376.8115942029,23333.3333333333,0.0455633183884952,0.000432910703370599,0.0359290849338418,0.000463601095920542,0.00436557698658508,0.00621998137026723
"2020/11/22","US_OK",3751351,3406,10,174330,1634,135797.101449275,1014.49275362317,16304.3478260869,23913.0434782609,0.0464712579548008,0.000435576409672142,0.0361995189064621,0.000270433972620309,0.00434626027425505,0.00637451506890741
"2020/11/23","US_OK",3751351,3544,15,177874,1649,137391.304347826,1594.20289855072,16811.5942028985,23623.1884057971,0.0474159842680677,0.000439574969124457,0.0366244865777226,0.000424967671260493,0.00448147726056521,0.00629724821958731
"2020/11/24","US_OK",3751351,2736,15,180610,1664,138478.260869565,1086.95652173914,16739.1304347826,23405.7971014493,0.0481453215121699,0.000443573528576771,0.0369142372626729,0.000289750684950338,0.00446216054823518,0.00623929808259725
"2020/11/25","US_OK",3751351,3732,16,184342,1680,139275.362318841,797.10144927536,17536.231884058,23115.9420289855,0.0491401631039058,0.00044783865865924,0.0371267210983031,0.000212483835630246,0.00467464438386543,0.00616203123327716
"2020/11/26","US_OK",3751351,0,0,184342,1680,140942.028985507,1666.66666666669,17463.768115942,23260.8695652174,0.0491401631039058,0.00044783865865924,0.0375710054818937,0.000444284383590521,0.00465532767153541,0.00620066465793721
"2020/11/27","US_OK",3751351,3225,24,187567,1704,143478.260869565,2536.23188405795,19057.9710144928,25072.4637681159,0.0499998533861534,0.000454236353782944,0.0382470904134444,0.000676084931550781,0.0050802953427959,0.00668358246618776
"2020/11/28","US_OK",3751351,6257,13,193824,1717,145434.782608696,1956.52173913043,19637.6811594203,25942.0289855072,0.0516677858190289,0.00045770177197495,0.038768641646355,0.000521551232910605,0.00523482904143608,0.00691538301414803
"2020/11/29","US_OK",3751351,1721,19,195545,1736,147971.014492754,2536.23188405798,21666.6666666667,27391.3043478261,0.0521265538735245,0.000462766613947882,0.0394447265779058,0.000676084931550789,0.00577569698667671,0.00730171726074849
"2020/11/30","US_OK",3751351,2200,7,197745,1743,149565.217391304,1594.20289855072,22173.9130434783,27826.0869565217,0.052713009259864,0.000464632608358962,0.0398696942491663,0.000424967671260493,0.00591091397298687,0.00741761753472862
"2020/12/01","US_OK",3751351,1737,15,199482,1758,150144.927536232,579.710144927521,18840.5797101449,28405.7971014493,0.053176042444442,0.000468631167811277,0.0400242279478065,0.000154533698640176,0.00502234520580584,0.0075721512333688
"2020/12/02","US_OK",3751351,2859,54,202341,1812,151159.420289855,1014.4927536232,18115.9420289855,27681.1594202899,0.0539381678760532,0.000483025981839609,0.0402946619204268,0.000270433972620317,0.00482917808250561,0.00737898411006857
"2020/12/03","US_OK",3751351,1707,24,204048,1836,154202.898550725,3043.47826086957,19420.2898550724,29782.6086956522,0.0543932039417266,0.000489423676963313,0.0411059638382878,0.000811301917860943,0.00517687890444601,0.00793916876763922
"2020/12/04","US_OK",3751351,4827,24,208875,1860,155362.31884058,1159.42028985507,19565.2173913044,29565.2173913044,0.0556799403734814,0.000495821372087016,0.0414150312355681,0.000309067397280359,0.00521551232910606,0.00788121863064916
"2020/12/05","US_OK",3751351,4370,14,213245,1874,156594.202898551,1231.88405797101,19202.8985507246,30289.8550724638,0.0568448540272558,0.000499553360909176,0.0417434153451785,0.00032838410961038,0.00511892876745595,0.00807438575394938
"2020/12/06","US_OK",3751351,3241,22,216486,1896,158623.188405797,2028.9855072464,20144.9275362319,31231.884057971,0.0577088094395859,0.000505417914772571,0.0422842832904191,0.000540867945240634,0.00537004602774624,0.00832550301423968
"2020/12/07","US_OK",3751351,1903,15,218389,1911,160289.855072464,1666.66666666666,21014.4927536232,28985.5072463768,0.0582160933487696,0.000509416474224886,0.0427285676740096,0.000444284383590514,0.00560184657570651,0.00772668493200898
"2020/12/08","US_OK",3751351,2297,11,220686,1922,160724.637681159,434.782608695648,19782.6086956522,27681.1594202899,0.058828406086234,0.000512348751156583,0.0428444679479898,0.000115900273980134,0.00527346246609612,0.00737898411006857
"2020/12/09","US_OK",3751351,2307,23,222993,1945,160724.637681159,0,17246.3768115942,25942.0289855072,0.05944338453,0.000518479875650132,0.0428444679479898,0,0.00459737753454534,0.00691538301414803
"2020/12/10","US_OK",3751351,2460,35,225453,1980,163184.637681159,2460,17749.8550724638,27387.5362318841,0.0600991482801796,0.000527809847705533,0.0435002316981694,0.000655763750179602,0.00473159005181434,0.00730071279170732
"2020/12/11","US_OK",3751351,3900,27,229353,2007,167084.637681159,3900,19113.6231884058,29693.3333333333,0.0611387737377814,0.0005350072547197,0.0445398571557712,0.00103962545760181,0.00509513057786536,0.00791537057804864
"2020/12/12","US_OK",3751351,3983,35,233336,2042,171067.637681159,3983,21502.4202898551,32589.3768115942,0.062200524557686,0.000544337226775101,0.0456016079756758,0.00106175081990462,0.00573191372650948,0.00868737071300292
"2020/12/13","US_OK",3751351,4332,22,237668,2064,175399.637681159,4332,25254.7101449276,36124.2753623188,0.0633553085275145,0.000550201780638495,0.0467563919455043,0.00115478396982847,0.00673216399769778,0.00962967084720114
"2020/12/14","US_OK",3751351,2099,8,239767,2072,177498.637681159,2099,26339.2173913044,36556.6086956522,0.0639148402802084,0.00055233434567973,0.0473159236981982,0.000559531752693896,0.00702126177777136,0.00974491821630452
"2020/12/15","US_OK",3751351,2224,14,241991,2086,179722.637681159,2224,25519.7391304348,36244.3768115942,0.0645076933616716,0.00055606633450189,0.0479087767796614,0.000592853081463185,0.0068028129413736,0.00966168636621692
"2020/12/16","US_OK",3751351,3238,42,245229,2128,182960.637681159,3238,27598.3188405797,37525.8550724638,0.0653708490621112,0.000567262300968371,0.048771932480101,0.000863155700439655,0.00735690124453289,0.010003290833746
"2020/12/17","US_OK",3751351,2975,16,248204,2144,185935.637681159,2975,29341.4347826087,37964.6231884058,0.0661638966868203,0.00057152743105084,0.0495649801048101,0.000793047624709071,0.00782156475963158,0.0101202535269043
"2020/12/18","US_OK",3751351,3556,17,251760,2161,189491.637681159,3556,30868.4492753623,39926.4202898551,0.067111821847649,0.000576059131763463,0.0505129052656388,0.000947925160828725,0.00822862197521968,0.0106432110164725
"2020/12/19","US_OK",3751351,4108,28,255868,2189,193599.637681159,4108,33309.7826086956,43454.7101449276,0.0682068939963229,0.000583523109407784,0.0516079774143127,0.0010950721486739,0.00887940974030307,0.0115837494665062
"2020/12/20","US_OK",3751351,4970,23,260838,2212,198569.637681159,4970,37845,47410.2173913044,0.0695317500281898,0.000589654233901333,0.0529328334461796,0.00132485603186692,0.0100883654981899,0.0126381715257528
"2020/12/21","US_OK",3751351,2596,6,263434,2218,201165.637681159,2596,40441,46962.7391304348,0.0702237673840704,0.000591253657682259,0.0536248508020602,0.000692017355880588,0.0107803828540704,0.0125188869637725
"2020/12/22","US_OK",3751351,0,0,263434,2218,201165.637681159,0,37981,45803.3188405797,0.0702237673840704,0.000591253657682259,0.0536248508020602,0,0.0101246191038908,0.0122098195664921
