"date","iso_code","country","sample_size","percent_cli","cli_se","percent_cli_unw","cli_se_unw","percent_ili","ili_se","percent_ili_unw","ili_se_unw","percent_mc","mc_se","percent_mc_unw","mc_se_unw","percent_dc","dc_se","percent_dc_unw","dc_se_unw","percent_hf","hf_se","percent_hf_unw","hf_se_unw","percent_cli_past_smooth","percent_cli_unw_past_smooth","percent_ili_past_smooth","percent_ili_unw_past_smooth","percent_mc_past_smooth","percent_mc_unw_past_smooth","percent_dc_past_smooth","percent_dc_unw_past_smooth","percent_hf_past_smooth","percent_hf_unw_past_smooth","population"
2020-04-23,"HRV","Croatia",297,0.00076,0.002507,0.003367,0.003361,0.00076,0.002507,0.003367,0.003361,0.312892,0.042187,0.383838,0.028219,0.301443,0.041752,0.316498,0.026988,NA,NA,NA,NA,0.00076,0.003367,0.00076,0.003367,0.312892,0.383838,0.301443,0.316498,NA,NA,4076246
2020-04-24,"HRV","Croatia",320,0.001062,0.002878,0.003125,0.00312,0.001062,0.002878,0.003125,0.00312,0.286141,0.039934,0.303125,0.025693,0.316192,0.041086,0.359375,0.026823,NA,NA,NA,NA,0.001062,0.003125,0.001062,0.003125,0.286141,0.303125,0.316192,0.359375,NA,NA,4076246
2020-04-25,"HRV","Croatia",307,0.024821,0.013995,0.013029,0.006472,0.012129,0.009847,0.009772,0.005614,0.303926,0.041376,0.302932,0.026227,0.296077,0.041068,0.325733,0.026747,NA,NA,NA,NA,0.024821,0.013029,0.012129,0.009772,0.303926,0.302932,0.296077,0.325733,NA,NA,4076246
2020-04-26,"HRV","Croatia",344,0.018092,0.011613,0.011628,0.00578,0.025259,0.013671,0.011628,0.00578,0.289546,0.039516,0.287791,0.02441,0.290268,0.039545,0.351744,0.025746,NA,NA,NA,NA,0.018092,0.011628,0.025259,0.011628,0.289546,0.287791,0.290268,0.351744,NA,NA,4076246
2020-04-27,"HRV","Croatia",352,0.004286,0.005244,0.005682,0.004006,0.004286,0.005244,0.005682,0.004006,0.296098,0.036649,0.357955,0.025552,0.321532,0.037494,0.352273,0.02546,NA,NA,NA,NA,0.004286,0.005682,0.004286,0.005682,0.296098,0.357955,0.321532,0.352273,NA,NA,4076246
2020-04-28,"HRV","Croatia",308,0,0,0,0,0,0,0,0,0.295066,0.038336,0.331169,0.026817,0.337149,0.039737,0.334416,0.026882,NA,NA,NA,NA,0,0,0,0,0.295066,0.331169,0.337149,0.334416,NA,NA,4076246
2020-04-29,"HRV","Croatia",297,0.001742,0.003652,0.006734,0.004746,0.001185,0.003013,0.003367,0.003361,0.307573,0.040412,0.323232,0.027139,0.327621,0.0411,0.333333,0.027354,NA,NA,NA,NA,0.001742,0.006734,0.001185,0.003367,0.307573,0.323232,0.327621,0.333333,NA,NA,4076246
2020-04-30,"HRV","Croatia",249,0,0,0,0,0,0,0,0,0.26451,0.038342,0.297189,0.028962,0.315734,0.040405,0.341365,0.030049,NA,NA,NA,NA,0,0,0,0,0.26451,0.297189,0.315734,0.341365,NA,NA,4076246
2020-05-01,"HRV","Croatia",256,0.040359,0.020462,0.011719,0.006726,0.039624,0.020282,0.007813,0.005503,0.311569,0.048154,0.316406,0.029067,0.321634,0.048566,0.375,0.030258,0,0,0,0,0.040359,0.011719,0.039624,0.007813,0.311569,0.316406,0.321634,0.375,0,0,4076246
2020-05-02,"HRV","Croatia",240,0.009852,0.010064,0.008333,0.005868,0.00345,0.005975,0.008333,0.005868,0.204665,0.041111,0.241667,0.027633,0.353653,0.048717,0.408333,0.031728,0,0,0,0,0.009852,0.008333,0.00345,0.008333,0.204665,0.241667,0.353653,0.408333,0,0,4076246
2020-05-03,"HRV","Croatia",635,0.002413,0.002916,0.00315,0.002224,0.000981,0.001861,0.00315,0.002224,0.264688,0.026219,0.310236,0.018357,0.386719,0.028943,0.395276,0.019402,0.037607,0.011307,0.045669,0.008285,0.002413,0.00315,0.000981,0.00315,0.264688,0.310236,0.386719,0.395276,0.037607,0.045669,4076246
2020-05-04,"HRV","Croatia",608,0.000426,0.001297,0.001645,0.001643,0.000759,0.00173,0.003289,0.002322,0.295029,0.028658,0.299342,0.018573,0.330852,0.029567,0.381579,0.019701,0.445155,0.03123,0.449013,0.020172,0.000426,0.001645,0.000759,0.003289,0.295029,0.299342,0.330852,0.381579,0.445155,0.449013,4076246
2020-05-05,"HRV","Croatia",622,0.001208,0.001933,0.003215,0.00227,0.004196,0.003597,0.003215,0.00227,0.246798,0.02399,0.28135,0.01803,0.342713,0.026408,0.403537,0.019672,0.397936,0.027235,0.437299,0.01989,0.001208,0.003215,0.004196,0.003215,0.246798,0.28135,0.342713,0.403537,0.397936,0.437299,4076246
2020-05-06,"HRV","Croatia",657,0.000804,0.001675,0.003044,0.002149,0.003325,0.003402,0.004566,0.00263,0.297188,0.02701,0.299848,0.017876,0.37698,0.028642,0.403349,0.019139,0.390777,0.028837,0.427702,0.019302,0.000804,0.003044,0.003325,0.004566,0.297188,0.299848,0.37698,0.403349,0.390777,0.427702,4076246
2020-05-07,"HRV","Croatia",643,0.007967,0.005269,0.007776,0.003464,0.008668,0.005494,0.010886,0.004092,0.287823,0.026834,0.309487,0.018231,0.359422,0.028439,0.376361,0.019106,0.429364,0.029337,0.466563,0.019674,0.007967,0.007776,0.008668,0.010886,0.287823,0.309487,0.359422,0.376361,0.429364,0.466563,4076246
2020-05-08,"HRV","Croatia",569,0.006921,0.005315,0.005272,0.003036,0.006921,0.005315,0.005272,0.003036,0.285316,0.028949,0.304042,0.019284,0.319235,0.029886,0.395431,0.020498,0.377028,0.031069,0.446397,0.02084,0.006921,0.005272,0.006921,0.005272,0.285316,0.304042,0.319235,0.395431,0.377028,0.446397,4076246
2020-05-09,"HRV","Croatia",588,0.006067,0.004743,0.005102,0.002938,0.006067,0.004743,0.005102,0.002938,0.275885,0.027301,0.289116,0.018696,0.370794,0.029503,0.396259,0.020171,0.399789,0.029921,0.421769,0.020366,0.006067,0.005102,0.006067,0.005102,0.275885,0.289116,0.370794,0.396259,0.399789,0.421769,4076246
2020-05-10,"HRV","Croatia",612,0.000606,0.001436,0.001634,0.001633,0.001022,0.001864,0.003268,0.002307,0.226492,0.024409,0.248366,0.017465,0.369645,0.028149,0.415033,0.019917,0.357051,0.027941,0.410131,0.019882,0.000606,0.001634,0.001022,0.003268,0.226492,0.248366,0.369645,0.415033,0.357051,0.410131,4076246
2020-05-11,"HRV","Croatia",602,0.001821,0.002745,0.003322,0.002345,0.002595,0.003275,0.004983,0.00287,0.327446,0.030211,0.29402,0.018569,0.370693,0.031093,0.415282,0.020084,0.409224,0.031653,0.431894,0.020189,0.001821,0.003322,0.002595,0.004983,0.327446,0.29402,0.370693,0.415282,0.409224,0.431894,4076246
2020-05-12,"HRV","Croatia",571,0.00161,0.002299,0.001751,0.00175,0.002187,0.002679,0.003503,0.002472,0.244237,0.024639,0.248687,0.018089,0.380235,0.027839,0.434326,0.020743,0.389865,0.02797,0.418564,0.020645,0.00161,0.001751,0.002187,0.003503,0.244237,0.248687,0.380235,0.434326,0.389865,0.418564,4076246
2020-05-13,"HRV","Croatia",544,0.003509,0.003644,0.003676,0.002595,0.003509,0.003644,0.003676,0.002595,0.271696,0.027409,0.275735,0.01916,0.373306,0.029803,0.426471,0.021204,0.413747,0.030347,0.446691,0.021315,0.003509,0.003676,0.003509,0.003676,0.271696,0.275735,0.373306,0.426471,0.413747,0.446691,4076246
2020-05-14,"HRV","Croatia",609,0,0,0,0,0.001022,0.002137,0.001642,0.001641,0.263864,0.029478,0.26601,0.017905,0.372898,0.032344,0.441708,0.020123,0.433688,0.033148,0.456486,0.020184,0,0,0.001022,0.001642,0.263864,0.26601,0.372898,0.441708,0.433688,0.456486,4076246
2020-05-15,"HRV","Croatia",534,0.002083,0.00297,0.003745,0.002643,0.005504,0.004819,0.005618,0.003234,0.267684,0.028842,0.277154,0.019369,0.408886,0.032026,0.470037,0.021598,0.338914,0.030834,0.367041,0.020858,0.002083,0.003745,0.005504,0.005618,0.267684,0.277154,0.408886,0.470037,0.338914,0.367041,4076246
2020-05-16,"HRV","Croatia",561,0.004913,0.004452,0.003565,0.002516,0.007048,0.005326,0.005348,0.003079,0.235086,0.026998,0.249554,0.018271,0.421036,0.031434,0.438503,0.02095,0.357844,0.03052,0.381462,0.020508,0.004913,0.003565,0.007048,0.005348,0.235086,0.249554,0.421036,0.438503,0.357844,0.381462,4076246
2020-05-17,"HRV","Croatia",576,0.001041,0.002246,0.003472,0.002451,0.001041,0.002246,0.003472,0.002451,0.280152,0.031283,0.25,0.018042,0.497557,0.034831,0.541667,0.020761,0.341196,0.033028,0.401042,0.020421,0.001041,0.003472,0.001041,0.003472,0.280152,0.25,0.497557,0.541667,0.341196,0.401042,4076246
2020-05-18,"HRV","Croatia",544,0.009637,0.006537,0.007353,0.003663,0.009637,0.006537,0.007353,0.003663,0.341703,0.031734,0.297794,0.019606,0.424947,0.033076,0.505515,0.021436,0.442457,0.033233,0.426471,0.021204,0.00959637236769378,0.00703703658294842,0.00957772076459771,0.00698745396847889,0.277237019846149,0.283115059983081,0.426758182334429,0.511640162082031,0.442457,0.426471,4076246
2020-05-19,"HRV","Croatia",606,0.002487,0.003211,0.00165,0.001649,0.002888,0.003459,0.0033,0.00233,0.237066,0.027417,0.235974,0.017248,0.423016,0.03185,0.511551,0.020306,0.389038,0.03143,0.433993,0.020133,0.00255381977480465,0.00340822080124812,0.00314857987923263,0.00410358278816794,0.26434133331177,0.255438306123741,0.437216331284838,0.518075616313864,0.389038,0.433993,4076246
2020-05-20,"HRV","Croatia",652,0.007353,0.005024,0.006135,0.003058,0.007353,0.005024,0.006135,0.003058,0.213795,0.024111,0.22546,0.016366,0.426156,0.029082,0.496933,0.019581,0.381416,0.028566,0.394172,0.019138,0.00714714243732236,0.00521704210877003,0.00690123168972799,0.00565851699508188,0.25691951947826,0.233503639484423,0.436152415136177,0.510495955655852,0.381416,0.394172,4076246
2020-05-21,"HRV","Croatia",428,0.001488,0.002731,0.004673,0.003297,0.001488,0.002731,0.004673,0.003297,0.220449,0.029367,0.200935,0.019369,0.38053,0.034395,0.483645,0.024155,0.398889,0.034689,0.422897,0.023879,0.00273755389640507,0.00492733816092211,0.00270516252446598,0.0049458159825366,0.251299182758556,0.207083339079714,0.380539624633834,0.490621041691441,0.398889,0.422897,4076246
2020-05-22,"HRV","Croatia",538,0.004109,0.00416,0.003717,0.002624,0.004109,0.00416,0.003717,0.002624,0.243782,0.027921,0.230483,0.018157,0.488408,0.032506,0.509294,0.021553,0.361054,0.031234,0.379182,0.020918,0.00354302483031547,0.00402427771470344,0.00352862734820561,0.00384682593168231,0.24906337948454,0.21489648250185,0.465181808925081,0.501941080886954,0.361054,0.379182,4076246
2020-05-23,"HRV","Croatia",638,0.004756,0.003804,0.00627,0.003125,0.006342,0.004389,0.009404,0.003821,0.188691,0.021634,0.19279,0.015618,0.519534,0.027626,0.540752,0.019729,0.335935,0.026116,0.382445,0.01924,0.00483387129983447,0.0058117611722824,0.00635199632567478,0.00904011532086163,0.241010812425241,0.198943461467585,0.51543621042752,0.531847946754615,0.335935,0.382445,4076246
2020-05-24,"HRV","Croatia",648,0.004642,0.0036,0.006173,0.003077,0.007171,0.004469,0.007716,0.003437,0.215987,0.021795,0.21142,0.01604,0.478945,0.026458,0.554012,0.019527,0.297569,0.024214,0.354938,0.018797,0.00472161372507571,0.00633499768448475,0.00725363710468223,0.00826997758760729,0.22279923618733,0.202653169698472,0.47897679404676,0.553873492141899,0.297569,0.354938,4076246
2020-05-25,"HRV","Croatia",651,0.001679,0.002373,0.003072,0.002169,0.001194,0.002002,0.001536,0.001535,0.169383,0.021741,0.18894,0.015343,0.48599,0.028969,0.539171,0.019536,0.381701,0.028158,0.362519,0.018841,0.00193433690790826,0.00397460982759743,0.0018429886730121,0.00273014581551488,0.201107460253735,0.192873140332919,0.48724741244305,0.548619573342274,0.381701,0.362519,4076246
2020-05-26,"HRV","Croatia",570,0,0,0,0,0,0,0,0,0.187194,0.024062,0.182456,0.016177,0.514863,0.030829,0.564912,0.020765,0.340497,0.029231,0.373684,0.020263,0.00044448905736733,0.00151081694430708,0.000174197980195063,0.000583739051946743,0.192738898781296,0.184234220686907,0.507665352264512,0.562173589183878,0.340497,0.373684,4076246
2020-05-27,"HRV","Croatia",524,0.003203,0.003826,0.003817,0.002694,0.003203,0.003826,0.003817,0.002694,0.187911,0.026448,0.198473,0.017424,0.489948,0.033845,0.513359,0.021835,0.36527,0.0326,0.40458,0.021441,0.00272369004231839,0.00212307180620821,0.00274309850642877,0.00286496418276098,0.187229162903684,0.190094749774703,0.497127767232726,0.527598593012288,0.36527,0.40458,4076246
2020-05-28,"HRV","Croatia",548,0.004658,0.004247,0.005474,0.003152,0.004658,0.004247,0.005474,0.003152,0.203767,0.025122,0.193431,0.016873,0.519167,0.031162,0.541971,0.021284,0.333165,0.029397,0.359489,0.020498,0.00472673791774733,0.00512817162961476,0.00476756976589031,0.00548172956650939,0.187728610517805,0.19152616077485,0.512691044757995,0.533555011443847,0.344879786756377,0.360112436753831,4076246
2020-05-29,"HRV","Croatia",534,0.006107,0.004935,0.007491,0.003731,0.006107,0.004935,0.007491,0.003731,0.159115,0.023168,0.164794,0.016055,0.45727,0.031554,0.511236,0.021632,0.339555,0.029995,0.372659,0.020924,0.00617668459295658,0.00761702453547515,0.00616605067655712,0.00766144912360607,0.176876389084614,0.175873151790807,0.468701176116641,0.516437476127856,0.339668475804571,0.372182887426339,4076246
2020-05-30,"HRV","Croatia",505,0.006705,0.005618,0.005941,0.00342,0.006705,0.005618,0.005941,0.00342,0.174074,0.026102,0.162376,0.016411,0.486733,0.034408,0.530693,0.022208,0.353028,0.0329,0.386139,0.021665,0.00667544697102619,0.00649201911379705,0.00664552995492702,0.0061565427329735,0.172030395448373,0.164997145750763,0.504614408049162,0.523065466327241,0.347284449585813,0.387368303705543,4076246
2020-05-31,"HRV","Croatia",573,0.004483,0.00397,0.00349,0.002464,0.004483,0.00397,0.00349,0.002464,0.171564,0.022406,0.148342,0.014849,0.488872,0.029708,0.579407,0.020623,0.356639,0.028468,0.380454,0.020282,0.00463580662926701,0.00386369765932592,0.0046228556557326,0.00354899263247294,0.167777156007385,0.15189299287692,0.498748940843109,0.567957042227046,0.354583632211584,0.380547102082336,4076246
2020-06-01,"HRV","Croatia",498,0.004711,0.004714,0.006024,0.003468,0.004711,0.004714,0.006024,0.003468,0.148515,0.024481,0.150602,0.016027,0.574447,0.034038,0.600402,0.021949,0.367065,0.033183,0.381526,0.021767,0.00456020344255283,0.00521716731231597,0.00462497734806157,0.00551535331567246,0.159756766234449,0.146658668458646,0.557042793354203,0.600539506622115,0.365173795926483,0.381519108588458,4076246
2020-06-02,"HRV","Croatia",468,0.017408,0.009564,0.008547,0.004255,0.017408,0.009564,0.008547,0.004255,0.152836,0.026314,0.16453,0.017138,0.495021,0.036563,0.517094,0.023099,0.344029,0.03474,0.354701,0.022115,0.0173367520590818,0.00843220265551303,0.01735099169847,0.008646757346459,0.154192307122349,0.154620716580679,0.532270291249551,0.538723375222368,0.352575771344899,0.354792725080819,4076246
2020-06-03,"HRV","Croatia",451,0.001788,0.002779,0.002217,0.002215,0.001788,0.002779,0.002217,0.002215,0.172651,0.024867,0.155211,0.017051,0.48829,0.032888,0.543237,0.023456,0.340048,0.031168,0.359202,0.022591,0.00299720386133046,0.00408466990054768,0.00249244034946408,0.00354163416576353,0.153499886032516,0.154556606674418,0.485538132757352,0.53623751183952,0.342432051068641,0.359107475591627,4076246
2020-06-04,"HRV","Croatia",489,0.002081,0.002648,0.006135,0.003531,0.002081,0.002648,0.006135,0.003531,0.118391,0.018777,0.112474,0.014288,0.495006,0.029058,0.531697,0.022565,0.388279,0.028325,0.408998,0.022233,0.000106830573660013,0.00495688167805523,6.15523087017037e-05,0.00566878896755416,0.14353689875816,0.130712034760189,0.513017294955203,0.528279468700901,0.373515739917991,0.408997381812625,4076246
2020-06-05,"HRV","Croatia",461,0.00778,0.005933,0.006508,0.003745,0.00778,0.005933,0.006508,0.003745,0.185526,0.02625,0.147505,0.016516,0.524564,0.033724,0.587852,0.022925,0.367983,0.032567,0.386117,0.022675,0.00777467706443499,0.00643965268882312,0.00774035390260044,0.00658626808949385,0.14692146671245,0.135578343319797,0.521065631693371,0.575408576599185,0.373974325035981,0.386184718905764,4076246
2020-06-06,"HRV","Croatia",468,0.002537,0.0034,0.004274,0.003015,0.002537,0.0034,0.004274,0.003015,0.134215,0.023039,0.136752,0.015882,0.566561,0.033493,0.57906,0.022822,0.382767,0.032852,0.363248,0.022231,0.003263166442911,0.00497408253711756,0.00309520594779957,0.0048210495667529,0.141308503455912,0.134554167951391,0.559555875512374,0.585289219022302,0.382386975341194,0.363197636881419,4076246
2020-06-07,"HRV","Croatia",461,0.001337,0.002378,0.002169,0.002167,0.001337,0.002378,0.002169,0.002167,0.18326,0.02517,0.149675,0.016616,0.463419,0.032442,0.544469,0.023195,0.303985,0.029925,0.334056,0.021967,0.00223010530743085,0.00265499965179453,0.00119660322230388,0.00228761324238154,0.147598853213495,0.142653353087208,0.519647062626244,0.552650346053756,0.328396409760776,0.334090950434304,4076246
2020-06-08,"HRV","Croatia",413,0.005261,0.005178,0.004843,0.003416,0.005261,0.005178,0.004843,0.003416,0.152805,0.025753,0.118644,0.015912,0.578407,0.035346,0.595642,0.024149,0.340775,0.033925,0.341404,0.023333,0.00518681987153526,0.00389058131639138,0.00516475602553608,0.00437434077541653,0.147119502085973,0.129715134833511,0.539647141156829,0.583523792930841,0.328469964745393,0.334221830519565,4076246
2020-06-09,"HRV","Croatia",445,0.013029,0.007909,0.008989,0.004474,0.006785,0.005726,0.006742,0.003879,0.116914,0.02241,0.105618,0.01457,0.48598,0.034859,0.555056,0.023558,0.307435,0.032183,0.370787,0.022897,0.0130416454635061,0.00869580985909937,0.00681318582940436,0.00664853111071723,0.137491289718994,0.114518966022435,0.528505915988705,0.563557631706682,0.310049461728028,0.365437708486669,4076246
2020-06-10,"HRV","Croatia",422,0.014247,0.008567,0.009479,0.004717,0.007883,0.006393,0.004739,0.003343,0.119552,0.023455,0.120853,0.015867,0.569776,0.035793,0.582938,0.024002,0.400143,0.035419,0.36019,0.023369,0.0143350876831699,0.010013736981659,0.00788624771663109,0.00514535625099858,0.131269577529118,0.11445349916799,0.542261963959081,0.576354064340334,0.37433218886113,0.364958280041429,4076246
2020-06-11,"HRV","Croatia",490,0,0,0,0,0,0,0,0,0.151275,0.024066,0.114286,0.014373,0.54649,0.033436,0.565306,0.022394,0.335172,0.031704,0.338776,0.021381,0.000784685451087162,0.00299001358864167,0.000675601397937882,0.00139547434222276,0.132585441665878,0.11195883709134,0.546645749625249,0.569048471893731,0.353793368110101,0.344610274330497,4076246
2020-06-12,"HRV","Croatia",409,0.000612,0.001806,0.002445,0.002442,0.002139,0.003374,0.00489,0.003449,0.119382,0.023677,0.114914,0.01577,0.454018,0.036356,0.525672,0.024691,0.316476,0.033963,0.359413,0.023726,1.79355039200865e-08,0.000595066542882334,0.00139570510958339,0.0030227612187427,0.127591823787814,0.111829244106466,0.526468448142354,0.532606751425779,0.328354857939355,0.353765537252526,4076246
2020-06-13,"HRV","Croatia",440,0.005184,0.00479,0.006818,0.003923,0.005184,0.00479,0.006818,0.003923,0.119822,0.021662,0.104545,0.014586,0.55821,0.033124,0.570455,0.023599,0.337053,0.03153,0.325,0.022329,0.00516089227974039,0.00537224171188064,0.00514650494313739,0.00670155436817117,0.123673173215384,0.106882847131962,0.536336474941832,0.565354297356467,0.330107351384979,0.332460647085674,4076246
2020-06-14,"HRV","Croatia",417,0.021709,0.010264,0.009592,0.004773,0.021709,0.010264,0.009592,0.004773,0.132224,0.023857,0.110312,0.015341,0.571639,0.034851,0.592326,0.024064,0.309746,0.032565,0.306954,0.022587,0.0217307409682494,0.00985387676789333,0.021715905206071,0.00986346583879679,0.122827884391502,0.107217404906107,0.546958864060407,0.584999002620788,0.314267933494833,0.310056300736713,4076246
2020-06-15,"HRV","Croatia",456,0.006224,0.005245,0.010965,0.004877,0.009597,0.006502,0.013158,0.005336,0.098817,0.019902,0.100877,0.014103,0.514209,0.033333,0.567982,0.023197,0.338115,0.03155,0.355263,0.022412,0.0061228362722487,0.0116665191492073,0.00957776857776662,0.00634870634836455,0.116224709847444,0.102999375391766,0.542134175598183,0.579098504368722,0.327196728045853,0.338810984172886,4076246
2020-06-16,"HRV","Croatia",357,0.016605,0.010313,0.008403,0.004831,0.010594,0.008263,0.008403,0.004831,0.099785,0.024189,0.095238,0.015536,0.524667,0.040304,0.577031,0.026147,0.317431,0.037567,0.347339,0.025199,0.016611737881657,0.00909943866094185,0.010412443283049,0.00967042150357101,0.110957870072571,0.0977464214399407,0.54003994965557,0.574412170079474,0.321426286862545,0.348763533193268,4076246
2020-06-17,"HRV","Croatia",449,0,0,0,0,0,0,0,0,0.099483,0.019575,0.111359,0.014846,0.454603,0.032565,0.510022,0.023592,0.331218,0.03078,0.349666,0.022505,0.00212777758395063,0.00228099779673893,0.00196238097377407,0.00231906654158126,0.106454047695786,0.103558251827411,0.520752821324455,0.52609986609319,0.32785106236769,0.352734093490015,4076246
2020-06-18,"HRV","Croatia",533,0.004746,0.005582,0.003752,0.002648,0.004746,0.005582,0.003752,0.002648,0.160943,0.029848,0.086304,0.012163,0.53593,0.040507,0.530957,0.021616,0.347322,0.038672,0.360225,0.020794,0.00327859997614108,0.000672447726084058,0.00442702677802665,0.000576096160537256,0.112875874496575,0.0943584040392205,0.524757887859506,0.518634736835298,0.342977529327681,0.360033154566882,4076246
2020-06-19,"HRV","Croatia",548,0.007302,0.005017,0.00365,0.002576,0.004928,0.004127,0.001825,0.001823,0.13253,0.019981,0.118613,0.013812,0.540962,0.029366,0.556569,0.021222,0.35104,0.028127,0.375912,0.020691,0.00721384099373559,0.0023183593981719,0.00493969555041367,3.66437852573999e-05,0.114774951843672,0.105603017344977,0.528897680097149,0.550570249592464,0.352075576260445,0.373929490868974,4076246
2020-06-20,"HRV","Croatia",614,0.000389,0.001186,0.001629,0.001627,0.003046,0.003314,0.004886,0.002814,0.068437,0.015187,0.087948,0.01143,0.468805,0.030015,0.504886,0.020177,0.410817,0.029591,0.415309,0.019887,0.00152351869980402,0.00228140264995313,0.00289167491455379,0.00445227433594787,0.104894830613156,0.0972793341416236,0.515452770060667,0.533622101226272,0.399069611552193,0.409668514883445,4076246
2020-06-21,"HRV","Croatia",630,0.013744,0.006311,0.015873,0.004979,0.013744,0.006311,0.015873,0.004979,0.121181,0.017689,0.112698,0.012599,0.531476,0.027049,0.574603,0.019697,0.360151,0.026021,0.361905,0.019146,0.0135415944233702,0.0156632297624732,0.0136570439427073,0.0159415366389718,0.105432231050021,0.104453310686871,0.518772570317552,0.545383210268827,0.379684006930924,0.380679583052967,4076246
2020-06-22,"HRV","Croatia",696,0.006011,0.004542,0.007184,0.003201,0.006011,0.004542,0.007184,0.003201,0.124041,0.019369,0.112069,0.011957,0.469992,0.029327,0.514368,0.018945,0.342105,0.027877,0.363506,0.018233,0.00674257841798945,0.00670179729351363,0.00648927967853127,0.00744332474555787,0.106801663421305,0.109438358204989,0.507359378217795,0.536048906924998,0.352753281382122,0.36490714647862,4076246
2020-06-23,"HRV","Croatia",694,0.007613,0.005185,0.008646,0.003514,0.007613,0.005185,0.008646,0.003514,0.138652,0.020613,0.110951,0.011922,0.486346,0.029812,0.487032,0.018973,0.376277,0.028896,0.416427,0.018713,0.00687603053121266,0.00711560604229384,0.00697519038281929,0.00764119849058818,0.111374673661406,0.111833905136972,0.50136965681104,0.519396544333087,0.364028416205349,0.417825716691368,4076246
2020-06-24,"HRV","Croatia",678,0.017294,0.007569,0.007375,0.003286,0.018058,0.007731,0.00885,0.003597,0.170234,0.02182,0.150442,0.01373,0.395274,0.028384,0.479351,0.019186,0.348469,0.027663,0.390855,0.018739,0.0172399047518474,0.00726548881400516,0.0181026031392472,0.00905937082759431,0.125373772428687,0.136791788108269,0.472118234815646,0.50302360311944,0.352610536691302,0.392423779544365,4076246
2020-06-25,"HRV","Croatia",765,0.012912,0.005975,0.013072,0.004107,0.014623,0.006353,0.015686,0.004493,0.154629,0.019134,0.150327,0.012922,0.441108,0.026277,0.501961,0.018077,0.349893,0.025241,0.386928,0.017609,0.0134950738703926,0.00851424630975234,0.0151407356873442,0.00969447538607904,0.13622224791258,0.150347242368442,0.459496852258231,0.499164813466504,0.347358079467288,0.383860214365797,4076246
2020-06-26,"HRV","Croatia",689,0.006047,0.0046,0.008708,0.00354,0.006708,0.004844,0.01016,0.00382,0.157742,0.02163,0.172714,0.014401,0.430683,0.029384,0.480406,0.019034,0.370673,0.028661,0.367199,0.018364,0.00500173342670232,0.00873010689226761,0.00528737684786916,0.0112573380090369,0.145590393183885,0.170245709210396,0.447100393064867,0.489592116821956,0.370229324146165,0.36730324343327,4076246
2020-06-27,"HRV","Croatia",605,0.014439,0.007349,0.008264,0.003681,0.016776,0.007912,0.014876,0.004922,0.174348,0.023374,0.193388,0.016057,0.407143,0.030267,0.477686,0.020308,0.296456,0.028135,0.319008,0.018949,0.0106418788640557,0.00881382427838507,0.0112128339529277,0.014499645046381,0.158963612515856,0.192164311364249,0.430577494607735,0.481948935103218,0.299057878864023,0.320450837204891,4076246
2020-06-28,"HRV","Croatia",683,0.003476,0.003431,0.002928,0.002068,0.004817,0.004036,0.005857,0.00292,0.180596,0.022426,0.196193,0.015195,0.473387,0.029107,0.469985,0.019097,0.31536,0.027088,0.349927,0.01825,0.00558252774117376,0.00794099401993319,0.010114738477566,0.0102978546888861,0.170269336945054,0.20310380777147,0.438821117056103,0.474282002525517,0.307688414109912,0.349032238016664,4076246
2020-06-29,"HRV","Croatia",630,0.005636,0.004576,0.006349,0.003165,0.008215,0.005518,0.009524,0.00387,0.173517,0.02315,0.161905,0.014676,0.45242,0.030427,0.504762,0.01992,0.2973,0.027942,0.346032,0.018952,0.00923758626271058,0.00782335114419293,0.00995825236391077,0.010333898039903,0.174772974049063,0.181193236360738,0.43801241562084,0.477719355896788,0.295291249124768,0.348525185391356,4076246
2020-06-30,"HRV","Croatia",608,0.005875,0.004409,0.009868,0.004009,0.006522,0.004644,0.011513,0.004326,0.170629,0.021702,0.171053,0.015271,0.473445,0.028804,0.519737,0.020262,0.333411,0.027196,0.340461,0.019218,0.00892865885564222,0.00823524940881903,0.00956343675213149,0.0108139199937138,0.176927128131903,0.172733197225282,0.441330677715681,0.485007641781248,0.318359766619395,0.33910911345984,4076246
2020-07-01,"HRV","Croatia",592,0.002787,0.003566,0.006757,0.003367,0.003121,0.003773,0.008446,0.003761,0.166247,0.025186,0.180743,0.015815,0.436662,0.033552,0.489865,0.020546,0.327731,0.031753,0.358108,0.019705,0.00333153061232478,0.0081437929579495,0.00876642953349292,0.0105663212204977,0.177263490087167,0.174938349690245,0.436857048401029,0.485298184256419,0.328752037441697,0.356084552270879,4076246
2020-07-02,"HRV","Croatia",505,0.006979,0.00553,0.011881,0.004822,0.007559,0.005754,0.013861,0.005203,0.19046,0.026085,0.207921,0.018059,0.414972,0.032731,0.483168,0.022237,0.349704,0.031679,0.358416,0.021339,0.00817059157451895,0.00882595581798862,0.00870388698429961,0.0114439833819841,0.184716030273008,0.195757012766462,0.42927180525833,0.482774434421464,0.347386249798465,0.359334240870339,4076246
2020-07-03,"HRV","Croatia",505,0.012117,0.006867,0.013861,0.005203,0.01257,0.006992,0.015842,0.005556,0.207993,0.025474,0.225743,0.018604,0.439201,0.031148,0.467327,0.022202,0.330073,0.029513,0.330693,0.020935,0.00873433031862713,0.00985538965361075,0.00930031063101381,0.012665561002294,0.195661111278261,0.223682453438484,0.42711673886367,0.475615474423616,0.331029671222437,0.331849894493463,4076246
2020-07-04,"HRV","Croatia",570,0.008828,0.005405,0.008772,0.003906,0.008828,0.005405,0.008772,0.003906,0.213573,0.023678,0.24386,0.017986,0.415984,0.028477,0.459649,0.020874,0.366009,0.027831,0.364912,0.020164,0.00883732802434513,0.00986330128478894,0.00935477938035648,0.0121769877858668,0.205889817943982,0.245516328476684,0.421469911736335,0.468449327548842,0.364477157280234,0.363115327041012,4076246
2020-07-05,"HRV","Croatia",573,0.012044,0.006677,0.006981,0.003478,0.013037,0.006943,0.010471,0.004252,0.207997,0.024843,0.226876,0.017496,0.49119,0.0306,0.500873,0.020888,0.342248,0.029041,0.352531,0.019959,0.00934637377697342,0.00957561280597121,0.00996794463039952,0.0121517965283146,0.211912289463315,0.239385494855555,0.432583914558264,0.475516308936903,0.346130381007315,0.355709388535791,4076246
2020-07-06,"HRV","Croatia",480,0.009143,0.006306,0.014583,0.005472,0.005059,0.004701,0.010417,0.004634,0.181643,0.025546,0.25,0.019764,0.355317,0.031712,0.422917,0.022549,0.329419,0.031142,0.364583,0.021969,0.00944145086223942,0.0106014880712436,0.00946028913122362,0.012129272972222,0.208424310348864,0.251145233274254,0.414507368791229,0.458991760657398,0.32835862123777,0.363166174186202,4076246
2020-07-07,"HRV","Croatia",594,0.006768,0.004862,0.010101,0.004103,0.006344,0.004708,0.010101,0.004103,0.2597,0.026003,0.265993,0.01813,0.505061,0.02965,0.498316,0.020515,0.34458,0.028183,0.363636,0.019738,0.00920317434545159,0.0107396720669307,0.00919833636853147,0.0120616312669877,0.227836441656893,0.264760354862812,0.42943978918508,0.465842729949816,0.342742848553626,0.36319832601686,4076246
2020-07-08,"HRV","Croatia",530,0.003995,0.003763,0.00566,0.003259,0.0048,0.004123,0.007547,0.003759,0.19835,0.023789,0.213208,0.017791,0.462867,0.029746,0.473585,0.021688,0.372741,0.028846,0.375472,0.021034,0.00855443577626712,0.0101259924248673,0.00880971640757212,0.011302230004207,0.225085962900695,0.22463523385941,0.439092707771169,0.466116523158616,0.373031494177118,0.374383988054881,4076246
2020-07-09,"HRV","Croatia",602,0.008924,0.005567,0.006645,0.003311,0.014076,0.006974,0.008306,0.003699,0.188549,0.023154,0.212625,0.016676,0.39392,0.028924,0.450166,0.020277,0.336714,0.027975,0.347176,0.019403,0.00864987306855666,0.00976003383260682,0.00944536215296109,0.0103018913494981,0.217011723414683,0.209140709472461,0.424430769574385,0.460075120312692,0.340120363969411,0.348934623112124,4076246
2020-07-10,"HRV","Croatia",615,0.008382,0.005668,0.006504,0.003241,0.008954,0.005857,0.00813,0.003621,0.244002,0.026702,0.222764,0.016779,0.372733,0.030062,0.417886,0.019888,0.292873,0.028293,0.352846,0.019269,0.00865461592368812,0.00933043837297711,0.00948880420744884,0.00965636618590494,0.229202584709269,0.216683682167353,0.41143174847843,0.447874745626433,0.290585784751894,0.350886184028102,4076246
2020-07-11,"HRV","Croatia",644,0.000621,0.001444,0.001553,0.001552,0.000621,0.001444,0.001553,0.001552,0.25865,0.025385,0.23913,0.016809,0.421435,0.028625,0.453416,0.019617,0.301973,0.026615,0.343168,0.018708,0.00753013376350181,0.00781384084231802,0.00866722805908605,0.00748907211013496,0.242694271192557,0.234660057538845,0.41046430989778,0.446035953539681,0.297021684855584,0.344756780992894,4076246
2020-07-12,"HRV","Croatia",680,0.003912,0.003414,0.005882,0.002933,0.004849,0.003799,0.008824,0.003586,0.193971,0.021625,0.229412,0.016124,0.432998,0.027098,0.451471,0.019084,0.367097,0.026361,0.382353,0.018636,0.00699736325877954,0.00731091808747292,0.00813616088674324,0.00759444085595267,0.231648136177731,0.232900216917035,0.412344761264664,0.444382814260594,0.366976814044275,0.381516009113599,4076246
2020-07-13,"HRV","Croatia",643,0.005841,0.00424,0.012442,0.004371,0.005819,0.004232,0.012442,0.004371,0.327911,0.026121,0.290824,0.01791,0.448768,0.027675,0.48056,0.019703,0.36933,0.026854,0.377916,0.019121,0.00678266641134589,0.00839043876246512,0.00776162666398187,0.00858631496197908,0.265599684266339,0.284411294036343,0.418067251581897,0.449997794383489,0.376571280914395,0.381251153881417,4076246
2020-07-14,"HRV","Croatia",611,0.006334,0.004681,0.008183,0.003645,0.00554,0.004379,0.008183,0.003645,0.310055,0.027289,0.322422,0.018909,0.459249,0.029402,0.440262,0.020083,0.300071,0.027039,0.312602,0.018753,0.00665689261573666,0.0083632730907605,0.00739689445651883,0.00839747491211959,0.288021991017538,0.324605349230501,0.426397498495294,0.445896310390759,0.303152455430108,0.31405439671352,4076246
2020-07-15,"HRV","Croatia",660,0.006395,0.004391,0.006061,0.003021,0.008094,0.004936,0.007576,0.003375,0.318625,0.025667,0.362121,0.018708,0.404335,0.027034,0.448485,0.019359,0.309747,0.025471,0.339394,0.018431,0.00655470094390378,0.00794012712001477,0.00746911287186041,0.00812080648604546,0.309879315437784,0.363700509503746,0.420483855290149,0.444585854963399,0.297906037349972,0.329650154852682,4076246
2020-07-16,"HRV","Croatia",601,0.00446,0.003928,0.006656,0.003317,0.007656,0.005138,0.011647,0.004377,0.426257,0.029153,0.404326,0.020019,0.387728,0.028722,0.407654,0.020045,0.356079,0.028228,0.384359,0.019842,0.00622506315676806,0.00768469245683937,0.00747036368724842,0.0087441671045213,0.38486707340568,0.404478993979912,0.412469132938312,0.434706835713439,0.352312730639514,0.384278881939164,4076246
2020-07-17,"HRV","Croatia",545,0.001211,0.002222,0.001835,0.001833,0.001211,0.002222,0.001835,0.001833,0.406062,0.031371,0.433028,0.021225,0.471769,0.031889,0.478899,0.021399,0.342455,0.030313,0.368807,0.020667,0.00556363510681247,0.00659541902139213,0.00656835111088679,0.00737446966217968,0.412135187698475,0.434033802831771,0.423351304293311,0.441453806479184,0.350383249268993,0.376911139294732,4076246
2020-07-18,"HRV","Croatia",587,0.006049,0.00489,0.003407,0.002405,0.005075,0.004482,0.003407,0.002405,0.454287,0.031404,0.46167,0.020576,0.474129,0.031494,0.473595,0.020608,0.270422,0.028015,0.310051,0.01909,0.00551118135302782,0.00593357694265363,0.00629951160204367,0.00653194369378188,0.452436204765043,0.461611934576685,0.434682616323553,0.447629170456946,0.277783379662205,0.313102156744818,4076246
2020-07-19,"HRV","Croatia",574,0.005855,0.004652,0.008711,0.003879,0.007149,0.005137,0.010453,0.004245,0.416017,0.030057,0.468641,0.020829,0.44855,0.030328,0.472125,0.020837,0.367033,0.029392,0.381533,0.020275,0.00544737522525231,0.00629963890605029,0.00632831291298747,0.00701294335619664,0.455931396779502,0.470434310843792,0.43849257276943,0.453740967346319,0.333405674045287,0.369811882362756,4076246
2020-07-20,"HRV","Croatia",560,0.016405,0.007637,0.010714,0.004351,0.015441,0.007413,0.008929,0.003975,0.423066,0.029701,0.455357,0.021044,0.430722,0.029769,0.480357,0.021113,0.376374,0.029126,0.376786,0.020477,0.00665814551817686,0.00693456237357585,0.00749603867626664,0.00718796701127477,0.445543108598925,0.457454262183072,0.437304603820939,0.462603662271664,0.38225180909183,0.381743881300259,4076246
2020-07-21,"HRV","Croatia",568,0.003648,0.003654,0.010563,0.00429,0.003645,0.003653,0.008803,0.003919,0.405632,0.029761,0.448944,0.02087,0.450965,0.030159,0.466549,0.020933,0.357006,0.02904,0.348592,0.019995,0.00625724818877899,0.00745603404762142,0.00697331255681599,0.00732959269489513,0.423488375636168,0.44781194269253,0.441006537886816,0.464137121017309,0.363830517699982,0.353192599041967,4076246
2020-07-22,"HRV","Croatia",564,0.007551,0.004912,0.008865,0.003947,0.008145,0.0051,0.010638,0.00432,0.451143,0.028232,0.457447,0.020977,0.42535,0.02805,0.45922,0.020984,0.305988,0.026145,0.329787,0.019796,0.00635892547321226,0.00765265237424899,0.00709022752436546,0.00782006085509777,0.439455353384198,0.455331504586615,0.438385910959381,0.462896460305852,0.338351179538717,0.32689390547492,4076246
2020-07-23,"HRV","Croatia",539,0.004185,0.00378,0.007421,0.003697,0.003417,0.003417,0.007421,0.003697,0.45974,0.029186,0.458256,0.021461,0.418183,0.028887,0.460111,0.021468,0.301297,0.02687,0.345083,0.020477,0.00606174277379191,0.00760734519978939,0.00660713064688598,0.00768930187301938,0.451735696672677,0.459659119983314,0.434773222710524,0.462475757149755,0.318269007810004,0.340185385894634,4076246
2020-07-24,"HRV","Croatia",556,0.004346,0.003833,0.005396,0.003107,0.007615,0.005066,0.008993,0.004004,0.452147,0.029001,0.483813,0.021194,0.397005,0.02851,0.442446,0.021064,0.27795,0.026105,0.314748,0.019696,0.00581453746327954,0.00726737964824082,0.00667873242401565,0.00793041555876694,0.453508863631773,0.483155628537326,0.427503106038368,0.457831948478254,0.292476665543834,0.319102139500759,4076246
2020-07-25,"HRV","Croatia",546,0.009424,0.006269,0.009158,0.004077,0.009424,0.006269,0.009158,0.004077,0.454848,0.032308,0.46337,0.021341,0.426984,0.032092,0.498168,0.021398,0.312832,0.030082,0.32967,0.020118,0.00615418990555988,0.00751164210725439,0.00696597796205005,0.00822932776849001,0.455964508392447,0.468145823452668,0.42700529008339,0.467514484152719,0.295474949049551,0.328297536617343,4076246
2020-07-26,"HRV","Croatia",530,0.008498,0.005375,0.00566,0.003259,0.01512,0.007146,0.011321,0.004595,0.459649,0.029184,0.488679,0.021713,0.454297,0.029157,0.471698,0.021684,0.281299,0.02633,0.301887,0.019941,0.00638373646908548,0.00722850097356731,0.00795438094910085,0.00914612533134748,0.459555249351502,0.483628707334767,0.43198501430469,0.46938304825684,0.284159102538587,0.305900598081784,4076246
2020-07-27,"HRV","Croatia",512,0.002031,0.002792,0.003906,0.002757,0.002031,0.002792,0.003906,0.002757,0.415081,0.030556,0.447266,0.021974,0.492472,0.031003,0.490234,0.022093,0.316997,0.028855,0.332031,0.020813,0.0058603093239237,0.00674288385858257,0.00726378194253595,0.00785115044547756,0.439095197317178,0.45034154062063,0.444203173336455,0.475589181201971,0.294585946492571,0.328118434761547,4076246
2020-07-28,"HRV","Croatia",535,0.004978,0.004258,0.005607,0.003228,0.007297,0.005149,0.007477,0.003724,0.368181,0.02918,0.437383,0.021447,0.44182,0.030044,0.461682,0.021553,0.326536,0.028371,0.351402,0.02064,0.00571102067214057,0.00653505330793013,0.00725334037033159,0.00774009400972549,0.402599844857314,0.432609325832182,0.44486592506792,0.473507745896985,0.311264222065321,0.351936318114222,4076246
2020-07-29,"HRV","Croatia",508,0.005377,0.004412,0.005906,0.003399,0.003208,0.003412,0.003937,0.002778,0.442103,0.029965,0.474409,0.022155,0.376507,0.029233,0.427165,0.021947,0.28751,0.027308,0.324803,0.020778,0.00561701746491972,0.00638817921808573,0.00678368908724547,0.00702041307473916,0.411670437009588,0.466260156046109,0.432353461086528,0.46437240260017,0.300712268336399,0.329826085884011,4076246
2020-07-30,"HRV","Croatia",505,0.002376,0.002818,0.00396,0.002795,0.004295,0.003786,0.005941,0.00342,0.429199,0.028654,0.429703,0.022029,0.424256,0.028612,0.461386,0.022183,0.300493,0.026542,0.30297,0.020449,0.00523543467782353,0.00602003975791132,0.00648014063758855,0.00676016548165108,0.415431623528744,0.440128538771213,0.430639589196842,0.463882213333261,0.300367403871524,0.300561212462191,4076246
2020-07-31,"HRV","Croatia",463,0.001138,0.002233,0.00216,0.002157,0.002138,0.00306,0.00432,0.003048,0.403522,0.032502,0.429806,0.023007,0.412358,0.032612,0.457883,0.023154,0.346738,0.03153,0.347732,0.022133,0.004788865027175,0.00548912244029237,0.00599064580146474,0.00630488863933503,0.407491814962371,0.431321674109934,0.426645251718461,0.462519486896268,0.324395887004037,0.338248710817002,4076246
2020-08-01,"HRV","Croatia",435,0.004209,0.004549,0.009195,0.004577,0.005177,0.005043,0.011494,0.005111,0.423626,0.034723,0.432184,0.023752,0.405386,0.034501,0.443678,0.023821,0.282674,0.031643,0.31954,0.022357,0.0046527243934364,0.00581810380922543,0.00584616308123087,0.00696953442384356,0.412404111138311,0.431694128814522,0.421525900111023,0.456862887688152,0.307402959869649,0.325955159222483,4076246
2020-08-02,"HRV","Croatia",432,0.0031,0.003727,0.00463,0.003266,0.00406,0.004263,0.00463,0.003266,0.455583,0.033388,0.449074,0.023931,0.411897,0.032996,0.465278,0.023998,0.312128,0.031064,0.349537,0.022941,0.00443668077809289,0.00560054409193412,0.00560931988798155,0.00653341854725392,0.433810298199081,0.448113431517858,0.418436264632682,0.458815939218099,0.309869814474572,0.348634681835095,4076246
2020-08-03,"HRV","Croatia",400,0.0051,0.00443,0.005,0.003527,0.0051,0.00443,0.005,0.003527,0.420635,0.030703,0.44,0.024819,0.409838,0.030588,0.4475,0.024862,0.306925,0.028686,0.315,0.023226,0.00440218827998828,0.00544697590328537,0.00548927487581861,0.00621888543242366,0.431232534024457,0.444260152457056,0.415405941748482,0.455223241589882,0.30883825981024,0.321864313485295,4076246
2020-08-04,"HRV","Croatia",368,0.01272,0.007847,0.005435,0.003833,0.012782,0.007866,0.008152,0.004687,0.467324,0.034935,0.486413,0.026055,0.451643,0.034846,0.4375,0.02586,0.287791,0.0317,0.296196,0.023801,0.00506926029379702,0.00535787997563385,0.00611766055513378,0.0063991136628788,0.452423380353964,0.481242434202777,0.421746540183055,0.449397524063195,0.298633611712955,0.295837632818775,4076246
2020-08-05,"HRV","Croatia",395,0.005224,0.00519,0.005063,0.003571,0.005224,0.00519,0.005063,0.003571,0.427447,0.035613,0.440506,0.024979,0.40268,0.035305,0.427848,0.024894,0.290528,0.032683,0.303797,0.02314,0.00503053518765576,0.00524006468422094,0.00598493178397105,0.00612027271103203,0.44454113635951,0.449954449559508,0.417215553973988,0.441858988563699,0.292564789443496,0.297735042632198,4076246
2020-08-06,"HRV","Croatia",411,0.004302,0.004356,0.004866,0.003433,0.004302,0.004356,0.004866,0.003433,0.458286,0.03316,0.472019,0.024625,0.460211,0.033171,0.486618,0.024654,0.273916,0.02968,0.306569,0.022743,0.00490690608101436,0.00511483275874078,0.0057770954753731,0.00585082262753301,0.453623716701555,0.463427316030082,0.424993294758248,0.452561160271646,0.274615082237584,0.305423088682246,4076246
2020-08-07,"HRV","Croatia",337,0.013184,0.008258,0.008902,0.005117,0.012013,0.007887,0.005935,0.004184,0.446513,0.035989,0.430267,0.026971,0.429734,0.035838,0.454006,0.027121,0.332679,0.03411,0.329377,0.025602,0.00579106803026218,0.00544264443741503,0.00632892742698496,0.00576133207239703,0.453457097486217,0.432799754499524,0.425792213732588,0.452301794550733,0.325141026721929,0.329535346450331,4076246
2020-08-08,"HRV","Croatia",358,0.002124,0.00361,0.005587,0.003939,0.002124,0.00361,0.005587,0.003939,0.408327,0.038541,0.421788,0.026101,0.377383,0.038008,0.463687,0.026356,0.240464,0.03351,0.296089,0.024128,0.00533121337601281,0.00539415307008629,0.00589499047497528,0.00563961699699038,0.43208345488124,0.416787759960906,0.416105128176641,0.454427766786874,0.258629307840011,0.304483792381241,4076246
2020-08-09,"HRV","Croatia",397,0,0,0,0,0,0,0,0,0.412247,0.034023,0.443325,0.024933,0.358457,0.033146,0.423174,0.024796,0.339474,0.03273,0.307305,0.023156,0.00475976648732435,0.00477108841320279,0.00532909456152266,0.00480065080329486,0.41740019910489,0.43561897882033,0.403666568745026,0.446957428693647,0.32266023809511,0.30372462935383,4076246
2020-08-10,"HRV","Croatia",387,0,0,0,0,0.003312,0.004091,0.005168,0.003645,0.421682,0.035167,0.421189,0.025099,0.468878,0.035537,0.509044,0.025412,0.243898,0.030581,0.30491,0.023402,0.00429582417260427,0.00424511724411834,0.00509618346141484,0.00471995896013968,0.414932823481828,0.426938659348078,0.414843397835088,0.460924427923425,0.276621407289445,0.30249830170565,4076246
2020-08-11,"HRV","Croatia",418,0.0099,0.007056,0.007177,0.004129,0.010756,0.007351,0.009569,0.004762,0.398381,0.03489,0.406699,0.024026,0.407977,0.035025,0.435407,0.024251,0.269012,0.031603,0.299043,0.022394,0.00471221817729797,0.00441027734188824,0.00550932682090503,0.00521787789424098,0.403355870631953,0.411861787732825,0.412784267629217,0.455122255751103,0.270391501196033,0.298218974870321,4076246
2020-08-12,"HRV","Croatia",464,0.002714,0.00326,0.00431,0.003041,0.005887,0.004794,0.008621,0.004292,0.491126,0.031327,0.446121,0.023077,0.411691,0.03084,0.461207,0.023142,0.347688,0.029843,0.331897,0.021861,0.00448155901477291,0.00431144558714177,0.00548990417155915,0.00559609001862567,0.441441001932177,0.439443215326133,0.411751082251328,0.456379793819003,0.336783852976225,0.327472801168449,4076246
2020-08-13,"HRV","Croatia",436,0.000656,0.001909,0.002294,0.002291,0.000656,0.001909,0.002294,0.002291,0.409064,0.036643,0.412844,0.023579,0.43595,0.036958,0.46789,0.023896,0.323792,0.034874,0.337156,0.02264,0.00410930011282868,0.00404712240919414,0.00503886759603958,0.00508531643214899,0.428677284630872,0.417270486676931,0.41562924464005,0.459138265074722,0.336653935110363,0.340720393169757,4076246
2020-08-14,"HRV","Croatia",478,0.007676,0.0057,0.012552,0.005092,0.006276,0.005158,0.01046,0.004653,0.435797,0.032386,0.449791,0.022754,0.456547,0.032532,0.502092,0.022869,0.341155,0.030964,0.357741,0.021924,0.00433397029204056,0.0047626112022464,0.00507427440030135,0.00577234276188392,0.433200607696201,0.444405877442568,0.42353708219333,0.473143362744869,0.345391819149503,0.359767243439031,4076246
2020-08-15,"HRV","Croatia",477,0.002735,0.003237,0.004193,0.002959,0.003276,0.003541,0.006289,0.00362,0.472086,0.030936,0.48218,0.022879,0.426834,0.030651,0.459119,0.022817,0.267086,0.027417,0.280922,0.020579,0.00414472956013925,0.00464550780289805,0.0048719166694478,0.00582772724761299,0.455796701501455,0.478921096298442,0.424627365323899,0.469921699509014,0.30919896766555,0.294988239923369,4076246
2020-08-16,"HRV","Croatia",502,0.013668,0.007341,0.013944,0.005234,0.013668,0.007341,0.013944,0.005234,0.443169,0.031409,0.422311,0.022045,0.444718,0.03142,0.486056,0.022307,0.254805,0.027552,0.308765,0.020619,0.00500020701473216,0.0060249766322633,0.00554977020815169,0.00834542096627929,0.454309371815678,0.437767558226849,0.429513830726484,0.476187911167065,0.243841582246805,0.29463715109111,4076246
2020-08-17,"HRV","Croatia",465,0.006115,0.005695,0.006452,0.003713,0.006115,0.005695,0.006452,0.003713,0.329964,0.034351,0.384946,0.022565,0.40487,0.035861,0.453763,0.023088,0.272542,0.03253,0.296774,0.021185,0.00511465161476055,0.00613502070020409,0.00556693656897371,0.00754869222818599,0.398754182239338,0.386582968392785,0.424987380568209,0.470986485044054,0.256780540413792,0.292062784033184,4076246
2020-08-18,"HRV","Croatia",519,0.016736,0.008138,0.017341,0.00573,0.021055,0.009108,0.017341,0.00573,0.394521,0.031007,0.458574,0.021872,0.407243,0.03117,0.470135,0.021908,0.266377,0.028045,0.323699,0.020538,0.00704835140855638,0.0116407232952311,0.00800359231110927,0.0119330346066877,0.389829204608688,0.435127911312868,0.42171649826198,0.471659545443717,0.264968867511353,0.31963775454673,4076246
2020-08-19,"HRV","Croatia",464,0.003333,0.003896,0.006466,0.003721,0.003333,0.003896,0.006466,0.003721,0.409219,0.03324,0.469828,0.02317,0.421762,0.033386,0.471983,0.023175,0.342275,0.032076,0.364224,0.02234,0.00639121729697227,0.00905996852210411,0.00705827746439041,0.00983851398204231,0.390993830994574,0.454464606921447,0.421749532516433,0.472615708278033,0.338270191892473,0.365858899412959,4076246
2020-08-20,"HRV","Croatia",516,0.016845,0.007911,0.011628,0.004719,0.016845,0.007911,0.011628,0.004719,0.4563,0.030617,0.455426,0.021924,0.432387,0.030453,0.445736,0.021881,0.332105,0.02895,0.358527,0.021112,0.00876003402068188,0.0101445399069997,0.0093251269764621,0.0106776425037376,0.415383481924907,0.457635166463465,0.423903323741815,0.467200468990524,0.347204438238953,0.37009622257615,4076246
2020-08-21,"HRV","Croatia",472,0.013619,0.006991,0.012712,0.005157,0.013619,0.006991,0.012712,0.005157,0.394614,0.02948,0.396186,0.022513,0.414415,0.029712,0.417373,0.022698,0.343252,0.028637,0.338983,0.021788,0.0103409848970618,0.0113169882498188,0.0107072812117016,0.0116694764868884,0.406322683454814,0.428278917754677,0.42221094086939,0.44965682139085,0.351391168559006,0.34701003524329,4076246
2020-08-22,"HRV","Croatia",508,0.016725,0.008194,0.009843,0.00438,0.007382,0.00547,0.009843,0.00438,0.40137,0.031322,0.440945,0.022029,0.42485,0.031587,0.482283,0.02217,0.338247,0.030231,0.360236,0.0213,0.012687183443179,0.0111728818934427,0.0100315631156562,0.0114248329380062,0.403568947714068,0.430214576284925,0.422776408418146,0.461348940950292,0.33995160294151,0.352197493870227,4076246
2020-08-23,"HRV","Croatia",549,0.008519,0.005566,0.010929,0.004437,0.010246,0.006099,0.016393,0.00542,0.474417,0.030241,0.493625,0.021338,0.467244,0.030216,0.482696,0.021327,0.306886,0.027931,0.360656,0.020494,0.0118331551529251,0.0114459499625698,0.0102765579031254,0.0133378964325598,0.436565390206151,0.476066788320424,0.431944705264101,0.465882821054278,0.30448307278721,0.354903838014399,4076246
2020-08-24,"HRV","Croatia",496,0.008839,0.006186,0.014113,0.005296,0.01065,0.006784,0.016129,0.005656,0.405422,0.03245,0.407258,0.022061,0.487773,0.033037,0.510081,0.022446,0.274104,0.029482,0.294355,0.020464,0.0114419217285572,0.0125743058892472,0.0105692187312823,0.0147885052665337,0.427565849714613,0.434074988959079,0.445314502301163,0.475870118394431,0.265955576818445,0.301131632865915,4076246
2020-08-25,"HRV","Croatia",441,0.010779,0.006885,0.006803,0.003914,0.007277,0.005667,0.004535,0.0032,0.412741,0.032826,0.417234,0.023481,0.466237,0.033261,0.487528,0.023802,0.310771,0.030858,0.319728,0.022208,0.0116326395953288,0.011490442799333,0.0101083014591578,0.0123758471374526,0.423731263714175,0.421471442706281,0.452360971621073,0.479847403483027,0.290396218967678,0.30485193737053,4076246
2020-08-26,"HRV","Croatia",440,0.008213,0.005931,0.011364,0.005053,0.015066,0.008005,0.015909,0.005965,0.443353,0.032643,0.459091,0.023757,0.420703,0.032439,0.463636,0.023773,0.296939,0.030023,0.334091,0.022486,0.0112326502187905,0.0117863935687826,0.0112972630274855,0.0135813984133969,0.434247053902772,0.440408155170657,0.447314751473451,0.477465336106193,0.296645029799036,0.327335966908173,4076246
2020-08-27,"HRV","Croatia",526,0.00489,0.004164,0.009506,0.004231,0.007549,0.005167,0.007605,0.003788,0.407149,0.02933,0.427757,0.021572,0.449094,0.029694,0.460076,0.021731,0.293594,0.027187,0.326996,0.020454,0.0103065468316019,0.0116058331657912,0.0108016594390289,0.0123004321111239,0.424331735649288,0.433671191113623,0.449443895001367,0.474677675091286,0.299038147328986,0.33322446224978,4076246
2020-08-28,"HRV","Croatia",460,0.010584,0.007119,0.013043,0.00529,0.011614,0.007453,0.015217,0.005708,0.403835,0.034132,0.465217,0.023256,0.403278,0.034125,0.436957,0.023127,0.361393,0.033419,0.378261,0.022611,0.0105642107710821,0.0122056561754009,0.011165259593685,0.0134220780652815,0.415369033408522,0.449153976280812,0.441461538519631,0.46708617577255,0.358782004983625,0.379391220034501,4076246
2020-08-29,"HRV","Croatia",419,0.003341,0.003918,0.00716,0.004119,0.003341,0.003918,0.00716,0.004119,0.44138,0.033719,0.431981,0.0242,0.460801,0.033848,0.505967,0.024425,0.385482,0.03305,0.374702,0.023647,0.0095691815009316,0.0113443643326731,0.0100471369349218,0.0115292092809206,0.42507142561136,0.442389538794954,0.446289736235147,0.475378219894105,0.395422510311314,0.3872472082363,4076246
2020-08-30,"HRV","Croatia",428,0.004804,0.004723,0.009346,0.004651,0.007472,0.005882,0.014019,0.005683,0.408502,0.033574,0.425234,0.023897,0.459745,0.03404,0.481308,0.024152,0.306518,0.03149,0.32243,0.022593,0.00895897984732864,0.0106234259366935,0.00979393095781437,0.0124620915535728,0.41781233648043,0.434523580202312,0.450275315464371,0.477292107786209,0.33657256450327,0.339274351246821,4076246
2020-08-31,"HRV","Croatia",401,0.002496,0.003315,0.002494,0.002491,0.002496,0.003315,0.002494,0.002491,0.385368,0.032334,0.421446,0.024659,0.478283,0.033188,0.483791,0.024956,0.318908,0.030964,0.354115,0.023882,0.00804221420622614,0.00799789654251721,0.00889178982105663,0.00942445829236916,0.401731093227222,0.426755600627741,0.457599403841625,0.47944816894339,0.333119811481133,0.341743655345987,4076246
2020-09-01,"HRV","Croatia",384,0.011092,0.007541,0.010417,0.005181,0.011978,0.007833,0.013021,0.005785,0.428589,0.035631,0.447917,0.025377,0.465434,0.035914,0.473958,0.025481,0.373257,0.034824,0.414063,0.025136,0.00849359564406547,0.00842235159560122,0.00934855309049851,0.0102327911016703,0.409914902999115,0.435824731853551,0.461215513451841,0.479157688329571,0.351239446913585,0.397614085111849,4076246
2020-09-02,"HRV","Croatia",344,0.003541,0.004112,0.002907,0.002903,0.00608,0.005382,0.008721,0.005013,0.440621,0.034369,0.459302,0.026869,0.379865,0.0336,0.427326,0.026672,0.341048,0.032818,0.363372,0.025932,0.00771234276707915,0.00679421860887269,0.00897208105864704,0.00966316425518285,0.422756650812201,0.449846886940519,0.446380368056072,0.4687616627832,0.342836941087418,0.374492369420694,4076246
2020-09-03,"HRV","Croatia",367,0.001307,0.002817,0.002725,0.002721,0.001307,0.002817,0.002725,0.002721,0.420902,0.038503,0.457766,0.026007,0.451426,0.038809,0.441417,0.02592,0.340836,0.036965,0.359673,0.025051,0.00648233023293111,0.00559152127284331,0.00792195838061162,0.00774781514968684,0.423324723256465,0.457202233640236,0.447884228249949,0.461588415865228,0.339360627774617,0.359349090938699,4076246
2020-09-04,"HRV","Croatia",359,0.013039,0.008036,0.019499,0.007298,0.013039,0.008036,0.019499,0.007298,0.497307,0.035418,0.451253,0.026263,0.455046,0.035275,0.48468,0.026377,0.406944,0.034799,0.373259,0.025527,0.00757112961699516,0.00871355943279506,0.00863072828923751,0.0105051593025739,0.461066266020287,0.456827406525905,0.449886577521611,0.466485173818438,0.373893082809746,0.365057430191609,4076246
2020-09-05,"HRV","Croatia",287,0.008412,0.007274,0.006969,0.00491,0.008412,0.007274,0.006969,0.00491,0.485555,0.039804,0.477352,0.029484,0.419696,0.039304,0.442509,0.029318,0.299875,0.036492,0.324042,0.027626,0.00767090582200006,0.00823955025061278,0.00861102008750241,0.00958155206677273,0.481308484945709,0.470501996267149,0.444132222341933,0.460362916377996,0.351855751816387,0.32959725922715,4076246
2020-09-06,"HRV","Croatia",348,0.021737,0.011404,0.022989,0.008034,0.018434,0.010519,0.022989,0.008034,0.49242,0.039096,0.477011,0.026774,0.416717,0.038555,0.471264,0.026759,0.276567,0.03498,0.347701,0.025529,0.0128332349863072,0.0163374706782801,0.00868032471178892,0.0148740733147905,0.496592607218398,0.478043455914142,0.438063529611591,0.462069972950772,0.280393720914209,0.337660886567076,4076246
2020-09-07,"HRV","Croatia",281,0.002697,0.004208,0.003559,0.003552,0.004223,0.005262,0.007117,0.005015,0.533937,0.040475,0.523132,0.029796,0.42988,0.040168,0.462633,0.029744,0.355143,0.038829,0.338078,0.02822,0.00891074915121013,0.0102166252090958,0.0093021948640238,0.0117408847899473,0.525839493089352,0.506719659121552,0.43564569900951,0.461512372078861,0.334254954728537,0.338579698812787,4076246
2020-09-08,"HRV","Croatia",304,0.006159,0.006011,0.009868,0.005669,0.007551,0.006651,0.013158,0.006536,0.425683,0.03799,0.434211,0.028428,0.368256,0.037059,0.391447,0.027993,0.292421,0.03495,0.322368,0.026806,0.00853113789385599,0.0102063141636575,0.00910660228258286,0.0121680969302584,0.48951255288245,0.476965574826479,0.418838558501916,0.443417251440628,0.316462048733983,0.328384331569277,4076246
2020-09-09,"HRV","Croatia",298,0.016867,0.013127,0.013423,0.006666,0.0065,0.008192,0.010067,0.005783,0.373527,0.049311,0.493289,0.028962,0.409269,0.050123,0.456376,0.028854,0.313005,0.04727,0.355705,0.027732,0.00992530936490532,0.0109649049304633,0.00876806220346447,0.0117775649130177,0.386453731246569,0.486020967122641,0.414457331420706,0.445202653946385,0.312896352031846,0.352889555765248,4076246
2020-09-10,"HRV","Croatia",318,0.020405,0.010677,0.018868,0.00763,0.020405,0.010677,0.018868,0.00763,0.495217,0.037758,0.487421,0.02803,0.42301,0.03731,0.443396,0.027858,0.38829,0.036806,0.393082,0.02739,0.0121077216718202,0.0147136955431052,0.00894974747410365,0.0141999447726529,0.456666903299714,0.487741501478629,0.414366281594247,0.44317235922509,0.33581739865554,0.393999810033297,4076246
2020-09-11,"HRV","Croatia",280,0.012288,0.008917,0.014286,0.007092,0.012288,0.008917,0.014286,0.007092,0.447134,0.040246,0.471429,0.029832,0.377358,0.039236,0.396429,0.029233,0.344869,0.038475,0.382143,0.029039,0.0124363757083995,0.0150609555074047,0.00910594896387606,0.0145408182472562,0.44661267580986,0.479093868777921,0.403684410291866,0.429941970638619,0.338817691617455,0.395911436974982,4076246
2020-09-12,"HRV","Croatia",282,0.019423,0.011593,0.014184,0.007042,0.019423,0.011593,0.014184,0.007042,0.446264,0.04176,0.464539,0.0297,0.424544,0.041522,0.446809,0.029606,0.343409,0.03989,0.347518,0.028356,0.0145126441512555,0.0152453449630326,0.0125554357779833,0.0147160661945975,0.439720990077495,0.469244384141506,0.40580431641872,0.431764729974416,0.341148575178179,0.362021648928502,4076246
2020-09-13,"HRV","Croatia",307,0.010879,0.00761,0.009772,0.005614,0.01165,0.007872,0.013029,0.006472,0.370829,0.035437,0.439739,0.028328,0.414386,0.036141,0.47557,0.028502,0.295681,0.03348,0.335505,0.026948,0.0139929680410897,0.0134096831503278,0.0126231132258436,0.0144042840276208,0.402247217196413,0.449727352431586,0.405372461834477,0.439199222558781,0.327530354272187,0.332469647614918,4076246
2020-09-14,"HRV","Croatia",292,0.027049,0.013158,0.010274,0.005901,0.027839,0.013343,0.013699,0.006802,0.447422,0.040329,0.479452,0.029236,0.433619,0.040195,0.465753,0.029192,0.358346,0.038892,0.40411,0.028717,0.0183431184754484,0.0129105258415548,0.0173375701942124,0.0143996864444677,0.412173814523333,0.46006629765871,0.409179880330997,0.443121780832687,0.336177303631395,0.377646689199531,4076246
2020-09-15,"HRV","Croatia",307,0.014132,0.009511,0.016287,0.007224,0.014132,0.009511,0.016287,0.007224,0.410072,0.039631,0.469055,0.028482,0.453516,0.040113,0.446254,0.028371,0.27342,0.035914,0.299674,0.026146,0.0175424052812902,0.0138632507652442,0.01646926551112,0.015155601335635,0.405543096418033,0.462208962601066,0.416800456968107,0.442842639044278,0.317639411627681,0.316828410016164,4076246
2020-09-16,"HRV","Croatia",261,0.00414,0.005746,0.011494,0.006598,0.00414,0.005746,0.011494,0.006598,0.441453,0.044435,0.409962,0.030443,0.362075,0.043007,0.421456,0.030565,0.236458,0.038023,0.264368,0.027297,0.0149511924303503,0.0135555990791086,0.0140940816468823,0.0143925015245154,0.415450661133145,0.433122450499355,0.404985564153284,0.437680030507511,0.29097800643607,0.264585806454199,4076246
2020-09-17,"HRV","Croatia",253,0.042151,0.016774,0.019763,0.00875,0.042151,0.016774,0.019763,0.00875,0.473198,0.041679,0.478261,0.031405,0.440718,0.041445,0.422925,0.031059,0.285848,0.037717,0.316206,0.029234,0.0227851750612815,0.0152629505020138,0.0226772443270808,0.0160088959321961,0.441274266350831,0.450173314237156,0.410494971187381,0.433569761801409,0.284050628493234,0.286569721754687,4076246
2020-09-18,"HRV","Croatia",251,0.006848,0.008232,0.007968,0.005612,0.006848,0.008232,0.007968,0.005612,0.468635,0.049808,0.474104,0.031517,0.39856,0.048869,0.36255,0.030344,0.261742,0.043876,0.326693,0.029603,0.0189066075621359,0.0138635226353618,0.018052222874488,0.014216084168404,0.459963047603811,0.461144570275152,0.407073560004272,0.418398716733629,0.271211119101904,0.316984491333334,4076246
2020-09-19,"HRV","Croatia",263,0.016294,0.011164,0.011407,0.006548,0.017775,0.011651,0.019011,0.008421,0.559718,0.043773,0.490494,0.030826,0.519032,0.044057,0.486692,0.03082,0.36463,0.042442,0.334601,0.029096,0.0189165609597826,0.0128260711705178,0.0184757441444383,0.0154688144830849,0.523684358856553,0.478053824035708,0.433710469995685,0.429097587347291,0.29387735513109,0.340362941360574,4076246
2020-09-20,"HRV","Croatia",258,0.030037,0.014948,0.01938,0.008583,0.030037,0.014948,0.01938,0.008583,0.450821,0.043574,0.465116,0.031053,0.414125,0.043136,0.465116,0.031053,0.36665,0.0422,0.337209,0.029433,0.0221454999501228,0.0149066446525443,0.0218624836284017,0.0167231249056194,0.502193944889728,0.475831945465668,0.429146002857979,0.434646076124982,0.314702746019484,0.35167174617029,4076246
2020-09-21,"HRV","Croatia",249,0.016375,0.010684,0.016064,0.007967,0.018197,0.011252,0.02008,0.00889,0.407058,0.041357,0.457831,0.031573,0.414223,0.041467,0.445783,0.031499,0.280418,0.037815,0.309237,0.029289,0.0215266456463418,0.0154113999084534,0.0216126939886007,0.0180525508406688,0.430517275448439,0.470339866875058,0.426205173791969,0.436358369316874,0.303701129012302,0.329925758562272,4076246
2020-09-22,"HRV","Croatia",291,0.02064,0.011067,0.013746,0.006825,0.022831,0.011627,0.017182,0.007618,0.414783,0.038352,0.47079,0.02926,0.430724,0.038546,0.450172,0.029165,0.323595,0.036418,0.367698,0.028266,0.0220246840763773,0.0152869063000184,0.0225765243489463,0.0181985594090311,0.402752034332041,0.472287306548658,0.427972553800752,0.439286510658317,0.309543828104833,0.361909362984067,4076246
2020-09-23,"HRV","Croatia",277,0.006437,0.007053,0.01444,0.007168,0.006437,0.007053,0.01444,0.007168,0.503247,0.044097,0.487365,0.030032,0.396487,0.043142,0.436823,0.029801,0.296987,0.040299,0.350181,0.028662,0.0193665706077591,0.0153157921483737,0.0199398239573508,0.0175281695554734,0.468514168494581,0.482126950145356,0.421340553425385,0.438545263315011,0.305582791524467,0.358006427756646,4076246
2020-09-24,"HRV","Croatia",248,0.043133,0.018422,0.044355,0.013074,0.045268,0.018851,0.048387,0.013626,0.515081,0.045319,0.524194,0.031713,0.378816,0.043988,0.435484,0.031485,0.329928,0.042636,0.375,0.030742,0.0249288428511313,0.0349279559890782,0.0257745342060377,0.036580081001903,0.490793199561942,0.508923840348893,0.412407155895969,0.437631360182117,0.312726664268378,0.372033768472044,4076246
2020-09-25,"HRV","Croatia",235,0.003515,0.005119,0.008511,0.005992,0.006108,0.00674,0.012766,0.007323,0.4898,0.04324,0.52766,0.032566,0.496182,0.043247,0.53617,0.032531,0.336002,0.040856,0.357447,0.031263,0.0211462273859906,0.0199775340877236,0.0222631000051332,0.0239187578736891,0.494319622056075,0.526573158911028,0.429567115062229,0.465687445226147,0.32067061127901,0.360582327939077,4076246
2020-09-26,"HRV","Croatia",238,0,0,0,0,0.007764,0.008143,0.008403,0.005917,0.406133,0.045562,0.457983,0.032296,0.486063,0.046368,0.466387,0.032337,0.281387,0.041718,0.340336,0.030713,0.0158804025186928,0.016183584877596,0.0203636223394996,0.0203781251468116,0.454643829528083,0.494194551670355,0.444226263352443,0.467766510688091,0.309721074007832,0.338864577120077,4076246
2020-09-27,"HRV","Croatia",267,0.041562,0.016754,0.018727,0.008296,0.044337,0.017279,0.018727,0.008296,0.459273,0.041833,0.453184,0.030465,0.407072,0.041241,0.464419,0.030522,0.299618,0.038454,0.307116,0.028231,0.0223694846817697,0.0168437798856924,0.024828906739385,0.0203586408689554,0.45121523328151,0.468205431386524,0.437173630564893,0.468695891624058,0.306987524660781,0.303424227041429,4076246
2020-09-28,"HRV","Croatia",244,0.016471,0.010799,0.016393,0.008129,0.016471,0.010799,0.016393,0.008129,0.424614,0.04194,0.442623,0.031798,0.484592,0.042405,0.47541,0.03197,0.275583,0.037911,0.340164,0.03033,0.0216979849673289,0.0169588687819158,0.0239081324001844,0.0197215723553938,0.433947564444422,0.448758119451841,0.449817916064134,0.472619284080017,0.298330971748075,0.31585764874346,4076246
2020-09-29,"HRV","Croatia",262,0.006759,0.006523,0.01145,0.006573,0.006759,0.006523,0.01145,0.006573,0.472998,0.03975,0.496183,0.030889,0.399285,0.038992,0.450382,0.030738,0.33226,0.037501,0.351145,0.029489,0.018716855823981,0.016046801843776,0.0215580718901097,0.0169560164881746,0.445115902110658,0.468166093320425,0.440245726296031,0.468925957887613,0.306288369516853,0.338161756006675,4076246
2020-09-30,"HRV","Croatia",249,0.013761,0.010038,0.02008,0.00889,0.013761,0.010038,0.02008,0.00889,0.45852,0.042935,0.473896,0.031643,0.533643,0.042986,0.502008,0.031686,0.296079,0.039338,0.317269,0.029494,0.0176152884259382,0.016958341458956,0.0197627964269078,0.0180995166169904,0.447967533886447,0.467846743560065,0.463431559319795,0.4791314903191,0.303372811952441,0.325934769288155,4076246
2020-10-01,"HRV","Croatia",244,0.014829,0.010319,0.020492,0.00907,0.014829,0.010319,0.020492,0.00907,0.426647,0.042224,0.479508,0.031982,0.457902,0.042534,0.463115,0.031922,0.256139,0.037265,0.319672,0.029855,0.0169447150112152,0.0178300884808758,0.0184718879379502,0.0189068723383918,0.437500108374964,0.471496960965729,0.465181237248527,0.477678431110651,0.289544143061873,0.323478626425882,4076246
2020-10-02,"HRV","Croatia",271,0.004785,0.005555,0.00369,0.003683,0.004785,0.005555,0.00369,0.003683,0.513551,0.040233,0.535055,0.030298,0.368809,0.038837,0.431734,0.030088,0.285886,0.036371,0.306273,0.028,0.0141585944225556,0.0152218936304519,0.0147925031854993,0.0141729139154902,0.466370418525517,0.51729264254118,0.446353321937095,0.469385570299715,0.286498263421405,0.313507410623257,4076246
2020-10-03,"HRV","Croatia",255,0.023656,0.016392,0.011765,0.006752,0.025085,0.016867,0.015686,0.007781,0.409969,0.053048,0.443137,0.031108,0.35361,0.051566,0.443137,0.031108,0.330528,0.050737,0.34902,0.02985,0.0159749606114913,0.0144697534199445,0.0171970477473114,0.0144230560094994,0.444907374963947,0.47569116488634,0.426934978459701,0.464325260370286,0.296786251009401,0.342570483783785,4076246
2020-10-04,"HRV","Croatia",299,0.010385,0.00738,0.013378,0.006644,0.011979,0.00792,0.016722,0.007416,0.456293,0.036262,0.478261,0.028888,0.430612,0.036049,0.468227,0.028857,0.369855,0.035146,0.35786,0.027723,0.0147068611960983,0.0141778145077676,0.0158586278462705,0.0148664914442967,0.449119754234589,0.475872120994978,0.426725034929974,0.465686270260622,0.317204658968967,0.363045004223043,4076246
2020-10-05,"HRV","Croatia",273,0.006185,0.006301,0.007326,0.005161,0.006185,0.006301,0.007326,0.005161,0.503892,0.040183,0.509158,0.030256,0.433277,0.039825,0.457875,0.030154,0.354014,0.038433,0.340659,0.028684,0.0128840018102358,0.0125485246956993,0.0135581706563666,0.0126655997054942,0.476034440373354,0.492669651078002,0.427283192702014,0.463962177443865,0.332356869077906,0.356316931223253,4076246
2020-10-06,"HRV","Croatia",312,0.005738,0.005996,0.003205,0.0032,0.005738,0.005996,0.003205,0.0032,0.431348,0.039318,0.490385,0.028302,0.444781,0.039451,0.474359,0.02827,0.277134,0.035533,0.304487,0.026053,0.0113430107989826,0.0101572480534777,0.0117089802291444,0.010098582936606,0.460136917241245,0.494129326365106,0.430474356351872,0.466997153972817,0.317815348671409,0.322755569471594,4076246
2020-10-07,"HRV","Croatia",297,0.003772,0.004616,0.006734,0.004746,0.007428,0.006466,0.010101,0.005802,0.4335,0.037316,0.478114,0.028985,0.473634,0.037598,0.451178,0.028874,0.318624,0.035086,0.367003,0.027968,0.00979877234045809,0.00905451812533736,0.0105417638356297,0.00950975228364622,0.449562912406427,0.48753574379588,0.439340793138349,0.463222594230641,0.31946886681933,0.350247635316941,4076246
2020-10-08,"HRV","Croatia",391,0.003065,0.004701,0.005115,0.003608,0.003065,0.004701,0.005115,0.003608,0.449932,0.042308,0.455243,0.025185,0.455039,0.04235,0.470588,0.025242,0.353331,0.040651,0.381074,0.02456,0.0084555308183951,0.0078807166258505,0.0089442928707799,0.00813817032362368,0.449695382765945,0.468602331427837,0.443086824208985,0.465171001269368,0.33070399622593,0.374508366680882,4076246
2020-10-09,"HRV","Croatia",320,0.016997,0.009716,0.0125,0.006211,0.019962,0.010514,0.01875,0.007583,0.510498,0.037575,0.53125,0.027896,0.410808,0.03698,0.45,0.027811,0.375908,0.036407,0.390625,0.027274,0.00918040500015125,0.00837285629660106,0.0101378241414856,0.00955734993213373,0.477022048182881,0.502211336219405,0.437058472934712,0.461193016422771,0.347127741848463,0.390772327807268,4076246
2020-10-10,"HRV","Croatia",291,0.011114,0.009078,0.017182,0.007618,0.011114,0.009078,0.017182,0.007618,0.534752,0.04319,0.56701,0.029046,0.44437,0.043026,0.487973,0.029302,0.31312,0.040157,0.33677,0.027705,0.0090741221302496,0.00975803364579453,0.00989975554128585,0.0106168386221027,0.509396974296533,0.5451069293588,0.438724298348648,0.467739027847966,0.339964007567515,0.354393942434164,4076246
2020-10-11,"HRV","Croatia",341,0.007388,0.00989,0.005865,0.004135,0.007388,0.00989,0.005865,0.004135,0.423898,0.057071,0.501466,0.027076,0.359747,0.055425,0.44868,0.026934,0.294015,0.052616,0.319648,0.025254,0.00851182942249442,0.00887877262985626,0.00917828455412919,0.00951670622784464,0.477794295685804,0.528975000427779,0.421757085644087,0.463298487708798,0.330077201616179,0.321064886059834,4076246
2020-10-12,"HRV","Croatia",293,0.03117,0.014557,0.023891,0.008921,0.032193,0.014786,0.027304,0.009521,0.459378,0.041746,0.474403,0.029172,0.433498,0.041512,0.491468,0.029206,0.271151,0.03724,0.296928,0.026693,0.0113984210478613,0.0111544795950083,0.0123095588305934,0.0167800257966613,0.471022309679573,0.502099667221284,0.423030926812977,0.470109820289566,0.315467314754523,0.288605962090624,4076246
2020-10-13,"HRV","Croatia",262,0.020671,0.010368,0.01145,0.006573,0.020671,0.010368,0.01145,0.006573,0.515573,0.036419,0.541985,0.030781,0.383275,0.03543,0.446565,0.030713,0.294398,0.033214,0.328244,0.02901,0.0161739562206225,0.011083620078338,0.017126475001047,0.0140357566984877,0.491171163845169,0.523663104374052,0.413055813293305,0.46510164562161,0.308253171206531,0.299659205878949,4076246
2020-10-14,"HRV","Croatia",327,0.002827,0.003981,0.003058,0.003053,0.004234,0.004868,0.006116,0.004312,0.550836,0.037289,0.593272,0.027165,0.451356,0.037306,0.458716,0.027556,0.370526,0.036205,0.360856,0.026558,0.0111163288138395,0.0097724314430699,0.0119597053851874,0.011144908570666,0.523000803536504,0.565601909626839,0.419619806212808,0.463642712264884,0.324229184911711,0.33879942330852,4076246
2020-10-15,"HRV","Croatia",357,0.015794,0.010486,0.019608,0.007338,0.030193,0.014392,0.02521,0.008297,0.551136,0.041831,0.582633,0.026099,0.452526,0.041862,0.456583,0.026363,0.373274,0.040678,0.364146,0.025467,0.0117853958108567,0.0110804574740939,0.0186413043723164,0.0163479355908808,0.544098386303438,0.583441614523772,0.425435003759709,0.461877727790325,0.337670213232846,0.36477283740885,4076246
2020-10-16,"HRV","Croatia",395,0.00906,0.006452,0.017722,0.006638,0.009942,0.006756,0.01519,0.006154,0.596629,0.033404,0.61519,0.024481,0.353114,0.032544,0.4,0.024649,0.356679,0.032617,0.382278,0.02445,0.011189590280125,0.0140384859189498,0.0153388313069743,0.0163288877224654,0.579573659606863,0.610635987081958,0.409894795073291,0.446802863641198,0.344766281709944,0.390825606729822,4076246
2020-10-17,"HRV","Croatia",337,0.039237,0.014547,0.032641,0.00968,0.039237,0.014547,0.032641,0.00968,0.549265,0.03728,0.605341,0.026625,0.351702,0.035777,0.379822,0.026438,0.340485,0.035505,0.341246,0.025827,0.0213035598197783,0.0244756905319912,0.0255235164878602,0.0245111979621561,0.576824983150354,0.618396976794407,0.395656355617029,0.427557191703727,0.346167117581583,0.369126104556427,4076246
2020-10-18,"HRV","Croatia",321,0.018201,0.011238,0.021807,0.008152,0.019785,0.011707,0.024922,0.008701,0.629418,0.040602,0.641745,0.026762,0.437059,0.0417,0.439252,0.027701,0.345203,0.039969,0.367601,0.026911,0.0205209288184498,0.0242544478296084,0.0241046639437921,0.0261467924107292,0.610881052695572,0.640556938515218,0.40169399178355,0.42742568411473,0.348345144175307,0.373553921114332,4076246
2020-10-19,"HRV","Croatia",287,0.013957,0.008968,0.020906,0.008445,0.020963,0.010951,0.02439,0.009106,0.676197,0.03577,0.696864,0.02713,0.426465,0.037806,0.428571,0.029211,0.370443,0.036916,0.369338,0.028488,0.0187175091828865,0.0240207205791529,0.0238866497410227,0.0269118806494889,0.653496984316101,0.682114952206887,0.404714782235219,0.42473602238682,0.356740285310625,0.373685022464706,4076246
2020-10-20,"HRV","Croatia",321,0.008147,0.006675,0.015576,0.006911,0.010022,0.007396,0.018692,0.007559,0.594163,0.036462,0.613707,0.027176,0.418838,0.036634,0.429907,0.027632,0.414369,0.036578,0.392523,0.027255,0.0160556861262593,0.0218892264219431,0.0203325464020011,0.0251262552504518,0.644703778304434,0.655001700379853,0.405986201873761,0.423179398981673,0.377070535157242,0.388747079077776,4076246
2020-10-21,"HRV","Croatia",307,0.021636,0.011764,0.022801,0.008519,0.024034,0.012384,0.029316,0.009628,0.602426,0.039572,0.641694,0.027367,0.328967,0.03799,0.403909,0.028005,0.349132,0.038545,0.371336,0.027576,0.0177508256294893,0.0230973723594932,0.0218600065295336,0.0277903039052985,0.635808267149303,0.646960366469078,0.389485173709831,0.416019398636858,0.373224318398104,0.378670011993685,4076246
2020-10-22,"HRV","Croatia",337,0.021775,0.012179,0.020772,0.007769,0.024693,0.01295,0.023739,0.008293,0.588437,0.041066,0.661721,0.025773,0.389233,0.040687,0.41543,0.026844,0.347762,0.039743,0.379822,0.026438,0.0192191523320784,0.0232863472225867,0.023260927649874,0.027420636020542,0.603576561351628,0.654778003557216,0.38693000133538,0.412974849140307,0.369915407047622,0.377734167289195,4076246
2020-10-23,"HRV","Croatia",312,0.0074,0.006655,0.009615,0.005525,0.0074,0.006655,0.009615,0.005525,0.593715,0.038136,0.634615,0.027262,0.349562,0.037025,0.423077,0.02797,0.367117,0.037427,0.36859,0.027312,0.0167079757429471,0.0178396432415911,0.0194937536379927,0.0206224949151065,0.596302345584084,0.640681715589088,0.377176273804118,0.412290266104267,0.372073657435678,0.367954636273173,4076246
2020-10-24,"HRV","Croatia",351,0.038336,0.015874,0.037037,0.01008,0.037835,0.015774,0.034188,0.009699,0.581662,0.040783,0.609687,0.026038,0.354201,0.039541,0.415954,0.026308,0.306105,0.038103,0.378917,0.025894,0.0226039206006907,0.0254293619636017,0.0246389204477917,0.0260054788503135,0.585745743619999,0.617054544082304,0.369711735704235,0.410325954821519,0.356692380172424,0.369954465690125,4076246
2020-10-25,"HRV","Croatia",317,0.011876,0.011427,0.015773,0.006998,0.011876,0.011427,0.015773,0.006998,0.519538,0.052703,0.618297,0.027285,0.365515,0.0508,0.40694,0.027592,0.348683,0.05027,0.359621,0.026953,0.0202826408730721,0.0228452773408976,0.0218843869836456,0.0220934304967691,0.544126735815598,0.610918535169561,0.365594721057874,0.406941030146187,0.354352269524114,0.358139753641882,4076246
2020-10-27,"HRV","Croatia",443,0.017162,0.009386,0.027088,0.007713,0.018322,0.009692,0.029345,0.008019,0.583436,0.035628,0.611738,0.023155,0.409883,0.035543,0.433409,0.023544,0.385542,0.035175,0.390519,0.023179,0.0199639550739612,0.0249236127924968,0.0211285299147237,0.0246010330154328,0.553642212810638,0.605434050329855,0.370616402490059,0.410007848402379,0.363026458241721,0.375682251488824,4076246
2020-10-28,"HRV","Croatia",515,0.020653,0.008836,0.025243,0.006912,0.022945,0.009302,0.027184,0.007166,0.643888,0.029749,0.625243,0.02133,0.396252,0.030387,0.394175,0.021533,0.30982,0.028729,0.35534,0.02109,0.0205062930046739,0.0256405051745383,0.0218275059126783,0.0256165748550174,0.60001513203909,0.612980342259375,0.372767810882506,0.404569348994394,0.347542518479283,0.361623262797481,4076246
2020-10-29,"HRV","Croatia",326,0.013781,0.010106,0.021472,0.008028,0.015262,0.010627,0.02454,0.008569,0.641294,0.041576,0.665644,0.026129,0.341264,0.0411,0.349693,0.026412,0.348035,0.041292,0.389571,0.027009,0.0193383948973437,0.024587876317462,0.0199994677919183,0.0252969685319976,0.63647393814906,0.648285116377696,0.364744528532296,0.390823962728747,0.346339241205529,0.379463345970259,4076246
2020-10-30,"HRV","Croatia",317,0.018531,0.010475,0.015773,0.006998,0.025699,0.012291,0.022082,0.008254,0.517259,0.038814,0.570978,0.027798,0.371913,0.037541,0.375394,0.027197,0.33436,0.036644,0.362776,0.027004,0.0193577574280142,0.0216430149659745,0.0216538843984655,0.0241288617936565,0.569389845962741,0.60548644127512,0.363479482130234,0.384352480698576,0.341512902568169,0.370686776937993,4076246
2020-10-31,"HRV","Croatia",278,0.028067,0.012908,0.021583,0.008716,0.028067,0.012908,0.021583,0.008716,0.563698,0.038757,0.611511,0.029233,0.329302,0.036728,0.388489,0.029233,0.364936,0.037623,0.384892,0.029183,0.0216242478572193,0.0214081795499957,0.0236458403399229,0.0230760259649698,0.561196876750366,0.60645059624734,0.354841148521806,0.381707061964548,0.347314017586612,0.381764487643428,4076246
2020-11-01,"HRV","Croatia",298,0.031523,0.013942,0.02349,0.008773,0.031523,0.013942,0.02349,0.008773,0.604497,0.039016,0.614094,0.0282,0.386812,0.038861,0.402685,0.02841,0.354687,0.038175,0.328859,0.027215,0.0246199078614927,0.0218516748230654,0.0262371524297044,0.022925206115585,0.576408815350807,0.608882753639575,0.357847315081132,0.38267652667308,0.348786430163765,0.348603008253551,4076246
2020-11-02,"HRV","Croatia",232,0.065272,0.024525,0.030172,0.011231,0.065272,0.024525,0.030172,0.011231,0.583258,0.048951,0.62069,0.031856,0.395518,0.048548,0.413793,0.032335,0.307498,0.045817,0.387931,0.031991,0.0537299518405836,0.0244652587843939,0.0528770613244104,0.0252653976029663,0.577099250469483,0.614205008569039,0.362825014156482,0.386479363046889,0.337083530540457,0.371870607334597,4076246
2020-11-03,"HRV","Croatia",243,0.016708,0.011707,0.032922,0.011446,0.019241,0.012546,0.037037,0.012115,0.612049,0.044505,0.633745,0.030906,0.383038,0.0444,0.353909,0.030675,0.31119,0.042286,0.358025,0.030755,0.0333783487853448,0.0284543631457935,0.0347007161487457,0.0309562515928951,0.592380190480829,0.624966967551069,0.365452094839961,0.37748432507203,0.328315312559823,0.364827083072699,4076246
2020-11-04,"HRV","Croatia",248,0.010934,0.009518,0.016129,0.007999,0.019592,0.012685,0.020161,0.008925,0.575534,0.045239,0.629032,0.030675,0.450067,0.045536,0.41129,0.031246,0.361833,0.043983,0.366935,0.030605,0.0283376024767091,0.024392668533649,0.0315452788285763,0.0270251661702504,0.587195462596399,0.628635889918835,0.384605613991748,0.3820085680004,0.334851906154602,0.367306917847949,4076246
2020-11-05,"HRV","Croatia",247,0.022514,0.013127,0.016194,0.008031,0.023729,0.013468,0.020243,0.008961,0.553336,0.043991,0.611336,0.031015,0.423363,0.04372,0.42915,0.031493,0.398768,0.043327,0.441296,0.031594,0.0276047387002221,0.0220807893317071,0.0303625437908274,0.0249158927240678,0.574987247942753,0.622429564182736,0.39644564945396,0.391612398641089,0.350633748943803,0.423033041805162,4076246
2020-11-06,"HRV","Croatia",236,0.021554,0.012963,0.025424,0.010246,0.023504,0.013523,0.029661,0.011043,0.663943,0.042163,0.648305,0.031083,0.31936,0.041616,0.385593,0.031684,0.371868,0.04314,0.385593,0.031684,0.0266298817004533,0.0228523864077799,0.0291985414700196,0.0264512979561319,0.613831324354359,0.637440113919534,0.378055374188557,0.389601598793229,0.358370828311846,0.409007848814783,4076246
2020-11-07,"HRV","Croatia",232,0.028525,0.015068,0.030172,0.011231,0.041986,0.018154,0.043103,0.013334,0.659537,0.042894,0.650862,0.031297,0.28899,0.041031,0.323276,0.030708,0.372721,0.043768,0.383621,0.031925,0.0274422101671587,0.0249425538511423,0.0329170338727787,0.0337329958688196,0.641057374438112,0.64858713197424,0.359687677322764,0.373776258572798,0.365101337908759,0.397131597296579,4076246
2020-11-08,"HRV","Croatia",251,0.05029,0.021977,0.043825,0.012921,0.05029,0.021977,0.043825,0.012921,0.621778,0.048766,0.613546,0.030735,0.356643,0.048169,0.410359,0.031048,0.350103,0.047967,0.314741,0.029313,0.0339064776953996,0.0337376941758183,0.0385246534600835,0.0402013841933121,0.642026815742811,0.634863859575289,0.357607844917853,0.379628762650423,0.361745831408461,0.342232314694867,4076246
2020-11-09,"HRV","Croatia",264,0.015015,0.009967,0.007576,0.005337,0.015015,0.009967,0.007576,0.005337,0.509927,0.040971,0.575758,0.030418,0.456322,0.040823,0.42803,0.030452,0.345456,0.038973,0.329545,0.028929,0.0299113806039684,0.0248914283849575,0.0333891814899558,0.0285267948375383,0.572367777789765,0.594129339178453,0.37566923532017,0.390023620955008,0.358128082149683,0.319167130692696,4076246
2020-11-10,"HRV","Croatia",250,0.056249,0.020748,0.032,0.011131,0.059805,0.021353,0.036,0.011782,0.659924,0.04266,0.632,0.030501,0.314082,0.041797,0.32,0.029503,0.38872,0.043896,0.376,0.030635,0.0376246836378227,0.0268732035503458,0.0411460608571097,0.0311216447405971,0.621774067261702,0.608837424136172,0.363273862064144,0.373637551652068,0.367604646792015,0.341023907279617,4076246
2020-11-11,"HRV","Croatia",212,0.02436,0.015308,0.028302,0.01139,0.033073,0.017757,0.033019,0.012272,0.595785,0.048728,0.627358,0.033207,0.311553,0.045986,0.382075,0.033371,0.327094,0.046584,0.358491,0.032936,0.0352075510053202,0.0275451685869449,0.0402506478025532,0.032195381523286,0.614724028176294,0.616094627797442,0.352724660818983,0.373778593394893,0.358076628567437,0.347260029272785,4076246
2020-11-12,"HRV","Croatia",222,0.031659,0.015972,0.031532,0.011728,0.034027,0.016539,0.036036,0.012509,0.581131,0.045008,0.599099,0.032892,0.437012,0.045249,0.427928,0.033207,0.357958,0.043733,0.346847,0.031945,0.0351502943667868,0.0292427311436641,0.0397102354501315,0.0341251636454377,0.595445652910966,0.603949152436242,0.366805481361663,0.384195730055303,0.358540253589316,0.345411453850886,4076246
2020-11-13,"HRV","Croatia",184,0.030152,0.018572,0.027174,0.011986,0.033874,0.019647,0.032609,0.013094,0.549641,0.054033,0.619565,0.035791,0.34545,0.051642,0.369565,0.035584,0.382294,0.052775,0.391304,0.035979,0.0345759289795866,0.0290170427772855,0.0390319420252134,0.0341232724648253,0.565707841313775,0.6101473075119,0.362339260887127,0.38049576906334,0.365215297550826,0.376861851019114,4076246
2020-11-14,"HRV","Croatia",190,0.024082,0.016914,0.031579,0.012687,0.021929,0.016158,0.026316,0.011613,0.63259,0.053191,0.705263,0.033076,0.30734,0.050907,0.3,0.033245,0.290767,0.050104,0.347368,0.034542,0.0323756338895954,0.0302895712461967,0.0349204649849468,0.0314843492827616,0.594499267993841,0.670602582244841,0.35150031741101,0.363243333814271,0.347496234629269,0.364706770413301,4076246
2020-11-15,"HRV","Croatia",218,0.018227,0.013346,0.013761,0.00789,0.018227,0.013346,0.013761,0.00789,0.577642,0.049279,0.605505,0.033102,0.373322,0.048256,0.389908,0.033033,0.400938,0.048895,0.408257,0.033289,0.0289697719086317,0.0258438952003951,0.0301848273412301,0.0248027507378815,0.58499865393404,0.641825746818599,0.353985204972321,0.36644718206883,0.359852243430064,0.398884572397515,4076246
2020-11-16,"HRV","Croatia",193,0.016331,0.01366,0.025907,0.011435,0.024618,0.016701,0.025907,0.011435,0.707916,0.049008,0.704663,0.032838,0.419093,0.053177,0.455959,0.035851,0.419611,0.053187,0.367876,0.034711,0.0256738042847408,0.0257903785976164,0.028184380311727,0.0244298459959225,0.661569674638504,0.686991418460054,0.364931840379729,0.383255162443736,0.37617659848425,0.387617060420894,4076246
2020-11-17,"HRV","Croatia",206,0.05547,0.024383,0.038835,0.013461,0.044381,0.021938,0.029126,0.011716,0.619302,0.051724,0.665049,0.032884,0.315596,0.049507,0.354369,0.033326,0.30577,0.049079,0.339806,0.033,0.032759993972852,0.0292083495247143,0.0321919011493398,0.0252038304803584,0.647665769946116,0.684803086784676,0.355616617078715,0.377128765734608,0.359986518292482,0.36051414112712,4076246
2020-11-18,"HRV","Croatia",286,0.02982,0.015039,0.031469,0.010323,0.017042,0.011444,0.027972,0.00975,0.65508,0.04203,0.632867,0.028503,0.37475,0.0428,0.405594,0.029034,0.242713,0.037908,0.321678,0.027621,0.0322863679821665,0.0301269536160187,0.0281172243272647,0.0254663954328828,0.659681393594487,0.660482160238355,0.358251546961044,0.382687037481699,0.32806693673525,0.332304577922907,4076246
2020-11-19,"HRV","Croatia",312,0.051383,0.018168,0.044872,0.01172,0.049458,0.017843,0.048077,0.012111,0.566615,0.040779,0.615385,0.027543,0.376218,0.039865,0.391026,0.027626,0.334233,0.038819,0.358974,0.027158,0.037530293424806,0.0357104452644918,0.0331004243702178,0.0391884838910829,0.615392794830118,0.634022268571538,0.361035588922201,0.384644389813968,0.32770234344836,0.340197233074003,4076246
2020-11-20,"HRV","Croatia",336,0.056546,0.019007,0.044643,0.011267,0.058767,0.019354,0.047619,0.011618,0.728793,0.036586,0.705357,0.02487,0.423279,0.040659,0.455357,0.027168,0.353573,0.039342,0.345238,0.025938,0.0451108534442028,0.0404388697612868,0.0491805175082405,0.0469308866941228,0.674417218656654,0.671143597517308,0.37282852256552,0.401249773481811,0.33241749206905,0.338494564759682,4076246
2020-11-21,"HRV","Croatia",395,0.035192,0.013403,0.037975,0.009617,0.03643,0.013628,0.043038,0.010211,0.608934,0.035496,0.650633,0.023989,0.376991,0.035252,0.410127,0.024748,0.342945,0.034529,0.379747,0.024419,0.042882619078988,0.0408283908137837,0.0397205821220228,0.0436802731702965,0.646509930198541,0.661265952596124,0.374489523754754,0.405287758319863,0.333073747663255,0.362352988835064,4076246
2020-11-22,"HRV","Croatia",418,0.025599,0.012569,0.045455,0.010188,0.025074,0.012443,0.045455,0.010188,0.683735,0.037007,0.703349,0.022342,0.362036,0.038246,0.392344,0.023882,0.329026,0.037393,0.356459,0.023426,0.0391529383646498,0.0441102361887496,0.0365816404720902,0.0460559827747153,0.666184389525773,0.68586373565848,0.372900309776269,0.404203139170722,0.330302727918479,0.361504746438142,4076246
2020-11-23,"HRV","Croatia",341,0.058089,0.017579,0.049853,0.011786,0.058008,0.017568,0.049853,0.011786,0.647208,0.035912,0.671554,0.025433,0.308586,0.034715,0.404692,0.02658,0.300101,0.034443,0.375367,0.026222,0.0451297676081914,0.0481900585561535,0.0429382502330167,0.0502974851812439,0.662078807442032,0.681736234555539,0.361412993447254,0.406128329835112,0.321011215660451,0.373329708516262,4076246
2020-11-24,"HRV","Croatia",418,0.026527,0.011375,0.035885,0.009098,0.026527,0.011375,0.035885,0.009098,0.60075,0.034667,0.607656,0.023882,0.315789,0.032904,0.370813,0.023625,0.345616,0.033664,0.322967,0.022872,0.0411115336128647,0.0455586850348461,0.0391055826063527,0.0452471012231421,0.635882768971472,0.642701955231692,0.35275527588524,0.400165391658573,0.324260571273021,0.345463053148939,4076246
2020-11-25,"HRV","Croatia",419,0.04705,0.015454,0.040573,0.009639,0.042758,0.014765,0.042959,0.009906,0.59494,0.035827,0.610979,0.023817,0.293614,0.033237,0.310263,0.0226,0.346556,0.03473,0.369928,0.023586,0.043249491428113,0.0446479588027844,0.0404373578024926,0.0434430792579295,0.613435235733435,0.619464935509129,0.340667939513991,0.382861979351012,0.32745373836686,0.358404104467696,4076246
2020-11-26,"HRV","Croatia",436,0.019964,0.009461,0.020642,0.006809,0.024787,0.010516,0.025229,0.00751,0.627549,0.0327,0.669725,0.022524,0.32188,0.0316,0.341743,0.022715,0.390869,0.033003,0.43578,0.023747,0.0382735095245215,0.029103976941225,0.037192119433526,0.0311513984057574,0.618927142924443,0.63963755748804,0.334966205103746,0.37316572107045,0.3423139073196,0.411939536257906,4076246
2020-11-27,"HRV","Croatia",448,0.050233,0.013853,0.058036,0.011047,0.052934,0.0142,0.060268,0.011244,0.58498,0.031249,0.620536,0.022926,0.258559,0.027768,0.330357,0.022222,0.389828,0.030931,0.386161,0.023002,0.0412685060897328,0.0445741453731329,0.0410057258279236,0.0474541925131372,0.602879534486117,0.62742565616618,0.31692796771182,0.360215009590715,0.395123869113584,0.405670796239417,4076246
2020-11-28,"HRV","Croatia",522,0.022049,0.011136,0.02682,0.007071,0.031289,0.013203,0.032567,0.007769,0.680429,0.035363,0.64751,0.02091,0.359213,0.036384,0.354406,0.020936,0.372059,0.036656,0.367816,0.021106,0.0370762956178781,0.0384571811416652,0.0391429623660335,0.0431203859009392,0.629125376001854,0.633288059825565,0.322197659002072,0.355311376592995,0.389502395427159,0.387684586490135,4076246
2020-11-29,"HRV","Croatia",483,0.035262,0.011242,0.039337,0.008845,0.037604,0.011595,0.043478,0.009279,0.62618,0.029488,0.612836,0.022164,0.324896,0.028545,0.358178,0.021816,0.356222,0.029188,0.360248,0.021844,0.0364961110436863,0.0385091953297615,0.0389995612327491,0.0437256736361113,0.626610394565786,0.62140259123141,0.319933055830583,0.35280807747358,0.373400608641948,0.370360387381549,4076246
2020-11-30,"HRV","Croatia",495,0.031987,0.013056,0.034343,0.008185,0.037721,0.014137,0.038384,0.008635,0.576281,0.036665,0.60404,0.021981,0.291835,0.033731,0.349495,0.021431,0.359657,0.035608,0.365657,0.021647,0.0351819276074914,0.0366391008109709,0.0388620811568124,0.0420659020920309,0.607300522146758,0.610027691344419,0.311757856143513,0.348877398983168,0.370885567267765,0.362376058350844,4076246
2020-12-01,"HRV","Croatia",509,0.026938,0.009767,0.023576,0.006725,0.024156,0.009262,0.019646,0.006151,0.611229,0.029408,0.666012,0.020905,0.298176,0.027597,0.32613,0.020779,0.387446,0.02939,0.418468,0.021865,0.0327938981176394,0.031710983202375,0.0357775166176566,0.0342135033689492,0.604690809788424,0.629075492974035,0.306140898152336,0.339886554420681,0.377665189185915,0.39251947469131,4076246
2020-12-02,"HRV","Croatia",447,0.04891,0.012336,0.042506,0.009542,0.06179,0.013771,0.053691,0.010661,0.577855,0.028248,0.610738,0.023062,0.260442,0.025101,0.284116,0.021331,0.27497,0.025537,0.319911,0.022062,0.0361879754788823,0.0338372458340376,0.0413855110154989,0.039516288066764,0.592047609150572,0.618866201933091,0.294217330794282,0.320985314046607,0.350657169042928,0.34774431501425,4076246
2020-12-03,"HRV","Croatia",541,0.038222,0.0112,0.03512,0.007914,0.039426,0.011368,0.036969,0.008112,0.6537,0.027792,0.691312,0.019861,0.322185,0.027297,0.332717,0.020258,0.41303,0.028761,0.445471,0.021368,0.0365398933664751,0.0333629657172202,0.0412736071417565,0.0380523499244059,0.607147411932116,0.651162915088507,0.295984021595418,0.320591208853146,0.366213905416381,0.401702742086552,4076246
2020-12-04,"HRV","Croatia",596,0.038597,0.00975,0.040268,0.008053,0.041107,0.010049,0.045302,0.008519,0.6468,0.024193,0.65604,0.019458,0.252514,0.02199,0.308725,0.018923,0.370611,0.024446,0.397651,0.020047,0.0369484165060469,0.0346884925292091,0.0415490472070821,0.0396554684803142,0.619285068217406,0.653905007690552,0.28479885131507,0.314076794888714,0.369150870798262,0.404101551981399,4076246
2020-12-05,"HRV","Croatia",608,0.022569,0.008658,0.03125,0.007056,0.023849,0.008894,0.034539,0.007406,0.622943,0.028251,0.628289,0.019599,0.349723,0.027798,0.370066,0.019581,0.341346,0.02764,0.348684,0.019327,0.0337703591774876,0.0332187562217456,0.0378697941523382,0.0375866022314656,0.621299330803248,0.644624497196978,0.292765730440071,0.323039384866446,0.36412750323205,0.373762511158195,4076246
2020-12-06,"HRV","Croatia",581,0.024873,0.008304,0.032702,0.007379,0.027368,0.008699,0.037866,0.007919,0.569393,0.026401,0.616179,0.020176,0.361822,0.025621,0.366609,0.019992,0.325542,0.024984,0.340792,0.019664,0.0315959472974109,0.0324922151060843,0.0354539728759543,0.0370572779936604,0.603536971414214,0.635199515429178,0.301887336459124,0.328943054990811,0.355662519835035,0.350658006883955,4076246
2020-12-07,"HRV","Croatia",494,0.037259,0.010686,0.040486,0.008868,0.038548,0.010862,0.04251,0.009077,0.645883,0.026984,0.668016,0.021188,0.32115,0.026345,0.323887,0.021054,0.312653,0.026156,0.342105,0.021345,0.0323495705178152,0.0342218180944394,0.0358780370114515,0.038257515391345,0.617992042156208,0.649319426621941,0.303482239495913,0.325521238165099,0.317903651138489,0.33794948352667,4076246
2020-12-08,"HRV","Croatia",514,0.035074,0.010516,0.040856,0.008731,0.034376,0.010415,0.040856,0.008731,0.631998,0.027568,0.671206,0.020721,0.261232,0.025113,0.27821,0.019766,0.353382,0.027326,0.400778,0.021615,0.0325537267613845,0.0364235813669425,0.0353630723013024,0.0388663302848225,0.624826947643846,0.66209790953456,0.294469790128245,0.313821181094994,0.332656450638462,0.369129844462895,4076246
2020-12-09,"HRV","Croatia",589,0.029792,0.008693,0.039049,0.007982,0.028536,0.008513,0.040747,0.008146,0.664011,0.024151,0.675722,0.019288,0.304947,0.02354,0.310696,0.019068,0.339935,0.02422,0.337861,0.019489,0.0316848928748029,0.0376547584500624,0.0337019467277183,0.039356672913525,0.643385212668796,0.672549717517302,0.29423597156149,0.310108671973133,0.336780776395595,0.351079381142888,4076246
2020-12-10,"HRV","Croatia",564,0.023878,0.009019,0.030142,0.007199,0.024406,0.009115,0.035461,0.007787,0.595456,0.028993,0.613475,0.020504,0.300292,0.027078,0.317376,0.019599,0.349785,0.028172,0.379433,0.020433,0.0298085117250249,0.0354505850566913,0.0313910872893591,0.0381738722289228,0.628391580611413,0.643486567410207,0.293497951260001,0.308465429872592,0.346721710528193,0.367196108179296,4076246
2020-12-11,"HRV","Croatia",531,0.044555,0.01328,0.033898,0.007853,0.044656,0.013294,0.033898,0.007853,0.629168,0.03109,0.634652,0.020897,0.307622,0.029705,0.34275,0.020597,0.333677,0.03035,0.34275,0.020597,0.0322089761032291,0.0351113898415457,0.0337001922814468,0.0368092937197658,0.630325870304973,0.634158686394717,0.294449150692925,0.312507495228268,0.343422756319817,0.355347714447729,4076246
2020-12-12,"HRV","Croatia",564,0.040639,0.010724,0.044326,0.008667,0.043005,0.011018,0.046099,0.00883,0.632075,0.02619,0.652482,0.020051,0.314189,0.02521,0.347518,0.020051,0.306904,0.025048,0.352837,0.020121,0.0338327095741076,0.038399604159768,0.0352299169342308,0.0393447425647849,0.632452534534536,0.638956560444407,0.296906847531763,0.31860836639595,0.325648601429468,0.354895778684206,4076246
